"(<Abstr_type.Q_STAR: 1>, 0.0, <Corr_type.UNI_RAND: 1>, 0.0, 0)",1165.3,2011.5,2834.0,3508.4,3951.1,4553.9,5761.099999999999,6971.4,7835.0,8404.6,8907.9,9548.9,9908.699999999999,10137.3,10486.9,10717.0,11005.2,11178.1,11366.2,11519.0,11847.1,12039.2,12107.800000000001,12238.300000000001,12296.000000000002,13016.700000000003,13078.000000000002,13142.700000000003,13181.000000000002,13225.100000000002,13284.700000000003,13334.100000000002,13404.700000000003,13448.200000000003,13501.100000000002,13527.300000000003,13556.700000000003,13590.400000000003,13620.400000000003,13672.400000000003,13714.200000000003,13744.300000000003,13787.800000000003,13829.800000000003,13858.100000000002,13904.600000000002,13941.200000000003,13993.500000000002,14032.900000000001,14057.2,14151.0,14197.9,14246.3,14359.0,14532.3,14571.5,14645.7,14693.7,14724.7,14755.400000000001,14785.100000000002,14817.300000000003,14863.500000000004,14892.000000000004,14930.200000000004,14973.400000000005,15008.500000000005,15036.800000000005,15067.900000000005,15093.000000000005,15129.500000000005,15203.200000000006,15232.500000000005,15262.800000000005,15292.400000000005,15340.500000000005,15389.900000000005,15422.700000000004,15467.100000000004,15533.200000000004,15570.100000000004,15593.900000000003,15620.200000000003,15649.700000000003,15696.900000000003,15750.500000000004,15790.800000000003,15822.000000000004,15869.700000000004,15941.900000000005,15973.100000000006,15997.200000000006,16057.200000000006,16089.400000000007,16135.100000000008,16162.300000000008,16225.900000000009,16251.400000000009,16276.10000000001,16306.80000000001
"(<Abstr_type.Q_STAR: 1>, 0.0, <Corr_type.UNI_RAND: 1>, 0.0, 1)",1002.3,1790.5,2617.2,3545.7,4131.9,4711.599999999999,5345.9,5826.9,6555.5,6912.2,7377.3,8056.5,8318.8,8744.0,9133.1,9675.6,9993.1,10272.4,10533.3,10933.8,11075.199999999999,11201.599999999999,11323.399999999998,11375.799999999997,11423.299999999997,11501.899999999998,11543.599999999999,11574.8,11607.3,11644.099999999999,11666.699999999999,11690.8,11714.8,11743.199999999999,11771.199999999999,11793.699999999999,11840.599999999999,11876.199999999999,11900.4,11923.4,11947.9,11973.6,11998.300000000001,12022.2,12053.2,12077.0,12101.1,12125.0,12147.6,12169.4,12197.0,12241.4,12265.199999999999,12289.599999999999,12314.699999999999,12342.4,12366.0,12390.2,12413.7,12436.800000000001,12460.2,12485.0,12507.7,12541.300000000001,12564.1,12591.1,12613.7,12635.6,12682.9,12712.8,12821.099999999999,12845.8,12868.5,12889.8,12920.4,12944.5,12967.1,12993.6,13022.9,13076.0,13101.6,13123.800000000001,13149.300000000001,13180.1,13223.800000000001,13247.300000000001,13295.1,13319.4,13346.9,13375.3,13398.699999999999,13421.3,13448.599999999999,13472.199999999999,13494.8,13523.199999999999,13551.3,13577.3,13616.699999999999,13641.499999999998
"(<Abstr_type.Q_STAR: 1>, 0.0, <Corr_type.UNI_RAND: 1>, 0.0, 2)",1086.0,1886.0,2582.1,3201.7,4337.5,5037.9,5656.5,6147.3,7098.5,7528.7,7944.9,8458.1,8932.4,9280.9,10598.0,10825.7,11077.7,11786.800000000001,12006.900000000001,12161.900000000001,12316.7,12440.6,12514.800000000001,12560.300000000001,12636.1,12691.300000000001,12731.500000000002,12772.900000000001,12801.300000000001,12834.500000000002,12861.400000000001,12891.000000000002,12917.600000000002,12952.200000000003,12977.700000000003,13031.200000000003,13057.400000000003,13093.100000000004,13121.000000000004,13150.300000000003,13175.800000000003,13199.000000000004,13227.400000000003,13252.000000000004,13273.800000000003,13297.000000000004,13319.800000000003,13344.700000000003,13369.400000000003,13395.600000000004,13422.400000000003,13446.600000000004,13469.100000000004,13496.400000000003,13519.000000000004,13544.300000000003,13569.900000000003,13598.300000000003,13622.300000000003,13644.900000000003,13667.800000000003,13697.600000000002,13721.200000000003,13747.800000000003,13771.900000000003,13796.900000000003,13819.700000000003,13844.400000000003,13882.700000000003,13905.500000000002,13936.900000000001,13964.100000000002,13988.300000000003,14012.000000000004,14034.700000000004,14059.900000000005,14083.400000000005,14105.900000000005,14130.100000000006,14154.200000000006,14181.700000000006,14212.300000000007,14235.200000000006,14263.200000000006,14287.300000000007,14313.200000000006,14336.500000000005,14362.300000000005,14385.900000000005,14408.900000000005,14432.000000000005,14454.500000000005,14477.400000000005,14502.800000000005,14538.600000000004,14563.800000000005,14587.500000000005,14617.200000000006,14640.600000000006,14668.500000000005
"(<Abstr_type.Q_STAR: 1>, 0.0, <Corr_type.UNI_RAND: 1>, 0.0, 3)",1218.7,2186.8,3077.7000000000003,3652.4000000000005,4775.800000000001,5660.200000000001,6429.900000000001,7027.000000000001,7542.300000000001,8275.1,8797.6,9295.300000000001,9750.2,10075.7,11372.1,11991.9,12269.9,12557.8,12719.3,12897.699999999999,13100.699999999999,13294.999999999998,13394.199999999999,13516.499999999998,13577.499999999998,13654.599999999999,13725.599999999999,13817.199999999999,13968.599999999999,14038.599999999999,14103.899999999998,14160.799999999997,14220.999999999998,14251.999999999998,14286.499999999998,14321.799999999997,14369.599999999997,14430.499999999996,14459.299999999996,14510.999999999996,14545.999999999996,14579.099999999997,14607.199999999997,14719.699999999997,14770.399999999998,14804.499999999998,14847.399999999998,14881.699999999997,14948.899999999998,14979.499999999998,15025.499999999998,15066.199999999999,15091.199999999999,15126.199999999999,15160.599999999999,15186.399999999998,15213.999999999998,15249.099999999999,15273.599999999999,15314.3,15341.0,15370.8,15418.699999999999,15449.999999999998,15479.899999999998,15510.499999999998,15538.399999999998,15574.799999999997,15600.199999999997,15630.799999999997,15657.799999999997,15682.199999999997,15708.199999999997,15733.699999999997,15764.199999999997,15791.299999999997,15815.099999999997,15857.299999999997,15879.999999999998,15906.399999999998,15930.499999999998,15959.299999999997,15981.799999999997,16008.799999999997,16032.499999999998,16064.999999999998,16095.799999999997,16117.899999999998,16150.399999999998,16181.499999999998,16205.099999999999,16229.699999999999,16261.099999999999,16284.8,16307.699999999999,16337.099999999999,16368.3,16395.8,16428.0,16456.2
"(<Abstr_type.Q_STAR: 1>, 0.0, <Corr_type.UNI_RAND: 1>, 0.0, 4)",744.3,1603.8,2317.0,3143.3,3833.2000000000003,4240.200000000001,4976.6,5467.1,5904.200000000001,6471.1,6973.8,7301.1,7899.5,8243.8,8521.099999999999,8933.099999999999,9164.199999999999,9439.199999999999,9640.999999999998,9883.699999999999,10053.999999999998,10181.899999999998,10285.899999999998,10408.699999999997,10472.299999999997,10549.299999999997,10636.699999999997,10677.999999999996,10737.599999999997,10777.799999999997,10810.599999999997,10855.699999999997,10885.899999999998,10913.999999999998,10940.099999999999,10965.199999999999,10989.4,11012.8,11043.599999999999,11069.699999999999,11094.999999999998,11117.399999999998,11149.099999999999,11172.399999999998,11202.599999999999,11227.499999999998,11258.899999999998,11309.999999999998,11333.399999999998,11357.499999999998,11382.999999999998,11408.099999999999,11432.499999999998,11456.799999999997,11481.699999999997,11506.199999999997,11530.099999999997,11565.399999999996,11589.699999999995,11613.499999999995,11638.599999999995,11662.299999999996,11685.299999999996,11711.699999999995,11737.499999999995,11765.199999999995,11789.899999999996,11815.899999999996,11847.799999999996,11872.499999999996,11904.899999999996,11928.999999999996,11953.599999999997,11976.699999999997,12002.699999999997,12027.799999999997,12053.399999999998,12076.399999999998,12099.099999999999,12124.899999999998,12149.699999999997,12175.599999999997,12198.799999999997,12221.099999999997,12244.799999999997,12272.699999999997,12296.199999999997,12320.399999999998,12344.899999999998,12368.799999999997,12392.199999999997,12416.499999999996,12439.899999999996,12464.499999999996,12488.499999999996,12512.299999999996,12536.699999999995,12561.799999999996,12585.099999999995,12608.699999999995
"(<Abstr_type.Q_STAR: 1>, 0.0, <Corr_type.UNI_RAND: 1>, 0.0, 5)",675.2,1574.3000000000002,2116.1000000000004,2948.4000000000005,3786.5000000000005,4331.700000000001,5421.200000000001,6531.900000000001,6974.500000000001,7555.000000000001,7978.700000000001,8362.800000000001,8714.800000000001,9139.7,9488.900000000001,9767.900000000001,9958.2,10121.800000000001,10442.6,10564.6,11046.800000000001,12176.300000000001,12834.500000000002,13254.700000000003,13739.000000000002,14825.100000000002,15343.500000000002,15867.000000000002,15909.200000000003,15956.600000000002,15994.300000000003,16030.600000000002,16063.100000000002,16094.800000000003,16137.500000000004,16170.200000000004,16194.200000000004,16217.600000000004,16243.200000000004,16268.500000000004,16293.800000000003,16318.100000000002,16342.900000000001,16367.2,16407.0,16449.3,16488.3,16513.399999999998,16550.1,16581.1,16648.6,16682.1,16706.399999999998,16729.1,16753.399999999998,16777.199999999997,16802.699999999997,16829.6,16857.399999999998,16881.399999999998,16910.1,16933.1,16959.3,16984.399999999998,17008.999999999996,17037.299999999996,17062.299999999996,17085.699999999997,17109.299999999996,17133.399999999994,17162.399999999994,17187.399999999994,17211.699999999993,17236.299999999992,17259.799999999992,17283.09999999999,17306.89999999999,17333.19999999999,17357.89999999999,17381.49999999999,17406.099999999988,17430.099999999988,17453.399999999987,17477.899999999987,17503.099999999988,17528.399999999987,17553.499999999985,17577.699999999986,17601.999999999985,17625.499999999985,17647.699999999986,17671.499999999985,17695.999999999985,17719.599999999984,17743.999999999985,17771.799999999985,17797.899999999983,17822.99999999998,17851.699999999983,17876.29999999998
"(<Abstr_type.Q_STAR: 1>, 0.0, <Corr_type.UNI_RAND: 1>, 0.0, 6)",1242.4,2726.3,3809.3,4831.2,5758.4,6475.599999999999,7249.9,7876.2,8764.9,9412.4,9751.199999999999,10272.599999999999,10725.399999999998,11161.199999999997,11392.799999999997,11772.399999999998,12107.999999999998,12414.099999999999,12659.3,12987.199999999999,13124.9,13322.0,14455.2,14719.300000000001,14777.1,15848.0,16538.0,16589.4,16767.300000000003,16821.300000000003,16886.100000000002,16959.7,17005.3,17063.3,17092.5,17120.1,17542.899999999998,17573.1,17605.6,17637.899999999998,17814.499999999996,17839.499999999996,17998.499999999996,18021.299999999996,18050.899999999994,18075.899999999994,18098.999999999993,18124.199999999993,18152.099999999995,18174.999999999996,18197.399999999998,18220.999999999996,18255.199999999997,18279.6,18304.6,18343.3,18370.0,18393.4,18418.4,18443.600000000002,18470.4,18503.100000000002,18530.000000000004,18576.700000000004,18602.000000000004,18629.600000000002,18659.2,18682.2,18712.4,18735.5,18761.7,18790.7,18815.0,18849.1,18873.399999999998,18900.399999999998,18925.499999999996,18950.499999999996,18974.699999999997,18998.699999999997,19022.799999999996,19048.199999999997,19071.999999999996,19104.599999999995,19128.299999999996,19159.699999999997,19183.299999999996,19206.899999999994,19229.099999999995,19255.299999999996,19291.399999999994,19322.999999999993,19349.09999999999,19373.799999999992,19403.39999999999,19455.89999999999,19483.19999999999,19506.19999999999,19529.89999999999,19554.299999999992
"(<Abstr_type.Q_STAR: 1>, 0.0, <Corr_type.UNI_RAND: 1>, 0.0, 7)",844.8,2222.3999999999996,3068.7999999999997,4012.2,4686.0,5326.3,5770.2,6265.9,7043.4,7821.799999999999,8407.3,8864.5,9178.5,9448.3,9748.5,10077.2,10293.7,11025.2,11259.2,11338.5,11487.0,11635.3,12747.0,13060.2,13762.400000000001,14815.800000000001,15059.2,16095.7,16485.8,16535.5,16581.0,17120.1,17169.6,17211.699999999997,17254.499999999996,17283.799999999996,17312.599999999995,17341.599999999995,17380.799999999996,17415.299999999996,17439.599999999995,17484.899999999994,17510.799999999996,17555.099999999995,17584.799999999996,17623.699999999997,17651.399999999998,17678.699999999997,17721.699999999997,17759.299999999996,17816.499999999996,17840.999999999996,17869.299999999996,17895.299999999996,17922.899999999994,17948.199999999993,17979.999999999993,18089.09999999999,18115.299999999992,18139.199999999993,18169.199999999993,18208.499999999993,18234.399999999994,18260.999999999993,18303.199999999993,18332.999999999993,18359.299999999992,18382.499999999993,18406.799999999992,18429.299999999992,18453.39999999999,18476.299999999992,18504.699999999993,18527.899999999994,18554.199999999993,18585.399999999994,18609.499999999993,18702.199999999993,18729.299999999992,18751.799999999992,18774.09999999999,18798.39999999999,18821.39999999999,18917.99999999999,18945.19999999999,18969.09999999999,18993.499999999993,19056.699999999993,19079.399999999994,19107.599999999995,19131.399999999994,19154.399999999994,19178.099999999995,19211.599999999995,19233.999999999996,19258.699999999997,19376.999999999996,19400.499999999996,19426.799999999996,19450.999999999996
"(<Abstr_type.Q_STAR: 1>, 0.0, <Corr_type.UNI_RAND: 1>, 0.0, 8)",1172.1,2439.8,3537.9,4585.7,5455.7,6204.599999999999,6872.2,7285.8,7969.3,8455.3,9019.8,9751.9,10386.8,10727.9,11228.8,11572.5,12044.5,12694.2,13284.5,13619.5,14872.0,14973.7,15042.6,15114.4,15174.6,15217.6,15256.2,15290.0,15321.1,15356.6,15453.2,15479.5,15517.3,15545.199999999999,15577.8,15604.4,15628.4,15664.6,15696.1,15723.7,15752.300000000001,15779.2,15804.400000000001,15848.000000000002,15956.400000000001,15993.2,16024.900000000001,16055.500000000002,16086.500000000002,16120.700000000003,16181.800000000003,16228.300000000003,16255.300000000003,16282.100000000002,16307.300000000003,16336.100000000002,16369.800000000003,16403.000000000004,16437.000000000004,16467.300000000003,16492.200000000004,16516.100000000006,16539.800000000007,16566.700000000008,16594.700000000008,16632.200000000008,16666.800000000007,16691.600000000006,16719.100000000006,16750.700000000004,16776.200000000004,16804.600000000006,16828.400000000005,16859.300000000007,16884.300000000007,16911.900000000005,16935.000000000004,16959.400000000005,16984.000000000004,17012.000000000004,17037.100000000002,17072.100000000002,17096.000000000004,17122.500000000004,17145.900000000005,17170.000000000004,17195.500000000004,17220.400000000005,17246.100000000006,17273.400000000005,17299.600000000006,17333.800000000007,17359.800000000007,17384.300000000007,17409.300000000007,17436.200000000008,17465.300000000007,17492.000000000007,17515.300000000007,17539.600000000006
"(<Abstr_type.Q_STAR: 1>, 0.0, <Corr_type.UNI_RAND: 1>, 0.0, 9)",1197.9,2419.6000000000004,3584.3,4190.5,5374.6,6347.8,7079.5,7654.3,8228.1,9232.1,9663.9,9935.0,10338.8,10628.5,11960.6,12774.1,13006.9,13226.4,13368.3,13479.3,13612.5,13678.3,13796.4,13859.0,13979.7,14219.6,14253.4,14286.9,14328.8,14355.8,14378.9,14405.3,14431.599999999999,14460.899999999998,14490.799999999997,14515.099999999997,14539.399999999996,14576.699999999995,14601.299999999996,14751.699999999995,14775.599999999995,14878.899999999994,14901.499999999995,14926.599999999995,14953.599999999995,14985.099999999995,15011.699999999995,15035.199999999995,15059.299999999996,15083.399999999996,15116.599999999997,15139.499999999996,15166.899999999996,15190.899999999996,15214.699999999995,15236.799999999996,15259.699999999995,15281.999999999995,15305.999999999995,15337.099999999995,15359.499999999995,15394.199999999995,15417.399999999996,15442.799999999996,15466.599999999995,15490.699999999995,15512.399999999996,15542.299999999996,15571.199999999995,15593.299999999996,15615.299999999996,15638.199999999995,15662.499999999995,15684.899999999994,15706.399999999994,15729.299999999994,15770.399999999994,15794.399999999994,15816.399999999994,15841.699999999993,15866.399999999994,15890.799999999994,15917.099999999993,15939.799999999994,15964.799999999994,15988.299999999994,16010.699999999993,16036.499999999993,16092.999999999993,16117.499999999993,16140.999999999993,16165.499999999993,16190.099999999993,16213.199999999993,16235.799999999994,16258.799999999994,16286.599999999993,16307.899999999992,16333.599999999993,16356.899999999992
"(<Abstr_type.Q_STAR: 1>, 0.0, <Corr_type.UNI_RAND: 1>, 0.01, 0)",910.0,2008.7,2657.0,3860.9,4596.6,4923.8,7626.1,11016.400000000001,16672.7,22127.7,29442.9,38485.2,46337.6,56028.0,64667.2,72944.09999999999,82944.09999999999,92944.09999999999,102227.4,110922.2,120462.2,130462.2,139791.3,149068.0,159068.0,168129.3,178129.3,186862.9,195436.4,204010.1,213512.2,222785.80000000002,230138.90000000002,238866.80000000002,248866.80000000002,257504.40000000002,266245.5,276245.5,285528.0,295528.0,304659.7,314659.7,324074.7,333256.10000000003,343256.10000000003,352856.80000000005,362856.80000000005,372356.60000000003,380781.2,389127.10000000003,398478.10000000003,407301.50000000006,416960.4000000001,425748.9000000001,434829.8000000001,444422.6000000001,452774.4000000001,462243.1000000001,472243.1000000001,480773.9000000001,490240.20000000007,499145.1000000001,508165.8000000001,516561.5000000001,525603.8000000002,534615.3000000002,542935.4000000001,551648.9000000001,558828.2000000002,567870.3000000002,576305.9000000001,584012.1000000001,592786.3,602047.0,611050.0,620053.6,628253.2,636690.6,645324.7999999999,654329.8999999999,661589.8999999999,670591.8999999999,679626.3999999999,687838.2999999999,696840.9999999999,704420.6999999998,712378.3999999998,718988.8999999998,727025.3999999998,735641.0999999997,744462.9999999998,753464.9999999998,762303.8999999998,770427.9999999998,779429.9999999998,788234.9999999998,796610.0999999997,805612.3999999998,813787.2999999998,822255.0999999999
"(<Abstr_type.Q_STAR: 1>, 0.0, <Corr_type.UNI_RAND: 1>, 0.01, 1)",1551.4,2612.0,3368.2,4042.7999999999997,4637.0,5635.5,6348.7,6719.9,7696.099999999999,8321.3,8810.4,9088.5,10357.9,11553.4,12418.199999999999,12961.8,13362.8,13556.5,13988.1,14827.0,16033.8,17207.5,18297.8,19357.3,20625.899999999998,20941.199999999997,21983.899999999998,23034.3,24102.6,25011.699999999997,26042.399999999998,27091.8,28115.2,28787.9,28822.300000000003,28855.300000000003,28905.000000000004,28950.100000000002,28979.800000000003,29003.800000000003,29028.500000000004,29061.900000000005,29096.300000000007,29125.500000000007,29152.000000000007,29179.700000000008,29213.300000000007,29242.800000000007,29275.300000000007,29314.200000000008,29339.10000000001,29361.60000000001,29398.90000000001,29445.700000000008,29491.800000000007,29523.200000000008,29549.200000000008,29574.000000000007,29600.800000000007,29627.500000000007,29652.90000000001,29681.30000000001,29726.60000000001,29752.90000000001,29780.700000000008,29806.500000000007,29837.700000000008,29873.40000000001,29905.40000000001,29939.80000000001,29968.20000000001,29993.400000000012,30017.300000000014,30041.300000000014,30065.300000000014,30089.800000000014,30113.400000000012,30137.00000000001,30160.70000000001,30183.50000000001,30219.60000000001,30245.90000000001,30269.40000000001,30293.10000000001,30315.700000000008,30338.60000000001,30385.700000000008,30410.300000000007,30436.800000000007,30462.700000000008,30486.700000000008,30512.300000000007,30535.900000000005,30563.600000000006,30591.400000000005,30613.400000000005,30643.000000000004,30674.700000000004,30732.400000000005,30757.100000000006
"(<Abstr_type.Q_STAR: 1>, 0.0, <Corr_type.UNI_RAND: 1>, 0.01, 2)",1653.3,2406.4,3360.2,3861.6,4893.8,5549.0,6024.3,7632.3,12231.2,16951.0,23439.8,31486.9,39021.3,46871.600000000006,54687.00000000001,64322.20000000001,74063.00000000001,84063.00000000001,93910.00000000001,103384.40000000001,113279.40000000001,123279.40000000001,132197.40000000002,142197.40000000002,151223.90000000002,160559.60000000003,170559.60000000003,180074.70000000004,189235.60000000003,199125.90000000002,209125.90000000002,218051.40000000002,228022.10000000003,238022.10000000003,247879.10000000003,257623.00000000003,266142.0,275214.1,284765.3,294765.3,303064.39999999997,312506.19999999995,322013.49999999994,330605.39999999997,340332.39999999997,350332.39999999997,359368.49999999994,369368.49999999994,379368.49999999994,389368.49999999994,399317.0999999999,408361.1999999999,418361.1999999999,427907.9999999999,437790.2999999999,447001.09999999986,456296.2999999999,465999.09999999986,475080.09999999986,485080.09999999986,494272.39999999985,504272.39999999985,513551.69999999984,523551.69999999984,533551.6999999998,543551.6999999998,553551.6999999998,561703.7999999998,571703.7999999998,580865.8999999998,590076.3999999998,599846.5999999997,609846.5999999997,618837.3999999998,628837.3999999998,638837.3999999998,648837.3999999998,658837.3999999998,667989.4999999998,677989.4999999998,687076.6999999997,697076.6999999997,706778.2999999997,716461.6999999997,725891.1999999997,735891.1999999997,745891.1999999997,754073.7999999997,762910.3999999997,770755.7999999997,780230.2999999997,789434.1999999997,798955.8999999997,807923.8999999997,815980.2999999997,824594.3999999997,833169.0999999996,841633.1999999996,851112.0999999996,861112.0999999996
"(<Abstr_type.Q_STAR: 1>, 0.0, <Corr_type.UNI_RAND: 1>, 0.01, 3)",931.9,2481.8,3974.2000000000003,4510.5,5310.8,6273.900000000001,6930.900000000001,7725.3,8465.5,8947.2,9610.400000000001,10061.300000000001,10526.2,10748.6,11236.9,11492.199999999999,11891.199999999999,12150.999999999998,12470.199999999999,12574.3,13729.8,14366.3,14520.599999999999,14577.899999999998,14655.299999999997,14722.399999999998,14792.199999999997,14890.499999999996,14976.299999999996,15046.099999999995,15089.999999999995,15129.999999999995,15178.799999999994,15288.599999999993,15322.399999999992,15359.799999999992,15397.899999999992,15431.999999999993,15475.499999999993,15509.599999999993,15535.099999999993,15571.299999999994,15614.499999999995,15651.999999999995,15704.999999999995,15756.199999999995,15791.799999999996,15822.299999999996,15855.599999999995,15886.899999999994,15922.099999999995,15947.799999999996,15975.599999999995,16005.899999999994,16040.499999999995,16073.599999999995,16148.599999999995,16185.599999999995,16214.499999999995,16247.099999999995,16285.699999999995,16339.199999999995,16382.599999999995,16414.999999999996,16454.799999999996,16483.599999999995,16512.799999999996,16557.499999999996,16601.499999999996,16637.299999999996,16666.799999999996,16702.699999999997,16735.6,16763.899999999998,16814.999999999996,16863.399999999998,16890.499999999996,16926.499999999996,16959.499999999996,16994.599999999995,17023.199999999993,17051.099999999995,17080.299999999996,17113.299999999996,17146.499999999996,17175.699999999997,17208.499999999996,17233.699999999997,17257.799999999996,17282.799999999996,17310.799999999996,17341.099999999995,17364.499999999996,17388.199999999997,17412.999999999996,17439.399999999998,17463.1,17494.6,17517.899999999998,17542.6
"(<Abstr_type.Q_STAR: 1>, 0.0, <Corr_type.UNI_RAND: 1>, 0.01, 4)",936.3,1721.1,2227.2,3284.6,6674.1,12568.6,20628.2,29762.6,39762.6,48744.5,58744.5,68744.5,78506.5,88506.5,96404.0,106404.0,116404.0,125741.0,135741.0,145741.0,155741.0,165741.0,175741.0,185333.9,195333.9,205333.9,214572.8,224572.8,234572.8,244572.8,254572.8,264222.6,274222.6,284222.6,294180.39999999997,304180.39999999997,314180.39999999997,324163.6,333989.19999999995,343989.19999999995,353122.39999999997,362698.8,371773.5,380876.5,389506.7,398991.8,408119.3,417312.5,426459.1,435644.6,444850.3,454763.3,464763.3,474659.0,484659.0,494659.0,504659.0,514659.0,524659.0,534659.0,544659.0,554659.0,564659.0,574659.0,584659.0,594659.0,604659.0,614659.0,624659.0,634659.0,644659.0,654659.0,663862.7,673862.7,683862.7,693862.7,703862.7,713684.6,722778.1,731320.9,740427.2000000001,749511.8,758695.4,767748.1,776761.1,785814.2999999999,794845.7,803434.1,811514.2999999999,820001.7,829029.7999999999,837323.7999999999,846350.4999999999,855401.4999999999,864468.4999999999,873604.4999999999,882766.4999999999,891784.7999999999,901408.4999999999,910412.0999999999
"(<Abstr_type.Q_STAR: 1>, 0.0, <Corr_type.UNI_RAND: 1>, 0.01, 5)",1168.0,2431.8,3395.0,4607.0,5886.9,6394.7,7248.7,7888.0,8489.7,9088.1,9571.6,10007.6,10479.300000000001,10894.1,11208.9,11458.5,11712.0,11946.2,12114.800000000001,12219.7,12347.800000000001,12492.900000000001,12573.800000000001,12641.7,12698.7,12739.900000000001,12798.400000000001,12857.100000000002,12911.400000000001,12948.7,12981.2,13009.2,13038.800000000001,13083.1,13108.4,13136.1,13164.4,13206.3,13232.9,13264.199999999999,13296.4,13324.1,13350.6,13388.9,13415.4,13441.4,13472.9,13499.0,13522.2,13547.400000000001,13576.7,13602.900000000001,13626.2,13651.2,13675.900000000001,13701.2,13778.7,13804.1,13829.5,13858.9,13895.199999999999,13927.3,13955.3,13981.3,14066.3,14091.199999999999,14149.199999999999,14216.999999999998,14245.099999999999,14271.199999999999,14295.3,14321.9,14364.5,14391.9,14427.699999999999,14504.699999999999,14529.699999999999,14559.9,14583.699999999999,14612.9,14638.6,14674.4,14697.5,14722.2,14748.800000000001,14771.900000000001,14795.800000000001,14819.900000000001,14845.500000000002,14879.100000000002,14902.700000000003,14934.900000000003,14966.600000000004,14990.200000000004,15015.200000000004,15040.900000000005,15065.200000000004,15092.200000000004,15117.500000000004,15140.500000000004
"(<Abstr_type.Q_STAR: 1>, 0.0, <Corr_type.UNI_RAND: 1>, 0.01, 6)",1575.8,2138.0,2821.5,3671.2,4372.4,5997.799999999999,7583.799999999999,10527.099999999999,15293.599999999999,21490.3,29069.9,35893.1,43944.5,53448.6,63448.6,72548.0,79424.8,88459.0,94359.5,101681.5,108149.4,114892.59999999999,122013.2,129077.3,136547.1,143761.80000000002,149839.30000000002,154901.1,159233.9,163500.4,167719.6,171330.80000000002,173753.50000000003,176826.30000000002,181124.50000000003,184321.20000000004,186622.50000000003,189760.70000000004,192316.80000000005,193687.60000000003,195252.40000000002,196580.2,197741.6,198857.6,200258.30000000002,201406.50000000003,202648.50000000003,204640.60000000003,206097.60000000003,207681.70000000004,208527.90000000005,209653.80000000005,211702.30000000005,212781.90000000005,214125.10000000006,215579.40000000005,218565.10000000006,219875.70000000007,221397.80000000008,222493.80000000008,223702.10000000006,225947.00000000006,227745.90000000005,229297.60000000006,230366.40000000005,231410.60000000006,233577.50000000006,234881.30000000005,236995.30000000005,239103.60000000003,240273.90000000002,241373.2,244399.6,245744.9,248632.1,249693.30000000002,250733.7,252616.6,253694.4,255357.8,256989.3,258037.3,259109.9,260045.8,260835.8,261397.5,262421.0,263455.4,264487.80000000005,265524.10000000003,266010.00000000006,267029.70000000007,267554.4000000001,268576.50000000006,269616.60000000003,270322.60000000003,271343.4,272363.30000000005,273385.30000000005,274268.4
"(<Abstr_type.Q_STAR: 1>, 0.0, <Corr_type.UNI_RAND: 1>, 0.01, 7)",1058.4,2077.5,3009.5,3750.8,4610.5,5651.9,6839.9,8827.699999999999,11469.5,13984.1,17525.7,21960.2,26378.5,30846.7,36906.4,42316.8,47268.3,52232.8,55914.5,60037.5,62710.9,66776.7,69469.4,71894.09999999999,73279.4,74743.9,75982.4,78616.2,81639.5,84414.7,85781.09999999999,87017.2,88179.4,88530.0,89609.4,91706.4,92879.29999999999,95007.29999999999,96037.29999999999,96669.79999999999,96866.4,97902.79999999999,98929.99999999999,100181.99999999999,101224.29999999999,102522.29999999999,104423.59999999999,105444.7,106464.2,107488.0,109507.3,109854.1,110875.0,111904.0,112931.4,113960.29999999999,115985.69999999998,117012.29999999999,118048.9,119073.0,119206.5,119525.2,120997.4,122025.4,123053.9,124074.9,125096.9,125904.29999999999,126930.29999999999,127953.09999999999,128973.9,129993.9,132013.3,134037.4,134581.9,135601.9,136626.19999999998,137647.59999999998,138511.49999999997,139533.99999999997,140741.29999999996,142268.69999999995,144288.19999999995,145312.09999999995,146334.39999999994,147355.39999999994,148312.89999999994,149743.99999999994,151707.99999999994,152727.99999999994,153748.09999999995,154768.59999999995,155793.89999999994,155988.99999999994,157010.39999999994,159028.39999999994,160049.49999999994,161070.89999999994,162092.39999999994,163116.19999999992
"(<Abstr_type.Q_STAR: 1>, 0.0, <Corr_type.UNI_RAND: 1>, 0.01, 8)",900.6,1566.2,2737.4,3689.9,6145.1,8615.0,11152.4,14654.9,18283.0,22612.7,28865.1,34919.9,40991.200000000004,46807.8,52722.200000000004,58660.700000000004,64014.8,71093.7,78692.5,85820.7,92840.8,99977.8,106130.90000000001,113144.00000000001,120246.10000000002,127282.00000000001,134293.30000000002,141302.40000000002,148311.40000000002,154507.30000000002,161516.90000000002,168531.90000000002,175550.50000000003,182566.00000000003,188119.80000000002,194935.50000000003,201948.00000000003,208430.40000000002,215440.7,222260.30000000002,228554.50000000003,235563.30000000002,242535.6,248598.30000000002,254062.30000000002,259320.1,264469.7,270530.0,276770.8,281735.1,287018.69999999995,292304.69999999995,297213.69999999995,301871.19999999995,306107.49999999994,310052.89999999997,314223.8,316979.5,321144.7,325663.3,330853.39999999997,336241.6,341680.6,345882.3,349466.1,353541.6,357166.89999999997,361255.69999999995,365324.6,370395.19999999995,375460.69999999995,380410.19999999995,385190.39999999997,391214.8,397335.3,404202.7,410344.0,416595.2,420995.60000000003,427017.10000000003,433028.9,438110.5,442398.9,447507.5,452060.8,455677.89999999997,460559.19999999995,463954.99999999994,466852.79999999993,470888.0999999999,475295.3999999999,479489.29999999993,482821.0999999999,487604.29999999993,492335.79999999993,497358.99999999994,502401.99999999994,505889.39999999997,510112.19999999995,514728.19999999995
"(<Abstr_type.Q_STAR: 1>, 0.0, <Corr_type.UNI_RAND: 1>, 0.01, 9)",1109.9,2301.7,3122.5,4186.6,4789.200000000001,5449.500000000001,6235.300000000001,6710.9000000000015,7545.700000000002,7962.700000000002,8396.600000000002,8776.600000000002,9064.200000000003,9440.100000000002,9811.700000000003,10018.100000000002,10527.200000000003,10843.100000000002,11118.600000000002,11332.500000000002,11462.900000000001,11598.900000000001,11730.300000000001,11776.500000000002,11815.000000000002,12184.300000000001,12257.7,12317.800000000001,12387.500000000002,12473.500000000002,12521.800000000001,12611.900000000001,12642.500000000002,12678.100000000002,12723.100000000002,12757.500000000002,12787.100000000002,12810.300000000003,12920.600000000002,12988.400000000001,13027.800000000001,13057.7,13082.800000000001,13111.900000000001,13144.7,13170.1,13213.800000000001,13238.300000000001,13261.7,13287.300000000001,13309.800000000001,13351.500000000002,13374.300000000001,13398.400000000001,13422.000000000002,13445.300000000001,13469.500000000002,13492.800000000001,13516.800000000001,13540.400000000001,13573.800000000001,13596.500000000002,13621.500000000002,13644.500000000002,13676.100000000002,13702.100000000002,13725.600000000002,13748.300000000003,13771.800000000003,13794.600000000002,13819.900000000001,13843.800000000001,13880.900000000001,13909.000000000002,13933.700000000003,13958.200000000003,13981.300000000003,14005.600000000002,14028.800000000003,14053.400000000003,14082.300000000003,14106.100000000002,14132.700000000003,14155.000000000002,14180.500000000002,14203.300000000001,14225.000000000002,14247.400000000001,14271.000000000002,14293.500000000002,14316.800000000001,14339.300000000001,14362.500000000002,14385.000000000002,14407.600000000002,14430.300000000003,14452.500000000004,14475.200000000004,14498.500000000004,14524.000000000004
"(<Abstr_type.Q_STAR: 1>, 0.0, <Corr_type.UNI_RAND: 1>, 0.05, 0)",1133.7,2273.3,2988.0,4373.4,5639.2,6657.7,7272.099999999999,8133.599999999999,8651.0,9268.1,9695.5,10432.1,10753.6,11150.5,11522.2,11731.900000000001,11905.7,12229.2,12597.0,13069.5,13237.2,13908.7,14340.7,14540.5,14679.2,14922.2,15308.0,15369.7,15822.7,15946.2,16173.900000000001,16489.2,16539.600000000002,16580.800000000003,16633.300000000003,16664.100000000002,16704.600000000002,16737.500000000004,16772.500000000004,16805.600000000002,16833.2,16859.600000000002,16884.500000000004,16910.200000000004,16938.400000000005,16963.400000000005,16996.700000000004,17023.600000000006,17056.700000000004,17082.600000000006,17107.700000000004,17132.200000000004,17158.900000000005,17187.600000000006,17221.000000000007,17260.300000000007,17284.600000000006,17308.600000000006,17335.200000000004,17361.500000000004,17391.600000000002,17415.000000000004,17440.600000000002,17465.7,17489.8,17513.1,17536.399999999998,17565.1,17594.0,17620.6,17710.699999999997,17738.799999999996,17761.599999999995,17785.799999999996,17808.299999999996,17832.499999999996,17858.099999999995,17881.099999999995,17903.899999999994,17929.299999999996,17951.299999999996,17976.099999999995,17999.799999999996,18028.499999999996,18051.399999999998,18074.399999999998,18097.999999999996,18121.199999999997,18146.399999999998,18173.699999999997,18202.899999999998,18232.899999999998,18255.399999999998,18284.3,18310.1,18332.6,18357.899999999998,18384.699999999997,18407.1,18431.1
"(<Abstr_type.Q_STAR: 1>, 0.0, <Corr_type.UNI_RAND: 1>, 0.05, 1)",1112.2,1820.7,3363.4,3898.3,4839.6,7029.5,7664.1,9255.9,11538.4,16151.0,20852.1,24952.5,31147.4,37949.5,45149.8,53539.200000000004,62364.100000000006,70172.8,78194.7,86194.3,94071.1,102078.1,110087.40000000001,117248.50000000001,125178.60000000002,132721.2,139503.7,146103.30000000002,154553.6,161420.7,168069.1,175702.30000000002,182633.7,190738.2,199433.7,206005.5,215007.7,220793.0,229307.8,237245.59999999998,245698.8,254108.09999999998,263025.5,271181.8,279593.5,288226.9,295104.0,303559.3,311428.6,319445.1,326566.0,334788.2,342992.5,350203.5,358547.7,366889.9,374805.9,382826.10000000003,390235.30000000005,397986.20000000007,404128.00000000006,412550.60000000003,418777.4,426592.5,434014.2,441888.9,449900.0,457978.2,465328.9,473932.80000000005,481778.4,490470.2,498137.10000000003,506757.7,513569.8,522288.6,530140.4,537862.7000000001,545615.2000000001,553798.4,561411.5,569745.9,576720.9,584024.9,591835.5,599479.5,608048.7,615212.7999999999,622792.7999999999,631172.4999999999,637879.1999999998,646869.5999999999,653997.1999999998,662233.4999999999,669315.6999999998,677349.1999999998,683363.2999999998,690519.8999999998,697572.4999999998,704782.5999999997
"(<Abstr_type.Q_STAR: 1>, 0.0, <Corr_type.UNI_RAND: 1>, 0.05, 2)",987.1,5565.5,11290.5,15856.9,23102.4,29640.0,37276.6,44611.4,53694.100000000006,63159.50000000001,72022.6,80152.0,88095.2,97208.09999999999,106426.99999999999,116426.99999999999,126426.99999999999,135679.3,145679.3,155014.09999999998,164393.89999999997,172029.19999999995,180181.79999999996,189294.59999999995,198633.49999999994,208091.49999999994,217672.59999999995,226517.39999999994,235813.89999999994,245000.39999999994,254492.29999999993,263849.29999999993,271476.0999999999,281042.6999999999,290889.5999999999,300086.79999999993,308599.0999999999,316187.79999999993,323629.49999999994,331001.99999999994,338255.39999999997,345802.3,353871.89999999997,360951.39999999997,367788.49999999994,373848.49999999994,379329.0999999999,386615.29999999993,393538.79999999993,400401.5999999999,406785.1999999999,413279.5999999999,420754.3999999999,427464.9999999999,434048.7999999999,440307.39999999985,447827.7999999999,455413.9999999999,463151.09999999986,468967.89999999985,475233.4999999998,481902.4999999998,488955.2999999998,495459.3999999998,502175.3999999998,509924.8999999998,517304.0999999998,526336.7999999998,533275.4999999998,540835.2999999998,549491.8999999998,556518.3999999998,563056.1999999998,569221.7999999998,576242.1999999998,582509.2999999998,590126.3999999998,596904.3999999998,604839.8999999998,612267.6999999998,619542.7999999998,626194.9999999998,632545.3999999998,639855.8999999998,646874.2999999998,654983.3999999998,660857.3999999998,667774.3999999998,673492.1999999998,679228.0999999999,686592.4999999999,694382.2999999999,701884.1,709449.5,716606.3,723774.5,731542.8,737404.2000000001,744098.9,752115.2000000001
"(<Abstr_type.Q_STAR: 1>, 0.0, <Corr_type.UNI_RAND: 1>, 0.05, 3)",938.7,1755.6,3648.7,6765.1,10900.2,14202.2,18775.800000000003,22453.800000000003,26244.9,27883.800000000003,32236.500000000004,36923.200000000004,39499.4,42807.9,45775.4,47710.9,49192.700000000004,50395.00000000001,51027.00000000001,52717.100000000006,55063.8,57090.200000000004,58793.3,62825.0,66380.9,68149.0,69322.5,71499.2,74028.2,75266.8,76521.0,77954.5,79451.9,81101.5,83542.1,85966.70000000001,87325.1,89386.40000000001,90237.40000000001,91378.50000000001,91777.50000000001,92386.60000000002,93568.40000000002,94320.70000000003,94779.60000000002,97593.70000000003,99721.60000000002,100742.80000000002,101541.40000000002,102069.80000000002,103537.80000000002,104946.20000000001,105865.80000000002,107656.70000000001,109107.80000000002,110287.70000000001,111565.90000000001,113180.40000000001,114536.6,117065.70000000001,118244.70000000001,118602.40000000001,120339.6,120842.40000000001,123002.6,124109.5,126255.0,128213.1,129350.0,130430.4,130608.29999999999,130795.09999999999,131876.4,132382.19999999998,133470.19999999998,134588.4,136137.69999999998,137235.3,138373.0,139880.8,140963.4,142109.4,143097.9,144237.19999999998,145318.69999999998,146396.8,147613.4,148933.4,150014.3,150309.3,151397.69999999998,152456.99999999997,153524.79999999996,154577.49999999997,155327.69999999998,156379.9,157110.1,158370.80000000002,159552.1,159975.9
"(<Abstr_type.Q_STAR: 1>, 0.0, <Corr_type.UNI_RAND: 1>, 0.05, 4)",2070.2,2955.8999999999996,4675.799999999999,10104.0,16454.9,25489.600000000002,35204.200000000004,44252.700000000004,53829.5,63829.5,73621.8,83621.8,93621.8,103621.8,112933.90000000001,121255.40000000001,129752.90000000001,138945.90000000002,148269.40000000002,158141.90000000002,167504.60000000003,177049.90000000002,185620.90000000002,194701.80000000002,203769.2,212943.6,221087.0,229307.1,238283.1,246350.9,254403.8,262438.8,270461.8,276403.3,283553.2,290575.0,297616.5,304635.5,312036.1,320043.89999999997,328052.69999999995,336058.39999999997,344071.39999999997,352105.19999999995,360111.1,368118.89999999997,376123.39999999997,384167.89999999997,392173.39999999997,399655.39999999997,407665.99999999994,415673.29999999993,423679.99999999994,431690.5999999999,439700.5999999999,447449.1999999999,455462.1999999999,463469.2999999999,471473.7999999999,479485.89999999985,487500.39999999985,494382.9999999998,501561.2999999998,509506.3999999998,517035.2999999998,524302.2999999998,532318.0999999999,539435.2999999998,547451.3999999998,555459.2999999998,563474.8999999998,571494.3999999998,579505.9999999998,587523.9999999998,595535.3999999998,603541.3999999998,610760.7999999998,618683.9999999998,625782.8999999998,633801.2999999998,641816.5999999999,649834.2999999998,657847.9999999998,665884.6999999997,673896.3999999997,681906.6999999997,689485.8999999997,696927.8999999997,704763.4999999997,712632.6999999996,720483.4999999997,727554.8999999997,735575.7999999997,743602.6999999997,751645.5999999997,759685.0999999997,767713.0999999997,775731.3999999998,783801.9999999998,790339.7999999998
"(<Abstr_type.Q_STAR: 1>, 0.0, <Corr_type.UNI_RAND: 1>, 0.05, 5)",1574.9,3008.7,4203.4,6710.4,14625.7,20999.4,28599.0,38599.0,47365.0,55514.8,62502.600000000006,69685.6,77493.6,83407.20000000001,90529.40000000001,98051.00000000001,106210.10000000002,114062.70000000003,122137.20000000003,128977.10000000002,135898.50000000003,142795.60000000003,150576.90000000002,157985.50000000003,164979.80000000002,171327.30000000002,178243.90000000002,185091.60000000003,192713.50000000003,200676.10000000003,207844.40000000002,215348.40000000002,222396.60000000003,231187.70000000004,238453.30000000005,246673.20000000004,254690.80000000005,262066.10000000003,269357.2,275960.60000000003,282320.50000000006,289336.30000000005,297341.60000000003,304747.7,312661.4,319751.0,326420.2,333219.0,339362.8,346174.3,353302.89999999997,357444.99999999994,362033.0999999999,369481.99999999994,376748.19999999995,384752.29999999993,392574.8999999999,399204.4999999999,406650.6999999999,413914.6999999999,421841.6999999999,429846.4999999999,437042.7999999999,444638.7999999999,451110.09999999986,457742.59999999986,465754.09999999986,472305.39999999985,480106.89999999985,488111.2999999999,495600.1999999999,502643.0999999999,509760.3999999999,517764.5999999999,525769.2,532224.2999999999,539443.9999999999,546499.2999999999,552248.7999999999,557938.8999999999,564877.2,571122.1,577292.4,583437.3,589463.3,595309.8,601728.0,608029.2,614059.0,620468.5,626746.4,633545.1,640246.1,646404.7,652428.8999999999,658377.3999999999,666293.0999999999,672773.9999999999,678964.7999999999,685989.4999999999
"(<Abstr_type.Q_STAR: 1>, 0.0, <Corr_type.UNI_RAND: 1>, 0.05, 6)",1448.0,2831.3,3663.9,6626.1,11669.8,17914.6,23996.6,30332.3,38527.9,46554.6,55577.1,63937.6,73799.2,82360.7,91007.8,98831.5,107863.5,114721.8,123383.6,132409.5,140896.7,149968.90000000002,157506.7,165718.5,174235.4,181582.69999999998,190872.9,199939.3,208229.9,215663.5,223739.1,231684.7,238821.0,247402.7,255494.90000000002,263163.7,271175.3,278246.3,285099.8,294055.39999999997,302409.8,309523.3,317723.0,325824.6,334892.6,343282.8,350803.1,359016.89999999997,367527.19999999995,373694.69999999995,381556.79999999993,389447.69999999995,398034.39999999997,406430.89999999997,413352.1,420545.19999999995,427819.6,433929.69999999995,441909.1,449676.0,457843.5,464696.6,472197.19999999995,480449.49999999994,487692.0999999999,494294.5999999999,503259.49999999994,511426.0999999999,519235.79999999993,527125.6,534482.4,542605.7000000001,550372.9,558502.1,567031.9,574791.6,582124.4,589544.3,598508.3,606670.6000000001,614973.1000000001,623246.6000000001,631089.2000000001,640091.6000000001,647729.0000000001,656731.4000000001,664638.7000000002,673592.8000000002,681333.2000000002,689784.5000000002,697602.6000000002,706578.8000000002,713779.6000000002,721683.0000000002,729100.9000000003,736897.8000000003,744961.6000000003,753313.8000000003,760777.1000000003,769068.0000000003
"(<Abstr_type.Q_STAR: 1>, 0.0, <Corr_type.UNI_RAND: 1>, 0.05, 7)",889.6,2037.6999999999998,2840.2,5626.299999999999,11277.199999999999,18689.699999999997,27087.1,36103.7,45943.399999999994,55629.59999999999,65629.59999999999,74678.4,84176.4,92273.7,101349.9,110815.7,119284.9,128664.2,136856.6,146145.2,155821.7,164972.6,174972.6,184972.6,194577.5,203178.6,211357.30000000002,220423.80000000002,229233.30000000002,238198.7,244811.7,252668.0,259063.2,267310.60000000003,276443.50000000006,285476.00000000006,294494.70000000007,303513.50000000006,311687.60000000003,319854.7,328843.60000000003,337768.50000000006,346092.60000000003,353218.50000000006,361033.4000000001,368481.4000000001,377724.70000000007,385164.6000000001,391889.5000000001,399241.8000000001,408061.7000000001,417226.10000000015,424734.40000000014,433742.0000000001,442941.6000000001,452941.6000000001,462320.1000000001,471781.4000000001,480095.6000000001,488726.6000000001,498726.6000000001,506949.0000000001,515373.1000000001,523459.5000000001,531889.7000000001,540053.9,548207.0,555683.3,564691.9,573422.3,581846.5,588953.2,597273.7999999999,606280.3999999999,614703.7999999999,621599.3999999999,630601.9999999999,639459.6999999998,648484.0999999999,657821.1999999998,666572.0999999999,675576.8999999999,684626.2,693187.1,701308.2999999999,709438.8999999999,717753.0999999999,726765.5999999999,734420.6999999998,741053.0999999999,748227.8999999999,755939.7999999999,763174.7999999999,771629.2,779698.7,787248.2,795108.5,804235.1,813098.5,821559.2
"(<Abstr_type.Q_STAR: 1>, 0.0, <Corr_type.UNI_RAND: 1>, 0.05, 8)",873.0,2271.6,3255.6,3885.7,4719.4,5735.099999999999,6540.2,7513.0,9251.2,10854.800000000001,12268.2,17462.9,26127.7,34893.9,43791.8,52840.3,62039.200000000004,71537.40000000001,80549.00000000001,88454.10000000002,96693.80000000002,105923.30000000002,114760.10000000002,123869.80000000002,132521.7,140539.5,148898.4,157259.0,165380.9,174223.3,184075.4,193700.19999999998,202847.69999999998,211680.9,220119.6,228655.6,236252.1,245001.9,253284.69999999998,261635.59999999998,270044.89999999997,279106.3,287125.6,295227.1,303259.6,310530.89999999997,318698.99999999994,326921.29999999993,334161.5999999999,341312.6999999999,348454.3999999999,355135.8999999999,362341.79999999993,369486.5999999999,376280.0999999999,383385.3999999999,390642.9999999999,397880.3999999999,404394.8999999999,410787.9999999999,418772.7999999999,425160.59999999986,431338.19999999984,437535.59999999986,443669.59999999986,449773.4999999999,455879.3999999999,461644.4999999999,468422.1999999999,474427.2999999999,479861.4999999999,485877.8999999999,492042.9999999999,498176.8999999999,503088.9999999999,508328.2999999999,514553.89999999985,519840.9999999998,525996.0999999999,531307.2999999998,538103.2999999998,543379.4999999998,550485.8999999998,556844.4999999998,563752.0999999997,569863.0999999997,574795.0999999997,580874.4999999998,586516.7999999998,591880.4999999998,597979.2999999998,603637.6999999998,610078.9999999999,616342.0999999999,622454.5999999999,628838.9999999999,635062.9999999999,640715.2999999999,646309.9999999999,653420.0999999999
"(<Abstr_type.Q_STAR: 1>, 0.0, <Corr_type.UNI_RAND: 1>, 0.05, 9)",1269.9,2311.1000000000004,3060.0000000000005,5855.1,8804.3,12733.099999999999,16063.199999999999,21492.5,27314.9,35097.6,44147.1,51007.7,56113.0,61569.4,68530.6,74379.20000000001,79657.40000000001,84931.90000000001,90707.00000000001,96481.70000000001,101547.50000000001,107495.10000000002,113667.40000000002,119899.20000000003,125362.30000000003,130416.20000000003,135581.80000000002,139306.50000000003,143419.90000000002,148452.50000000003,153654.80000000002,158868.90000000002,163410.40000000002,169422.30000000002,174998.40000000002,180143.10000000003,185603.60000000003,191567.50000000003,196203.70000000004,201393.40000000005,205912.80000000005,210947.80000000005,215088.70000000004,219178.90000000005,223445.10000000006,227595.80000000008,232612.60000000006,237639.40000000005,242653.10000000006,247683.70000000007,253705.20000000007,259350.80000000008,263808.1000000001,268031.4000000001,271492.20000000007,276510.9000000001,281534.50000000006,286559.9000000001,291577.00000000006,296084.30000000005,300324.00000000006,305286.20000000007,310314.9000000001,315013.6000000001,319513.9000000001,324538.50000000006,329209.20000000007,334250.4000000001,339266.6000000001,344278.1000000001,349293.20000000007,353509.30000000005,357534.80000000005,362610.20000000007,367148.1000000001,371350.1000000001,376345.8000000001,381153.3000000001,385189.9000000001,389945.6000000001,394978.4000000001,399049.70000000007,403633.30000000005,407441.9,412044.5,417067.5,422091.1,426780.8,431706.39999999997,436017.49999999994,439906.0999999999,444526.99999999994,448310.99999999994,452639.89999999997,456757.3,459557.7,463736.2,466844.60000000003,469810.80000000005,473873.4
"(<Abstr_type.Q_STAR: 1>, 0.0, <Corr_type.UNI_RAND: 1>, 0.1, 0)",722.5,1646.3,2395.7,3985.6,7921.9,12449.8,18729.0,24332.3,30624.199999999997,37874.6,46075.5,52503.4,61049.2,68343.2,75194.09999999999,80876.09999999999,88301.7,96423.59999999999,104717.49999999999,111985.89999999998,119593.49999999999,127726.99999999999,134577.5,140711.4,146908.3,153475.59999999998,159948.69999999998,165568.9,171672.5,176199.7,181594.0,188779.1,194979.1,199851.0,206665.1,214925.2,222237.90000000002,229696.80000000002,236818.1,241858.5,247938.0,255316.8,262556.2,268639.7,274859.7,280509.2,285227.2,291992.2,297827.10000000003,303536.10000000003,308543.10000000003,313388.9,317577.7,321983.3,327536.3,332672.7,337504.8,341423.3,345725.39999999997,351328.19999999995,356664.69999999995,361700.29999999993,365867.0999999999,370052.1999999999,374216.0999999999,377617.1999999999,380742.2999999999,385934.1999999999,391414.8999999999,396593.6999999999,402664.9999999999,409143.7999999999,412353.2999999999,415790.2999999999,419538.2999999999,423807.7999999999,428436.9999999999,433628.6999999999,438663.5999999999,442819.29999999993,448871.19999999995,453823.49999999994,457414.5999999999,461584.8999999999,466465.4999999999,471941.7999999999,477415.09999999986,482688.2999999999,487183.1999999999,491160.1999999999,496266.2999999999,500437.09999999986,504649.09999999986,508686.59999999986,511774.69999999984,516334.39999999985,519949.09999999986,522580.4999999999,526425.1999999998,530668.1999999998
"(<Abstr_type.Q_STAR: 1>, 0.0, <Corr_type.UNI_RAND: 1>, 0.1, 1)",1103.6,2460.8999999999996,3079.7999999999997,3744.7,5590.5,10320.9,14824.5,21453.4,30566.300000000003,38530.100000000006,47118.3,55333.3,62676.200000000004,70473.3,77515.0,86985.0,95156.2,104249.3,114009.2,123296.0,132542.8,141617.8,149964.19999999998,158150.69999999998,165624.8,173972.4,180936.0,189226.8,196738.0,204810.6,210713.5,216364.5,221737.8,227854.69999999998,234238.3,240462.19999999998,246354.69999999998,253189.49999999997,259581.89999999997,266539.1,272888.39999999997,279100.3,285335.2,290959.10000000003,296775.60000000003,303300.10000000003,308395.80000000005,313336.00000000006,320322.30000000005,325291.4,331498.0,337589.7,343282.2,349326.7,355644.2,361693.3,367372.3,373284.5,379328.0,383521.9,386479.0,389394.6,391786.3,397052.89999999997,401428.3,405541.89999999997,409513.49999999994,411947.69999999995,414309.69999999995,417607.6,422561.0,426725.9,430943.5,435449.8,438918.89999999997,442256.99999999994,445153.89999999997,448894.19999999995,450779.29999999993,454035.0999999999,457277.99999999994,461503.49999999994,466129.29999999993,469161.8999999999,472955.5999999999,477103.1999999999,480168.0999999999,483608.0999999999,486350.49999999994,489233.99999999994,493538.19999999995,497853.69999999995,500941.1,503411.5,505957.8,509590.3,513409.39999999997,516641.39999999997,520298.1,524326.4
"(<Abstr_type.Q_STAR: 1>, 0.0, <Corr_type.UNI_RAND: 1>, 0.1, 2)",1356.9,2042.8000000000002,5017.3,8344.8,13764.699999999999,21078.3,29357.6,36934.1,44857.6,53226.399999999994,60072.799999999996,68198.5,75313.9,82290.9,86290.0,91128.6,96675.20000000001,101266.30000000002,106127.30000000002,109827.60000000002,112377.40000000002,115708.50000000003,118957.10000000003,122031.60000000003,125534.20000000004,128564.60000000003,131595.70000000004,133625.20000000004,137142.30000000005,139027.30000000005,142665.10000000003,145894.20000000004,147923.00000000003,150074.60000000003,152574.00000000003,154375.80000000002,157314.80000000002,160841.30000000002,163697.80000000002,165333.00000000003,167891.20000000004,170354.90000000005,172612.50000000006,174543.40000000005,175855.10000000006,177292.90000000005,178574.60000000006,180988.50000000006,182518.80000000005,184373.80000000005,185298.20000000004,186047.40000000005,187121.10000000006,187707.70000000007,189082.10000000006,190320.10000000006,190812.70000000007,191468.40000000008,192487.70000000007,193064.30000000008,193470.60000000006,195187.80000000008,195871.60000000006,196210.40000000005,197597.60000000006,199040.90000000005,200414.30000000005,201868.20000000004,203330.00000000003,204667.80000000002,205910.40000000002,207384.30000000002,208216.80000000002,209032.50000000003,209399.40000000002,209683.10000000003,209885.40000000002,210941.7,211471.2,211747.80000000002,212065.40000000002,212458.80000000002,212682.40000000002,212945.80000000002,213256.2,213433.6,213624.7,213836.1,214120.30000000002,214353.6,214553.6,214942.9,215129.9,215241.8,215419.69999999998,215634.4,215788.3,215962.4,216045.19999999998,216234.19999999998
"(<Abstr_type.Q_STAR: 1>, 0.0, <Corr_type.UNI_RAND: 1>, 0.1, 3)",1625.0,2254.7,4812.1,9591.0,14071.5,19362.2,26437.4,34511.200000000004,42593.100000000006,50688.600000000006,58984.600000000006,67186.90000000001,76159.00000000001,85472.30000000002,94482.10000000002,103485.00000000001,111624.50000000001,120524.40000000001,129779.40000000001,138674.90000000002,146836.10000000003,155842.40000000002,162326.50000000003,170740.40000000002,178954.00000000003,187135.20000000004,195181.10000000003,203268.60000000003,211312.60000000003,219164.40000000002,226248.30000000002,233317.40000000002,240444.50000000003,248761.00000000003,257160.10000000003,265751.7,274774.7,281817.2,289836.4,297650.80000000005,305659.9,313670.10000000003,321170.30000000005,328638.80000000005,335772.20000000007,342302.4000000001,348940.70000000007,355820.70000000007,362522.4000000001,369754.8000000001,376817.0000000001,383947.40000000014,391847.80000000016,399750.2000000002,406233.2000000002,413632.80000000016,421642.10000000015,428705.2000000001,436470.10000000015,443628.90000000014,451644.80000000016,459393.5000000002,467412.9000000002,475106.8000000002,481719.8000000002,489358.9000000002,496467.0000000002,503640.7000000002,511343.9000000002,517840.8000000002,525350.9000000003,533117.2000000003,540959.1000000003,547929.5000000003,555937.3000000004,564117.7000000004,571746.7000000004,579752.3000000004,587757.1000000004,594599.7000000004,601107.0000000005,609118.4000000005,617131.9000000005,625154.7000000005,632863.5000000006,640406.1000000006,647175.5000000006,654201.6000000006,662235.1000000006,670259.7000000005,677751.6000000006,684790.1000000006,691576.5000000006,699583.0000000006,707525.8000000006,715515.7000000007,723560.6000000007,730708.5000000007,738721.2000000007,746194.3000000006
"(<Abstr_type.Q_STAR: 1>, 0.0, <Corr_type.UNI_RAND: 1>, 0.1, 4)",1316.8,8588.6,17614.5,27614.5,36900.2,46900.2,56035.399999999994,66035.4,75789.29999999999,85323.49999999999,95323.49999999999,105323.49999999999,115323.49999999999,125323.49999999999,135323.5,145323.5,155171.2,165171.2,175171.2,184534.80000000002,193864.2,203864.2,213864.2,223427.0,233427.0,243427.0,253427.0,263427.0,272792.4,282083.5,292020.6,301525.3,311525.3,321525.3,331001.1,341001.1,351001.1,360096.89999999997,369309.89999999997,378373.39999999997,388373.39999999997,398373.39999999997,408306.19999999995,418306.19999999995,428306.19999999995,438306.19999999995,447489.69999999995,456543.29999999993,465861.69999999995,475861.69999999995,485861.69999999995,495236.79999999993,505236.79999999993,514690.8999999999,524690.8999999999,534542.2,543826.1,553229.7999999999,562373.4999999999,572373.4999999999,582373.4999999999,592373.4999999999,602373.4999999999,612373.4999999999,622175.1999999998,632175.1999999998,642069.0999999999,652069.0999999999,661817.9999999999,671326.9999999999,681326.9999999999,691326.9999999999,701326.9999999999,711326.9999999999,721326.9999999999,730592.7999999999,740151.3999999999,750151.3999999999,760151.3999999999,769550.0999999999,779550.0999999999,789550.0999999999,799550.0999999999,809487.9999999999,819487.9999999999,829440.9999999999,838657.5999999999,848657.5999999999,858657.5999999999,867813.9999999999,877813.9999999999,887451.4999999999,897451.4999999999,907451.4999999999,917451.4999999999,927451.4999999999,937451.4999999999,945654.7999999999,954649.6,963436.6
"(<Abstr_type.Q_STAR: 1>, 0.0, <Corr_type.UNI_RAND: 1>, 0.1, 5)",990.9,2145.2,3090.2,3899.0,4682.7,8075.2,13736.7,20910.1,28447.5,37537.5,46174.6,55867.6,64912.8,73484.0,81777.5,90652.5,99356.8,108378.5,117024.9,126048.5,135081.8,144084.59999999998,153100.19999999998,161632.59999999998,170656.49999999997,179685.39999999997,188169.39999999997,196239.39999999997,204282.09999999998,212370.59999999998,220983.69999999998,229114.9,236808.1,246088.7,255014.80000000002,263222.60000000003,271925.00000000006,280480.60000000003,287472.30000000005,295608.20000000007,303726.6000000001,309963.0000000001,318984.90000000014,327448.80000000016,335465.0000000002,344529.80000000016,352764.60000000015,361782.90000000014,370699.90000000014,378668.30000000016,386601.10000000015,395086.30000000016,402792.80000000016,411328.60000000015,418441.5000000002,426528.2000000002,434144.9000000002,442398.7000000002,448697.4000000002,456527.2000000002,464183.1000000002,472333.2000000002,481204.9000000002,489873.1000000002,498452.8000000002,507296.9000000002,515796.3000000002,524265.3000000002,531805.4000000003,539484.5000000002,546889.5000000002,554612.3000000003,562454.9000000003,569079.8000000003,577113.5000000002,585926.7000000002,594639.8000000002,602301.9000000001,610224.8000000002,616733.8000000002,624233.0000000001,632006.3000000002,640669.9000000001,648494.7000000002,656489.9000000001,664760.7000000002,672227.9000000001,680467.6000000001,688293.8,696367.2000000001,704833.8,713053.3,721031.8,729056.4,737244.9,745914.6,753265.4,760292.7000000001,766658.9,773403.3
"(<Abstr_type.Q_STAR: 1>, 0.0, <Corr_type.UNI_RAND: 1>, 0.1, 6)",1073.5,2121.6,3329.1,4200.4,6514.5,11107.4,17445.1,25502.899999999998,33630.2,43630.2,53505.1,62731.899999999994,72731.9,82731.9,91927.0,100730.6,110194.20000000001,119318.30000000002,128557.70000000001,137720.40000000002,147720.40000000002,156800.40000000002,166603.00000000003,174810.80000000002,183899.40000000002,192924.60000000003,201381.50000000003,209643.70000000004,218674.20000000004,227527.50000000003,235943.70000000004,244304.20000000004,252912.40000000005,262518.10000000003,271082.00000000006,279453.4000000001,288700.20000000007,298700.20000000007,308575.20000000007,317698.9000000001,327161.00000000006,336463.00000000006,344676.50000000006,353221.80000000005,361922.10000000003,371289.60000000003,380542.4,388952.30000000005,397067.80000000005,405373.00000000006,414453.10000000003,422629.10000000003,430147.80000000005,438194.70000000007,446447.1000000001,453135.6000000001,459720.1000000001,467309.8000000001,475755.0000000001,481896.0000000001,488136.90000000014,494467.60000000015,501597.7000000001,508336.3000000001,515100.1000000001,521686.20000000007,528751.5000000001,535805.0000000001,542005.2000000001,548485.9,555505.7000000001,562254.0000000001,569145.4000000001,574398.9000000001,580531.4000000001,585731.9000000001,592159.1000000001,598897.9000000001,605926.2000000002,611776.7000000002,617858.0000000002,624642.6000000002,631686.3000000002,638122.9000000001,645143.7000000002,652154.8000000002,657362.7000000002,664401.7000000002,671411.6000000002,678556.1000000002,685577.2000000002,692588.3000000002,699467.1000000002,706479.7000000002,713626.3000000002,720634.9000000001,727643.6000000001,735062.0000000001,742240.2000000001,748962.4
"(<Abstr_type.Q_STAR: 1>, 0.0, <Corr_type.UNI_RAND: 1>, 0.1, 7)",1018.3,1783.4,2839.9,4703.8,6952.200000000001,10303.7,13473.400000000001,16939.4,22795.0,29319.4,34281.0,40453.8,46528.100000000006,53741.3,60092.8,66650.2,74457.09999999999,82991.59999999999,90088.49999999999,97537.59999999999,103828.59999999999,109634.49999999999,114475.19999999998,118463.19999999998,124488.79999999999,129152.49999999999,135301.59999999998,139451.19999999998,144890.49999999997,149805.29999999996,153529.99999999997,159757.29999999996,165660.29999999996,169710.09999999995,175270.29999999996,180649.39999999997,184394.39999999997,190664.79999999996,194859.99999999997,199622.29999999996,204471.79999999996,208880.89999999997,214875.89999999997,221728.29999999996,228170.59999999995,233506.59999999995,238327.59999999995,243479.89999999994,245599.79999999993,249713.29999999993,253816.29999999993,256988.29999999993,261689.49999999994,266664.39999999997,271504.49999999994,275238.19999999995,277717.6,280978.8,284895.3,288171.89999999997,292149.99999999994,295324.0999999999,298167.5999999999,301362.79999999993,303890.19999999995,305743.99999999994,309921.29999999993,312947.0999999999,315779.5999999999,318220.1999999999,322298.2999999999,325469.1999999999,328466.0999999999,331569.79999999993,334955.79999999993,336349.19999999995,340306.69999999995,342824.19999999995,346517.99999999994,349247.49999999994,352366.5999999999,356504.1999999999,359016.8999999999,363249.0999999999,366526.29999999993,369535.3999999999,371500.1999999999,374335.4999999999,377291.09999999986,379639.19999999984,382713.59999999986,386525.59999999986,389633.19999999984,392506.89999999985,394962.19999999984,398106.7999999998,402181.7999999998,404999.0999999998,407791.7999999998,410337.0999999998
"(<Abstr_type.Q_STAR: 1>, 0.0, <Corr_type.UNI_RAND: 1>, 0.1, 8)",732.9,1286.6999999999998,3178.7999999999997,6057.9,10249.3,14739.599999999999,20933.899999999998,27229.299999999996,33421.99999999999,41427.49999999999,49450.399999999994,55485.09999999999,62823.99999999999,69965.5,76588.5,81872.3,88053.90000000001,94587.8,100480.8,106520.2,112256.8,119380.40000000001,125462.8,132884.2,140494.6,147411.1,153177.9,157208.9,162018.69999999998,166626.69999999998,171103.9,175535.9,179701.69999999998,184827.69999999998,188609.19999999998,192832.3,195897.4,199652.5,203086.5,205623.7,208891.90000000002,212073.7,214543.7,216959.6,220207.2,222613.7,224847.90000000002,228026.10000000003,231137.30000000005,233561.70000000004,236805.80000000005,239495.20000000004,242587.00000000003,245727.80000000002,248733.7,250807.1,253829.7,256870.7,259408.5,261376.7,262590.60000000003,264853.50000000006,266975.50000000006,269156.80000000005,270740.30000000005,271896.4,273281.10000000003,275397.80000000005,277907.00000000006,280052.00000000006,282139.50000000006,285065.10000000003,286354.10000000003,287542.80000000005,290473.10000000003,292898.00000000006,295052.9000000001,298070.9000000001,299505.70000000007,300956.9000000001,303056.4000000001,305226.70000000007,306770.80000000005,308876.30000000005,310964.80000000005,312981.60000000003,315045.7,317143.2,319298.3,320716.8,322764.2,324839.2,326904.8,328358.6,330409.39999999997,332455.1,333909.19999999995,335957.99999999994,337982.79999999993,339709.79999999993
"(<Abstr_type.Q_STAR: 1>, 0.0, <Corr_type.UNI_RAND: 1>, 0.1, 9)",1030.3,1728.1,2452.8,3452.8,7009.200000000001,12415.1,18433.6,25650.3,33794.2,40936.399999999994,49950.799999999996,59950.799999999996,69950.79999999999,79264.79999999999,88392.59999999999,98392.59999999999,106327.4,115357.5,124726.9,133767.4,141898.5,150175.0,156748.0,165012.4,173360.6,180601.2,188818.1,197677.7,206143.0,213359.7,221419.6,228886.0,236430.0,243564.7,252566.7,260448.7,267260.5,272818.9,280922.7,288891.60000000003,296739.30000000005,302528.70000000007,309071.9000000001,314732.00000000006,323734.60000000003,332144.00000000006,339397.10000000003,347406.30000000005,354435.30000000005,361565.10000000003,368340.2,375087.8,382066.2,387651.5,393760.6,400086.0,406319.6,413403.69999999995,420431.69999999995,427504.19999999995,435514.89999999997,442991.1,449847.89999999997,457314.8,464150.2,472157.2,479625.7,485550.60000000003,492754.2,499457.3,506004.8,511231.0,516746.8,520826.8,526578.6,531905.2,539749.3999999999,546792.9999999999,553353.8999999999,559573.7999999999,564992.9999999999,571553.6999999998,577860.7999999998,583052.5999999999,588568.5999999999,593467.8999999999,598763.5999999999,602887.4999999999,609095.6999999998,614689.6999999998,620026.9999999999,625106.4999999999,631449.2999999999,637063.3999999999,642222.2,649089.7,653815.1,658931.7999999999,663697.8999999999,668064.2999999999
"(<Abstr_type.Q_STAR: 1>, 0.0, <Corr_type.UNI_RAND: 1>, 0.2, 0)",1012.1,2711.9,7857.4,15230.099999999999,24087.199999999997,32795.299999999996,41379.59999999999,50536.49999999999,59258.7,68279.7,76550.3,84643.5,94260.2,103428.5,112699.9,122161.59999999999,131415.59999999998,139905.19999999998,148872.59999999998,158215.09999999998,167343.59999999998,174982.3,184061.0,193105.6,201568.1,209421.9,218666.6,228186.2,237414.5,244155.4,251670.69999999998,259103.49999999997,268369.89999999997,276230.89999999997,282649.3,291340.1,299574.6,307876.8,316134.8,323983.6,332429.5,341187.3,348011.89999999997,355598.39999999997,363495.6,371169.69999999995,379841.99999999994,388645.29999999993,395603.99999999994,404073.89999999997,412361.19999999995,420238.1,428301.39999999997,435453.49999999994,443732.49999999994,451505.39999999997,459163.8,466025.2,472920.0,481432.9,489055.80000000005,496382.50000000006,503348.70000000007,510392.00000000006,517241.50000000006,524249.00000000006,531776.8,538967.9,546300.0,552051.1,558693.2999999999,565770.3999999999,573155.7999999999,581216.6,587757.7999999999,595817.9999999999,602771.6999999998,610416.3999999998,617050.9999999998,623397.0999999997,630449.3999999998,636139.2999999998,643035.4999999998,651123.3999999998,658005.5999999997,663591.4999999998,671096.2999999998,677103.3999999998,685454.3999999998,692720.5999999997,699715.6999999997,707195.1999999997,713859.2999999997,720858.5999999997,728659.6999999997,736182.2999999997,742101.8999999997,749467.1999999997,755401.2999999997,763106.0999999997
"(<Abstr_type.Q_STAR: 1>, 0.0, <Corr_type.UNI_RAND: 1>, 0.2, 1)",1633.6,2795.3,5321.8,10056.1,17564.1,26646.1,35677.899999999994,45677.899999999994,54995.899999999994,64995.899999999994,74995.9,84995.9,94995.9,104995.9,114995.9,124995.9,134995.9,144132.5,154114.8,164114.8,174114.8,184114.8,194114.8,203551.59999999998,213551.59999999998,223551.59999999998,233180.89999999997,242364.99999999997,251640.49999999997,260884.19999999998,270022.5,279265.9,289120.9,298715.7,307654.9,317654.9,327040.80000000005,336515.00000000006,345590.30000000005,355590.30000000005,365590.30000000005,375590.30000000005,385129.20000000007,393174.6000000001,401290.3000000001,409887.2000000001,419887.2000000001,429887.2000000001,438688.60000000015,448228.30000000016,458228.30000000016,467780.10000000015,477780.10000000015,487207.5000000002,496799.30000000016,505992.80000000016,515106.80000000016,524131.5000000002,533289.0000000002,543289.0000000002,551966.9000000003,561966.9000000003,571966.9000000003,581242.8000000003,590268.3000000003,600097.6000000003,609405.1000000003,619405.1000000003,628354.1000000003,637871.9000000004,646968.9000000004,655209.1000000003,665209.1000000003,673894.8000000003,683215.7000000003,692600.9000000003,702004.6000000002,711096.8000000002,720913.1000000002,729879.8000000002,739879.8000000002,749879.8000000002,759879.8000000002,769879.8000000002,779056.6000000002,786983.5000000002,796983.5000000002,806983.5000000002,816025.9000000003,825585.4000000003,834403.4000000003,843447.5000000002,852895.3000000003,861929.9000000003,870710.8000000003,880610.1000000003,889480.5000000003,897867.9000000004,907867.9000000004,917264.5000000003
"(<Abstr_type.Q_STAR: 1>, 0.0, <Corr_type.UNI_RAND: 1>, 0.2, 2)",959.0,2367.8,2956.0,6570.5,11672.1,19376.6,26799.1,35617.1,44956.0,54373.3,63621.600000000006,72113.70000000001,79750.20000000001,87987.40000000001,97390.8,105415.90000000001,112909.8,121488.6,130571.90000000001,139095.0,146419.6,154275.80000000002,161483.6,167518.80000000002,174537.50000000003,180791.10000000003,186092.00000000003,191620.50000000003,197142.30000000002,202461.2,207518.90000000002,212411.30000000002,217761.80000000002,224850.80000000002,231286.1,239011.6,247474.30000000002,254338.40000000002,261412.7,268929.5,277166.0,284036.7,291308.3,298925.3,305948.8,313080.7,318696.5,325290.7,332578.4,339596.60000000003,346363.4,352965.10000000003,359130.9,365189.7,370771.10000000003,377982.60000000003,385536.60000000003,392853.30000000005,399119.20000000007,406587.00000000006,412636.50000000006,420214.50000000006,427994.9000000001,434302.20000000007,440070.9000000001,446497.8000000001,452725.8000000001,459597.4000000001,465537.4000000001,472710.6000000001,479529.5000000001,486267.90000000014,492466.0000000001,499575.3000000001,506145.1000000001,513638.4000000001,521315.50000000006,527485.4,534462.7000000001,541052.2000000001,545066.1000000001,551245.7000000001,556414.2000000001,562151.4,567744.8,573024.1000000001,578944.8,584632.0,588895.9,595002.6,600506.9,606002.4,611712.3,617054.4,623108.4,628147.0,633189.4,638591.8,643088.4,648950.4
"(<Abstr_type.Q_STAR: 1>, 0.0, <Corr_type.UNI_RAND: 1>, 0.2, 3)",1288.4,2332.1000000000004,3318.0000000000005,3997.8,7340.6,13865.7,22394.300000000003,32345.500000000004,40974.9,49123.200000000004,59123.200000000004,68379.3,77093.0,86196.4,93956.79999999999,101709.29999999999,110594.69999999998,118393.89999999998,127018.69999999998,135469.4,145469.4,155469.4,165469.4,173710.0,182025.8,190593.0,200556.3,209147.4,218181.4,225480.4,231988.5,241040.2,251040.2,260163.6,269943.3,278905.39999999997,286747.89999999997,295745.3,304765.6,314028.3,322610.1,331649.69999999995,340188.69999999995,348964.69999999995,358318.6,367878.39999999997,376392.3,385538.89999999997,394841.89999999997,403943.1,412000.89999999997,421118.99999999994,429313.29999999993,439251.69999999995,448712.1,458466.89999999997,468466.89999999997,477487.69999999995,486218.6,493680.5,502766.5,511925.9,519983.5,529220.0,539109.2,548159.2999999999,557656.7,566889.7,575988.8999999999,584743.3999999999,593689.0999999999,602000.3999999999,611125.7999999999,619121.7,628153.1,635623.7,642608.8999999999,650688.9999999999,660168.2999999999,667993.2999999999,675231.6,683099.2,691195.6,698919.6,706170.5,713292.6,722229.4,729602.8,736260.0,743956.4,752598.0,761277.0,769801.1,777264.2999999999,784695.2999999999,792759.8999999999,800482.5999999999,808895.8999999999,816643.9999999999,824852.4999999999
"(<Abstr_type.Q_STAR: 1>, 0.0, <Corr_type.UNI_RAND: 1>, 0.2, 4)",900.9,1602.5,3477.0,7854.2,14466.9,22618.0,32618.0,42427.1,52427.1,61490.399999999994,69742.2,79636.2,88710.9,98710.9,107220.4,115546.29999999999,124087.29999999999,131209.8,140014.8,149167.8,155601.9,165140.5,173484.9,181586.19999999998,189751.8,199024.09999999998,207349.89999999997,214852.89999999997,222497.19999999995,230766.79999999996,237677.39999999997,244510.09999999998,251584.59999999998,257194.59999999998,264747.3,272131.0,278195.6,284594.8,291828.2,298169.10000000003,303691.10000000003,310556.9,317052.9,321508.30000000005,329229.70000000007,336528.1000000001,343785.6000000001,349580.5000000001,355930.8000000001,363018.1000000001,369639.9000000001,374358.3000000001,380973.2000000001,386211.90000000014,391012.80000000016,396529.30000000016,402790.2000000002,409565.9000000002,415046.4000000002,420532.1000000002,427050.1000000002,432578.4000000002,438683.3000000002,445029.70000000024,450690.60000000027,456964.70000000024,462807.40000000026,468107.60000000027,474144.70000000024,478483.60000000027,485469.5000000003,491474.8000000003,498137.90000000026,503724.50000000023,509053.8000000002,515203.6000000002,519973.1000000002,525893.4000000003,531743.2000000003,536502.3000000003,542658.6000000003,549358.9000000004,556070.8000000004,563152.8000000004,569144.9000000004,575162.5000000003,579994.4000000004,585161.3000000004,591154.1000000004,598568.8000000004,603207.7000000004,609649.7000000004,615259.0000000005,619509.5000000005,623848.2000000004,627461.2000000004,633088.0000000005,637882.7000000004,641413.9000000004,646535.1000000003
"(<Abstr_type.Q_STAR: 1>, 0.0, <Corr_type.UNI_RAND: 1>, 0.2, 5)",1596.7,2512.3,3943.2000000000003,4664.1,5396.400000000001,6262.3,11344.7,16119.5,22559.4,29946.5,36845.9,43285.8,50192.5,57481.3,64725.700000000004,73030.8,79837.90000000001,87552.00000000001,96310.30000000002,102908.70000000001,110269.40000000001,117055.1,123167.40000000001,129701.00000000001,137737.80000000002,145068.6,148247.1,154964.2,161262.1,166809.2,171143.2,176879.5,181470.4,186627.5,191463.3,195921.0,199191.2,204657.0,209898.7,214496.40000000002,218859.60000000003,224040.20000000004,227553.10000000003,233768.80000000005,239166.30000000005,242771.30000000005,248810.40000000005,253890.80000000005,259358.80000000005,263761.00000000006,268330.20000000007,273707.9000000001,278711.8000000001,283271.4000000001,288353.4000000001,293010.50000000006,297844.60000000003,302951.7,309746.9,314889.4,319444.0,324367.4,329504.9,335974.0,340319.0,346385.8,351538.0,355927.2,361691.7,366049.8,371452.1,376903.6,383584.0,388309.4,392711.0,397419.0,401449.3,407665.2,412160.9,417351.5,423053.1,428348.69999999995,432748.29999999993,438135.99999999994,443587.79999999993,448648.3999999999,453393.3999999999,458731.3999999999,462624.6999999999,466062.2999999999,471246.89999999985,476188.89999999985,481257.2999999999,485494.89999999985,490736.2999999999,495985.9999999999,502546.09999999986,507123.9999999999,512456.09999999986,517492.69999999984
"(<Abstr_type.Q_STAR: 1>, 0.0, <Corr_type.UNI_RAND: 1>, 0.2, 6)",959.2,3103.3999999999996,9846.4,17511.0,27088.2,36099.3,45893.3,54515.3,63608.100000000006,72843.3,79823.5,88327.7,96527.2,102874.2,109284.8,114701.90000000001,120067.90000000001,127915.50000000001,135891.0,142280.6,149007.1,155705.2,162049.5,168804.6,173659.80000000002,178912.2,182649.80000000002,187358.30000000002,192996.1,197432.4,202063.1,206304.2,211510.5,215861.9,220520.6,222737.7,226149.7,228571.6,232361.80000000002,235366.7,238391.0,240981.3,243184.3,245871.09999999998,247942.59999999998,250720.69999999998,253122.09999999998,255278.59999999998,257258.8,259074.19999999998,259803.99999999997,261003.99999999997,263753.3,264972.6,265829.69999999995,266809.99999999994,268348.0999999999,270927.3999999999,272577.1999999999,274124.2999999999,275533.1999999999,278682.8999999999,280935.4999999999,283015.9999999999,284069.6999999999,285291.6999999999,287494.6999999999,288690.6999999999,289956.5999999999,293305.6999999999,294508.0999999999,296124.0999999999,298346.1999999999,299471.4999999999,301193.6999999999,303398.6999999999,304522.6999999999,307196.3999999999,308888.6999999999,311160.4999999999,313571.9999999999,315185.1999999999,316556.1999999999,317657.8999999999,318533.29999999993,319549.8999999999,321310.6999999999,322886.2999999999,323977.09999999986,325374.59999999986,326419.39999999985,327930.69999999984,328709.4999999998,330225.4999999998,332490.2999999998,333943.8999999998,335179.2999999998,337305.69999999984,338312.7999999998,338906.5999999998
"(<Abstr_type.Q_STAR: 1>, 0.0, <Corr_type.UNI_RAND: 1>, 0.2, 7)",1017.6,3377.9,8937.8,15054.099999999999,21250.0,29907.1,39907.1,49359.0,58377.4,67443.6,76594.1,86202.1,94917.6,103767.8,112901.5,121844.6,131127.30000000002,139395.2,148485.1,156819.5,165856.1,173342.30000000002,181150.7,189946.1,197727.7,207042.30000000002,216702.80000000002,225994.50000000003,234878.20000000004,242222.70000000004,249798.40000000005,258265.00000000006,266605.9000000001,274163.9000000001,281543.8000000001,286962.6000000001,293559.6000000001,301736.20000000007,308817.30000000005,315826.30000000005,323079.4,331312.5,337640.4,346573.7,355433.10000000003,362970.2,368883.10000000003,375121.60000000003,382897.4,391081.30000000005,398202.4,407300.80000000005,414786.10000000003,423452.80000000005,429523.00000000006,437561.70000000007,446656.1000000001,454573.9000000001,462104.9000000001,470802.70000000007,476595.9000000001,484465.9000000001,492573.20000000007,500071.9000000001,508466.9000000001,516490.3000000001,524322.2000000001,533246.3,541550.7000000001,548908.2000000001,557216.0000000001,565226.4000000001,573745.7000000002,583745.7000000002,591292.0000000002,599715.8000000003,607801.0000000002,616381.6000000002,624474.4000000003,632593.2000000003,640903.4000000003,647790.7000000003,656783.3000000003,664876.4000000003,672414.4000000003,680194.2000000003,686799.5000000003,694800.7000000003,701337.8000000003,708285.9000000003,717552.5000000002,726958.5000000002,736958.5000000002,744124.7000000002,752948.8000000002,758585.1000000002,767251.3000000002,775555.6000000002,783561.1000000002,790148.4000000003
"(<Abstr_type.Q_STAR: 1>, 0.0, <Corr_type.UNI_RAND: 1>, 0.2, 8)",1326.5,2479.5,3281.5,5572.6,7107.6,9520.400000000001,14725.800000000001,19439.2,24552.2,30372.2,35966.3,43252.3,51446.0,59312.9,66153.0,73514.0,80840.6,86702.1,92897.1,97073.70000000001,102522.1,107649.5,113225.4,119879.0,125360.5,131651.9,137928.69999999998,144142.9,149980.9,154332.9,158258.4,162852.9,167217.6,171912.5,176519.4,181203.1,185747.30000000002,191524.90000000002,197664.2,204434.1,209932.6,214088.30000000002,218519.7,224532.2,231785.0,237140.7,242409.90000000002,246738.60000000003,251621.60000000003,256489.20000000004,259921.80000000005,263508.4,267017.4,270831.80000000005,274625.10000000003,278548.60000000003,283175.60000000003,285145.50000000006,289325.60000000003,293806.10000000003,297155.7,301355.9,304843.30000000005,308225.30000000005,311460.30000000005,315775.30000000005,319659.50000000006,323894.60000000003,326734.2,329718.7,331890.60000000003,334006.50000000006,336607.70000000007,338619.9000000001,342220.50000000006,344145.10000000003,346669.9,349183.5,351773.8,355376.5,358244.6,361347.0,363838.3,367125.3,370107.3,371948.5,374004.8,376670.0,379581.5,382419.4,384496.5,385767.2,388731.10000000003,390860.80000000005,394594.4,397516.60000000003,400801.30000000005,403461.70000000007,406196.00000000006,410920.80000000005
"(<Abstr_type.Q_STAR: 1>, 0.0, <Corr_type.UNI_RAND: 1>, 0.2, 9)",1105.4,9360.1,18378.800000000003,26948.000000000004,36628.700000000004,45220.200000000004,54431.40000000001,63854.100000000006,72653.90000000001,81881.20000000001,90981.6,99619.70000000001,109145.1,119100.3,128809.40000000001,138383.7,147563.2,156634.80000000002,164596.50000000003,173761.50000000003,182482.70000000004,191525.60000000003,199227.60000000003,207370.00000000003,215839.20000000004,222301.80000000005,230094.10000000003,236998.10000000003,243314.70000000004,250731.90000000005,258002.30000000005,266033.10000000003,274922.9,282584.2,291493.9,300039.60000000003,307686.10000000003,316855.80000000005,325409.4,334048.10000000003,341766.00000000006,349228.80000000005,356716.30000000005,364369.30000000005,370399.80000000005,378793.10000000003,385182.2,392273.3,398983.8,406362.3,413152.39999999997,420029.99999999994,426741.69999999995,434863.39999999997,441989.39999999997,447870.3,453242.5,459006.3,465512.5,471775.7,479279.2,486034.4,491173.2,497283.0,502882.1,509472.1,515979.5,521196.6,528050.4,531953.9,538620.1,544418.9,550186.6,556454.7999999999,561661.3999999999,566870.2999999999,571468.6,576843.7,581837.3999999999,585671.7999999999,590178.6,595327.7999999999,600567.8999999999,605955.0999999999,610751.0999999999,617106.3999999999,621722.7,627162.7,632838.8999999999,637248.3999999999,641979.7999999999,646172.2999999999,650547.2,654722.7,658694.5,663352.7,667485.3999999999,673183.2999999999,679696.3999999999,685377.7
"(<Abstr_type.Q_STAR: 1>, 0.0, <Corr_type.UNI_RAND: 1>, 0.3, 0)",1477.2,6015.099999999999,11333.099999999999,18820.3,25537.199999999997,33324.299999999996,41835.799999999996,50609.399999999994,57414.399999999994,66404.79999999999,73387.4,79949.79999999999,85132.4,90429.2,96377.5,101655.3,107653.1,112160.1,118049.6,124914.3,130894.6,136925.2,141421.90000000002,147270.2,154336.30000000002,161225.30000000002,167097.40000000002,172640.2,177751.40000000002,184042.90000000002,188735.2,195405.30000000002,201320.2,207565.2,213449.2,218765.30000000002,224469.2,229497.30000000002,235148.30000000002,241037.6,246580.9,252057.0,258290.2,262559.0,268755.6,274233.6,280328.3,286699.2,292458.4,297164.4,302352.80000000005,307587.60000000003,314604.60000000003,319914.2,326255.4,332647.5,338132.7,342772.5,348281.5,354015.7,358799.2,362655.8,367587.0,372671.8,378615.8,384149.39999999997,389238.69999999995,393731.99999999994,399559.99999999994,405115.79999999993,411431.8999999999,415980.5999999999,419957.8999999999,424385.8999999999,427651.1999999999,434008.4999999999,437296.3999999999,442555.29999999993,448519.8999999999,452815.5999999999,457319.8999999999,462826.29999999993,465431.0999999999,470310.29999999993,473998.8999999999,479504.4999999999,484269.59999999986,487059.89999999985,491829.59999999986,495838.89999999985,501477.9999999998,505844.2999999998,509524.19999999984,514607.89999999985,518548.9999999998,522339.0999999998,526210.8999999998,531072.6999999998,536077.6999999998,540157.8999999998
"(<Abstr_type.Q_STAR: 1>, 0.0, <Corr_type.UNI_RAND: 1>, 0.3, 1)",707.4,1733.0,5091.9,10639.0,18542.4,26769.7,35113.9,43384.2,51580.399999999994,60380.7,69402.7,77638.5,84997.6,93730.0,102066.6,110520.1,118989.8,128090.2,136097.9,145068.5,154218.7,162777.0,171151.9,179091.9,188114.8,196902.4,205578.9,213630.1,220929.4,228322.69999999998,235632.19999999998,243506.49999999997,250798.39999999997,258504.49999999997,267243.1,275315.19999999995,283345.89999999997,291718.89999999997,300044.1,308530.19999999995,316953.99999999994,325447.79999999993,333772.5999999999,341395.0999999999,349937.99999999994,358669.89999999997,366617.8,374818.6,383801.69999999995,392073.19999999995,400037.99999999994,406951.39999999997,413418.19999999995,420076.99999999994,427853.89999999997,436030.3,444462.39999999997,453221.99999999994,461384.69999999995,468586.39999999997,475658.19999999995,484106.79999999993,490756.8999999999,498948.4999999999,507771.2999999999,514983.1999999999,522925.9999999999,531147.8999999999,539146.7,547414.2999999999,555525.2,562938.7999999999,569889.7999999999,576032.7,584981.7,592904.8999999999,601138.4999999999,608993.6999999998,616304.2999999998,624708.9999999998,631978.8999999998,640177.1999999998,647362.9999999999,654507.1999999998,662780.3999999998,670430.7999999998,678347.0999999999,685284.7999999998,692416.2999999998,699948.1999999998,708458.2999999998,715782.6999999998,722652.1999999998,729677.2999999998,735350.6999999998,742881.0999999999,749136.3999999999,757287.0999999999,765515.1999999998,772478.4999999999
"(<Abstr_type.Q_STAR: 1>, 0.0, <Corr_type.UNI_RAND: 1>, 0.3, 2)",1139.5,2313.1,4065.3999999999996,11475.099999999999,18478.5,25800.7,33121.4,43121.4,52749.9,61540.100000000006,69910.3,78164.2,86105.8,95303.7,104584.59999999999,112403.09999999999,120566.99999999999,128985.89999999998,137716.09999999998,146167.49999999997,155191.49999999997,161356.19999999998,169466.8,175721.69999999998,182635.4,187697.3,192689.4,198712.19999999998,203782.19999999998,209862.8,217020.19999999998,224370.8,230252.8,235774.0,241093.4,246688.6,252761.9,258361.8,263298.2,268991.0,274043.8,279007.0,284745.3,290477.5,295776.6,302021.5,307904.7,314197.8,321040.1,326850.1,331941.19999999995,338468.79999999993,344562.49999999994,349821.5999999999,353999.49999999994,359581.69999999995,364303.49999999994,369468.79999999993,375402.0999999999,381762.0999999999,386816.49999999994,391086.69999999995,396277.19999999995,400960.19999999995,406620.19999999995,409960.6,414032.19999999995,418321.49999999994,423789.89999999997,429089.99999999994,433311.49999999994,437680.0999999999,441444.6999999999,444855.2999999999,449092.09999999986,452905.7999999999,456987.59999999986,460511.9999999999,464993.4999999999,469386.3999999999,474031.9999999999,477772.7999999999,482743.09999999986,487876.89999999985,492272.19999999984,496811.89999999985,500492.59999999986,504523.19999999984,507734.39999999985,510673.59999999986,514554.7999999999,517296.1999999999,521313.5999999999,525231.2999999999,528049.2999999999,531648.7999999999,535904.8999999999,540288.5999999999,544687.5999999999,548446.2999999998
"(<Abstr_type.Q_STAR: 1>, 0.0, <Corr_type.UNI_RAND: 1>, 0.3, 3)",712.5,4430.4,10395.5,17609.4,26677.800000000003,35587.600000000006,45587.600000000006,53218.50000000001,62876.90000000001,70951.00000000001,78825.50000000001,86371.80000000002,93113.60000000002,100459.90000000002,107059.40000000002,113755.00000000003,120643.40000000002,126566.60000000002,132645.2,138824.2,147078.2,154471.80000000002,160753.80000000002,168812.7,174418.40000000002,180591.90000000002,187290.10000000003,193972.30000000005,202013.20000000004,210688.10000000003,217723.60000000003,225013.90000000002,232634.2,240586.0,247078.0,254434.0,261703.3,268313.1,273772.89999999997,279567.19999999995,285677.29999999993,291277.8999999999,295788.6999999999,301317.2999999999,305629.59999999986,311515.59999999986,316471.19999999984,322197.09999999986,327069.19999999984,332435.4999999998,337396.0999999998,342363.5999999998,347094.2999999998,351064.7999999998,355104.19999999984,359683.19999999984,364387.69999999984,368543.9999999998,372047.7999999998,376981.0999999998,380768.5999999998,384776.7999999998,389373.4999999998,394321.9999999998,397543.89999999985,402379.19999999984,406004.4999999998,409847.39999999985,414521.69999999984,419911.09999999986,425468.2999999999,429988.2999999999,434309.7999999999,437668.39999999985,440066.69999999984,444490.19999999984,448575.59999999986,451311.19999999984,453527.09999999986,457101.19999999984,460260.39999999985,463096.59999999986,467238.09999999986,470076.2999999999,473512.39999999985,477201.19999999984,479999.9999999998,483657.9999999998,487881.0999999998,491894.3999999998,495965.2999999998,498370.5999999998,503137.3999999998,506216.7999999998,510033.19999999984,513741.69999999984,516942.4999999998,519439.89999999985,522742.7999999999,526243.6999999998
"(<Abstr_type.Q_STAR: 1>, 0.0, <Corr_type.UNI_RAND: 1>, 0.3, 4)",838.5,3666.0,9860.7,17079.5,25117.1,33472.399999999994,42676.7,52411.1,60658.0,69658.7,79336.8,87847.2,97461.2,106755.8,114506.40000000001,124151.00000000001,133706.7,142555.7,151598.40000000002,160302.60000000003,168328.60000000003,176922.30000000005,186277.00000000006,195324.00000000006,204357.20000000007,212798.50000000006,218937.60000000006,226613.80000000008,234395.5000000001,241835.5000000001,249985.80000000008,259096.80000000008,267570.50000000006,276125.4000000001,284025.20000000007,292240.30000000005,300193.4,307339.7,316103.3,324118.1,332978.19999999995,340817.99999999994,347971.19999999995,354292.19999999995,362840.6,371427.39999999997,379788.99999999994,388527.5999999999,395463.8999999999,404059.5999999999,412158.3999999999,420496.79999999993,427022.49999999994,434620.0999999999,441535.3999999999,449433.79999999993,458032.79999999993,464524.69999999995,473017.29999999993,480239.19999999995,486245.1,495057.1,503579.39999999997,509493.19999999995,518335.19999999995,527076.8999999999,535177.2999999999,543670.9999999999,551953.5999999999,560776.3999999999,569133.5999999999,575933.3999999999,583390.2999999999,590525.7,597398.2999999999,605021.1,612290.2,619305.7999999999,627022.3999999999,634979.5999999999,642007.9999999999,649223.6999999998,655910.4999999999,663386.8999999999,667287.9999999999,674839.9999999999,680908.6999999998,687003.2999999998,695622.7999999998,701382.1999999998,709860.1999999998,719136.1999999998,728395.1999999998,734644.4999999999,741787.8999999999,748797.0999999999,755055.3999999999,762814.0999999999,769934.2999999998,776477.3999999998
"(<Abstr_type.Q_STAR: 1>, 0.0, <Corr_type.UNI_RAND: 1>, 0.3, 5)",1316.3,4685.8,12029.1,21438.800000000003,29606.4,37011.9,44575.4,50188.9,56644.9,61809.0,65705.8,70080.3,73151.1,76496.8,79978.5,83585.7,86785.0,92325.3,96036.2,99224.9,101515.9,104967.5,110267.6,114120.3,118964.3,124069.5,126878.9,132095.5,137201.5,140299.9,143493.4,148517.6,150828.4,155931.19999999998,159779.59999999998,164459.19999999998,168158.8,170610.19999999998,173506.9,178328.8,184092.8,185591.3,189600.3,194675.4,197534.1,200771.80000000002,203555.90000000002,207081.60000000003,210667.70000000004,213046.70000000004,217224.70000000004,220838.90000000005,225674.00000000006,228522.20000000007,231925.00000000006,234245.80000000005,236513.60000000003,238460.80000000005,240174.80000000005,244155.20000000004,247327.10000000003,250578.00000000003,253358.80000000002,256553.40000000002,259531.80000000002,261587.50000000003,263573.2,265311.4,269184.9,272077.10000000003,273835.00000000006,275999.4000000001,278071.50000000006,281150.70000000007,283546.50000000006,286137.50000000006,287730.50000000006,290362.4000000001,291825.8000000001,293129.5000000001,295903.3000000001,299144.6000000001,301186.8000000001,302604.2000000001,305714.2000000001,309103.90000000014,310164.90000000014,312959.2000000001,314995.5000000001,316624.8000000001,318827.5000000001,320717.0000000001,321874.6000000001,323863.6000000001,324785.6000000001,326319.4000000001,328752.9000000001,330493.3000000001,331982.4000000001,333101.70000000007
"(<Abstr_type.Q_STAR: 1>, 0.0, <Corr_type.UNI_RAND: 1>, 0.3, 6)",1033.7,3999.3,9938.2,18305.0,27680.8,37680.8,44551.200000000004,54357.40000000001,62929.00000000001,71262.0,80874.3,89595.40000000001,97070.40000000001,105366.20000000001,113545.1,122723.20000000001,128956.50000000001,136998.0,144802.2,153043.30000000002,160628.00000000003,167295.90000000002,173602.60000000003,180542.00000000003,188404.00000000003,195553.30000000002,202037.1,208199.80000000002,214389.50000000003,220475.80000000002,227217.2,234285.1,239842.1,247252.9,254651.9,261062.8,266685.2,273241.60000000003,279967.60000000003,286451.4,292951.30000000005,298553.50000000006,305389.50000000006,311632.00000000006,318324.70000000007,325699.20000000007,332339.70000000007,337768.50000000006,344008.00000000006,351667.4000000001,357474.70000000007,364904.00000000006,370552.60000000003,375819.80000000005,381841.4,387566.80000000005,392677.30000000005,398330.60000000003,402823.4,407659.2,412998.4,417908.9,422764.5,427277.1,433107.19999999995,439080.1,443787.89999999997,450801.49999999994,456143.79999999993,462796.5999999999,469140.49999999994,475448.39999999997,481953.8,487772.39999999997,493257.3,500109.1,505827.69999999995,510250.89999999997,516399.89999999997,521970.99999999994,527666.8999999999,533684.3999999999,539353.8999999999,545448.4999999999,551479.1999999998,557273.7999999998,563064.9999999998,568809.1999999997,573867.8999999997,577791.0999999996,583790.2999999996,590391.1999999996,595578.5999999996,599504.3999999997,604103.0999999996,609629.8999999997,614520.1999999997,619576.9999999998,623190.6999999997,628409.3999999997
"(<Abstr_type.Q_STAR: 1>, 0.0, <Corr_type.UNI_RAND: 1>, 0.3, 7)",884.7,7485.0,13942.1,21614.5,30151.2,39894.3,49894.3,59894.3,68750.8,77819.6,86904.5,96594.3,105767.2,113838.3,122898.40000000001,132299.5,141459.0,149788.9,159788.9,169316.69999999998,177451.3,187451.3,196718.19999999998,205711.9,215711.9,223289.1,231743.0,241743.0,250204.5,259261.0,268240.9,277606.4,285726.30000000005,294640.70000000007,304015.1000000001,313266.9000000001,322595.8000000001,331531.6000000001,340252.8000000001,348531.2000000001,358131.5000000001,367744.90000000014,376657.5000000001,384959.8000000001,393085.9000000001,401568.00000000006,410592.10000000003,419971.00000000006,429762.80000000005,438624.70000000007,447506.70000000007,456791.00000000006,466791.00000000006,474637.50000000006,482851.70000000007,492263.6000000001,499954.9000000001,508441.50000000006,517929.20000000007,527738.8,535212.3,544591.7000000001,554390.7000000001,562849.6000000001,571698.8,581223.6000000001,589585.7000000001,597957.5000000001,606706.6000000001,616292.4000000001,626022.1000000001,635626.6000000001,644855.0000000001,653343.6000000001,661691.1000000001,669225.9000000001,678679.2000000002,687743.7000000002,696957.8000000002,705637.7000000002,715500.7000000002,725198.5000000002,734716.5000000002,743649.1000000002,751638.5000000002,760610.8000000003,768941.9000000003,778356.2000000003,788040.1000000003,795565.5000000003,804199.2000000003,812585.3000000003,822205.6000000003,830727.0000000003,838949.7000000003,845457.1000000003,855457.1000000003,864758.8000000003,873425.8000000003,882463.5000000002
"(<Abstr_type.Q_STAR: 1>, 0.0, <Corr_type.UNI_RAND: 1>, 0.3, 8)",949.5,2388.1,3815.2,7026.9,12032.599999999999,18877.6,26746.3,35805.2,45286.2,53665.0,62697.6,71717.3,79329.2,86274.5,94949.4,103429.29999999999,110023.49999999999,116908.79999999999,124199.19999999998,131765.4,138866.4,147985.5,156785.6,164290.4,172897.0,181230.6,188619.30000000002,195883.6,203669.4,211184.6,218330.80000000002,226596.40000000002,234454.30000000002,239803.2,246686.80000000002,253817.50000000003,261409.80000000002,268716.10000000003,275551.7,281703.5,287813.0,295475.6,302319.39999999997,308787.6,316653.8,324275.0,331148.3,336933.39999999997,342694.69999999995,349066.99999999994,356141.99999999994,362501.0999999999,369504.0999999999,377064.29999999993,383386.69999999995,390677.29999999993,396724.3999999999,401859.1999999999,409729.2999999999,416319.59999999986,421317.69999999984,426471.09999999986,431099.7999999999,437576.4999999999,443589.4999999999,450712.59999999986,455420.89999999985,459983.39999999985,465014.7999999999,470262.39999999985,475399.89999999985,481143.09999999986,486547.19999999984,490367.9999999998,494142.19999999984,498147.39999999985,503515.4999999998,508614.19999999984,513036.9999999998,517121.19999999984,522156.39999999985,527586.1999999998,532519.5999999999,537166.3999999999,542089.8999999999,548112.8999999999,553579.3999999999,559145.7999999999,563929.9999999999,568639.5999999999,572966.3999999999,577117.5999999999,581646.0999999999,585935.4999999999,589607.0999999999,593388.2999999998,597617.2999999998,601134.9999999998,605741.7999999998,609525.8999999998
"(<Abstr_type.Q_STAR: 1>, 0.0, <Corr_type.UNI_RAND: 1>, 0.3, 9)",1035.2,2650.3,8310.7,16000.900000000001,25153.100000000002,33350.200000000004,41516.00000000001,49206.50000000001,57370.50000000001,64020.50000000001,72749.20000000001,80138.1,85844.90000000001,92897.6,100250.8,107791.3,114549.0,121702.4,128276.9,133045.0,140343.7,146654.6,152296.80000000002,157379.1,161787.0,167042.6,171771.6,178589.5,185602.9,190565.69999999998,196433.4,203022.6,209199.7,214788.7,220521.1,226020.6,232419.0,238109.5,244391.0,249270.4,254487.0,258687.3,261166.5,265013.4,267563.0,271767.8,275611.0,278728.0,282475.9,286812.7,290534.10000000003,295077.30000000005,299963.00000000006,303604.4000000001,308898.1000000001,312797.70000000007,318151.80000000005,322359.80000000005,325403.00000000006,330066.70000000007,334968.1000000001,339763.4000000001,343706.4000000001,347327.20000000007,349842.00000000006,352835.00000000006,356448.50000000006,360295.4000000001,363966.20000000007,366616.30000000005,369146.9,371962.4,375195.60000000003,378301.30000000005,381504.70000000007,384599.00000000006,387918.10000000003,391253.80000000005,393607.20000000007,396818.20000000007,399173.1000000001,400895.0000000001,402742.90000000014,404380.5000000001,407336.3000000001,408802.2000000001,411525.10000000015,413543.10000000015,416380.2000000001,418432.7000000001,420437.60000000015,422636.40000000014,424339.90000000014,426701.0000000001,428190.1000000001,431314.8000000001,433195.5000000001,435214.0000000001,437092.40000000014,439183.10000000015
