ground,0,"{(1, 11): 0.0, (1, 10): 5.919356152313398e-07, (1, 9): 1.2535133457748936e-05, (1, 8): 1.876225856131054e-11, (1, 7): 2.518129898981669e-13, (1, 5): 0.0, (1, 4): 0.0, (1, 3): 0.0, (1, 2): 0.0, (1, 1): 0.0, (2, 11): 0.0, (2, 10): 1.7849151663729258e-09, (2, 9): 0.0001314453036760417, (2, 8): 5.863151363490634e-07, (2, 7): 3.360420354894732e-07, (2, 5): 0.0, (2, 4): 0.0, (2, 3): 0.0, (2, 2): 0.0, (2, 1): 0.0, (3, 11): 0.0, (3, 10): 6.285989513132453e-11, (3, 9): 0.000980182501009729, (3, 8): 8.115634976333855e-05, (3, 7): 6.895602166811886e-05, (3, 6): 4.3895223944462294e-06, (3, 5): 0.0, (3, 4): 0.0, (3, 3): 5.509983359100854e-10, (3, 2): 0.0, (3, 1): 0.0, (4, 11): 7.472243709380823e-06, (4, 10): 0.00010622429752582083, (4, 9): 0.008698773903397624, (4, 8): 0.06787110815123025, (4, 7): 0.0021949008265294617, (4, 5): 0.0, (4, 4): 0.0, (4, 3): 7.086671420873368e-07, (4, 2): 0.0, (4, 1): 0.0, (5, 11): 3.504344174495076e-07, (5, 10): 3.756167566939213e-07, (5, 9): 0.029761443160022615, (5, 8): 0.18714110592889935, (5, 7): 0.029514837795711887, (5, 5): 0.0, (5, 4): 7.946463717297074e-08, (5, 3): 1.2260430591759742e-05, (5, 2): 4.450245404037227e-10, (5, 1): 8.319721282489634e-17, (6, 8): 0.37860595575331524, (6, 3): 0.0003052918008017542, (7, 11): 0.00020232011020223308, (7, 10): 0.005425957087333877, (7, 9): 0.08891020184397477, (7, 8): 0.6424692141116843, (7, 7): 0.005282347761247396, (7, 6): 0.004880351620200496, (7, 4): 0.00019679311726899777, (7, 3): 0.003455549223439564, (7, 2): 9.917955551365373e-05, (7, 1): 3.163939824230103e-08, (8, 11): 8.280226217590601e-06, (8, 10): 0.02722999624618001, (8, 9): 0.1307214055976787, (8, 8): 0.82527976126173, (8, 7): 0.3144997760244473, (8, 6): 0.28472626544570007, (8, 5): 0.12155194117175538, (8, 4): 0.04724086554953972, (8, 3): 0.011046145189968335, (8, 2): 0.0005808381133764353, (8, 1): 5.325047512197156e-11, (9, 11): 0.01601082067214895, (9, 10): 0.4299561508345075, (9, 9): 0.0696196010409907, (9, 8): 0.9295504236267904, (9, 7): 0.718199019524798, (9, 6): 0.4716171673008376, (9, 4): 0.008628438051961427, (9, 3): 0.002052226440859962, (9, 2): 1.136851223471505e-06, (9, 1): 0.0, (10, 11): 0.15761797742154982, (10, 10): 0.8906078578446794, (10, 9): 0.5278805065386745, (10, 8): 0.9610518490043121, (10, 7): 0.6517328334012015, (10, 6): 0.23264122395037531, (10, 4): 0.0009743382034477318, (10, 3): 5.153269586743026e-05, (10, 2): 0.0, (10, 1): 0.0, (11, 11): 0.0, (11, 10): 0.999972529238193, (11, 9): 0.9896621146833996, (11, 8): 0.9779396613818108, (11, 7): 0.4791511179953769, (11, 6): 0.03720552842181147, (11, 4): 2.0918442665954607e-05, (11, 3): 2.5023420691344083e-08, (11, 2): 0.0, (11, 1): 0.0}"
ground,1,"{(1, 11): 0.0, (1, 10): 7.50453081899152e-08, (1, 9): 0.0, (1, 8): 6.838524899031086e-05, (1, 7): 1.671590126804126e-06, (1, 5): 0.0, (1, 4): 0.0, (1, 3): 0.0, (1, 2): 0.0, (1, 1): 0.0, (2, 11): 2.0429362856974082e-07, (2, 10): 0.00012798623851109826, (2, 9): 0.002807326070271494, (2, 8): 0.007442478105434833, (2, 7): 2.9186592959832915e-05, (2, 5): 1.0468933979276443e-05, (2, 4): 5.558298109060874e-11, (2, 3): 9.958604802952365e-11, (2, 2): 0.0, (2, 1): 0.0, (3, 11): 1.9465433053717612e-05, (3, 10): 0.00026381270295961217, (3, 9): 0.020244645112519083, (3, 8): 0.06271313642782148, (3, 7): 0.017079183050706402, (3, 6): 0.0037117581716199486, (3, 5): 0.00046801525917543893, (3, 4): 2.5421385285159824e-05, (3, 3): 4.11465472454167e-09, (3, 2): 0.0, (3, 1): 0.0, (4, 11): 0.0, (4, 10): 1.0212254648846549e-06, (4, 9): 0.0163912898636681, (4, 8): 0.12443303402489159, (4, 7): 0.0006460870436167075, (4, 5): 1.4725064757638708e-06, (4, 4): 4.27958038688753e-07, (4, 3): 4.17356047746538e-11, (4, 2): 0.0, (4, 1): 0.0, (5, 11): 0.0, (5, 10): 1.647581307920292e-11, (5, 9): 0.017883120427924216, (5, 8): 0.26578020382958806, (5, 7): 3.903209334482954e-05, (5, 5): 0.0, (5, 4): 2.5687930416589348e-09, (5, 3): 0.0, (5, 2): 0.0, (5, 1): 0.0, (6, 8): 0.4153180909687768, (6, 3): 0.0, (7, 11): 0.0, (7, 10): 0.011105070872283492, (7, 9): 0.13369983175752637, (7, 8): 0.6634543028585199, (7, 7): 0.12642586334171058, (7, 6): 0.0479934614881367, (7, 4): 0.0026527176521063166, (7, 3): 1.977147631795271e-06, (7, 2): 5.511405113049342e-07, (7, 1): 3.301873235757422e-09, (8, 11): 0.0, (8, 10): 0.03223366944876967, (8, 9): 0.388046665785085, (8, 8): 0.8362620003644755, (8, 7): 0.5812955045140382, (8, 6): 0.2979801887726093, (8, 5): 0.11828150034384567, (8, 4): 0.03185663529634912, (8, 3): 0.0027617070502660617, (8, 2): 0.00017136750581401477, (8, 1): 0.0, (9, 11): 0.025323270071197678, (9, 10): 0.4374513985316862, (9, 9): 0.9493085648128652, (9, 8): 0.9072242504069621, (9, 7): 0.20295730730812178, (9, 6): 0.05100208430466986, (9, 4): 0.0037898405396272093, (9, 3): 0.00039448913791075805, (9, 2): 9.166248282393136e-06, (9, 1): 0.0, (10, 11): 0.8766673545346024, (10, 10): 0.6020111267757422, (10, 9): 0.9713335634538045, (10, 8): 0.2634792815268762, (10, 7): 0.023322910819638616, (10, 6): 0.0002443869946975786, (10, 4): 0.00018478915149713201, (10, 3): 1.4242987506660887e-05, (10, 2): 3.42995203667313e-07, (10, 1): 1.7732240561224658e-08, (11, 11): 0.0, (11, 10): 0.9997913868878265, (11, 9): 0.9886941462348787, (11, 8): 0.7365863731341321, (11, 7): 0.1519790367076983, (11, 6): 0.0030078686188005437, (11, 4): 8.569757003318232e-09, (11, 3): 0.0, (11, 2): 1.7732750952951235e-08, (11, 1): 0.0}"
ground,2,"{(1, 11): 0.0, (1, 10): 1.0691998274640197e-11, (1, 9): 2.5759520421641575e-07, (1, 8): 0.00010053550962890646, (1, 7): 4.892569566929222e-07, (1, 5): 7.354805130447609e-16, (1, 4): 1.1106899263913811e-08, (1, 3): 4.5430587361598914e-10, (1, 2): 1.0876398539519175e-12, (1, 1): 4.6768940358230155e-17, (2, 11): 0.0, (2, 10): 1.0976770104253227e-13, (2, 9): 0.0, (2, 8): 0.002525890576822479, (2, 7): 1.3831478344066084e-05, (2, 5): 2.7085851830170514e-07, (2, 4): 1.517572587658128e-07, (2, 3): 9.52090298098394e-16, (2, 2): 8.465718001981005e-17, (2, 1): 2.4229083220868143e-18, (3, 11): 0.0, (3, 10): 5.1059220699361005e-11, (3, 9): 0.0003801810642798278, (3, 8): 0.008282287223431632, (3, 7): 0.0011167195282371398, (3, 6): 0.0002027561325464924, (3, 5): 1.635223716991699e-05, (3, 4): 2.127753504527872e-06, (3, 3): 1.2984014934029116e-07, (3, 2): 2.3040214882588695e-10, (3, 1): 0.0, (4, 11): 0.0, (4, 10): 0.0002306796748081542, (4, 9): 0.004938406519238762, (4, 8): 0.025207045531292733, (4, 7): 2.7432003584917405e-05, (4, 5): 3.682507595099067e-10, (4, 4): 5.3912846039931984e-08, (4, 3): 0.0, (4, 2): 0.0, (4, 1): 0.0, (5, 11): 1.0401012782843128e-10, (5, 10): 7.957871353334787e-06, (5, 9): 0.0029568945097423974, (5, 8): 0.061891049027886544, (5, 7): 0.0018439005828589853, (5, 5): 0.0, (5, 4): 1.698781396148041e-09, (5, 3): 0.0, (5, 2): 0.0, (5, 1): 0.0, (6, 8): 0.13706807578703656, (6, 3): 0.0, (7, 11): 0.8020097752999021, (7, 10): 0.6616460585546207, (7, 9): 0.44182383505461764, (7, 8): 0.2511852493049218, (7, 7): 0.021113668593092445, (7, 6): 3.873885536247975e-05, (7, 4): 0.00043619563576452263, (7, 3): 0.0, (7, 2): 0.0, (7, 1): 0.0, (8, 11): 0.927816196136906, (8, 10): 0.18162579263278084, (8, 9): 0.011905885462467538, (8, 8): 0.009328868004661067, (8, 7): 0.08702850133100501, (8, 6): 0.09149085709387877, (8, 5): 0.026622449649605185, (8, 4): 0.007311930257369198, (8, 3): 0.0008787760655678029, (8, 2): 3.4478768599806555e-08, (8, 1): 2.853819645049101e-14, (9, 11): 0.9820745064511882, (9, 10): 0.406922874043557, (9, 9): 0.4118107617962401, (9, 8): 0.174123026927853, (9, 7): 0.41812666675398164, (9, 6): 0.20619052516548747, (9, 4): 0.0007038204793599625, (9, 3): 4.517056268152444e-05, (9, 2): 3.5544899651000434e-06, (9, 1): 2.0537657174207416e-07, (10, 11): 0.999935194591783, (10, 10): 0.9810063542780749, (10, 9): 0.9319688252467024, (10, 8): 0.8371607042928749, (10, 7): 0.6589370771382383, (10, 6): 0.16549545792206125, (10, 4): 4.767787326884692e-05, (10, 3): 6.948319901344615e-07, (10, 2): 5.536095830570806e-10, (10, 1): 0.0, (11, 11): 0.0, (11, 10): 0.6108282492632575, (11, 9): 0.15064349355747947, (11, 8): 0.3122416279183998, (11, 7): 0.02060484941763048, (11, 6): 0.0023702022715144247, (11, 4): 2.4129842907911794e-10, (11, 3): 3.656937865763836e-13, (11, 2): 6.0623302587017646e-12, (11, 1): 0.0}"
ground,3,"{(1, 11): 6.231327454761399e-18, (1, 10): 2.0297498583437706e-11, (1, 9): 5.228876757437615e-13, (1, 8): 7.61344453894177e-05, (1, 7): 0.0, (1, 5): 0.0, (1, 4): 4.594082953904171e-18, (1, 3): 0.0, (1, 2): 0.0, (1, 1): 0.0, (2, 11): 5.913840338402151e-08, (2, 10): 3.403179421312478e-09, (2, 9): 3.357461337482651e-10, (2, 8): 0.003235553504467194, (2, 7): 0.00018925983097650877, (2, 5): 0.0, (2, 4): 2.739056300983499e-10, (2, 3): 4.3451222473255665e-08, (2, 2): 0.0, (2, 1): 0.0, (3, 11): 1.7342920672970707e-05, (3, 10): 0.00024167764150483708, (3, 9): 0.0021450655199375702, (3, 8): 0.022416332379130793, (3, 7): 0.002400801432139497, (3, 6): 0.00013134380854242097, (3, 5): 9.073401053978726e-06, (3, 4): 1.8087078402152814e-08, (3, 3): 9.481031867670907e-07, (3, 2): 1.1167447114683682e-16, (3, 1): 1.667217673853853e-11, (4, 11): 5.30729317453725e-07, (4, 10): 0.00014303107325185565, (4, 9): 0.0037207025385463475, (4, 8): 0.06641266640126893, (4, 7): 9.364015208945155e-05, (4, 5): 1.6909650143702147e-07, (4, 4): 1.5740752531368229e-16, (4, 3): 5.5933806845268065e-06, (4, 2): 7.912586929512717e-09, (4, 1): 3.217969862586688e-10, (5, 11): 6.050834640964624e-11, (5, 10): 0.0, (5, 9): 0.00570964677626605, (5, 8): 0.1694212630048902, (5, 7): 0.00522445719644872, (5, 5): 5.220601799177228e-10, (5, 4): 5.975454701949556e-07, (5, 3): 4.780340561854514e-05, (5, 2): 1.2475931470829924e-06, (5, 1): 0.0, (6, 8): 0.3716844596012101, (6, 3): 0.0003417374242674258, (7, 11): 0.0, (7, 10): 0.010474782418147989, (7, 9): 0.08954356525656723, (7, 8): 0.57249074460574, (7, 7): 0.006181483564504527, (7, 6): 0.0710886469099847, (7, 4): 0.0004806805493775355, (7, 3): 0.003591769156834662, (7, 2): 0.0002685611966044912, (7, 1): 9.711392125934083e-06, (8, 11): 0.15189652419004776, (8, 10): 0.026266904056811896, (8, 9): 0.2669747880714854, (8, 8): 0.7875360817951877, (8, 7): 0.2765747574177089, (8, 6): 0.3378961437302952, (8, 5): 0.1407177891226198, (8, 4): 0.051079284564263305, (8, 3): 0.018055209316054782, (8, 2): 0.00262119015854702, (8, 1): 1.4205573851281247e-07, (9, 11): 0.542622754186625, (9, 10): 0.8391391137717346, (9, 9): 0.6610341219450868, (9, 8): 0.9333400259202199, (9, 7): 0.8144881404249485, (9, 6): 0.5881809890389073, (9, 4): 0.003716956837630842, (9, 3): 0.00027918669427805763, (9, 2): 0.0001441875103193238, (9, 1): 4.173901742349166e-09, (10, 11): 0.9999688539118051, (10, 10): 0.9898332926780649, (10, 9): 0.9785073132214819, (10, 8): 0.9633959001083664, (10, 7): 0.6915202490521183, (10, 6): 0.10555437375702334, (10, 4): 0.000365887815090485, (10, 3): 1.0316481955655024e-09, (10, 2): 2.444950229185359e-06, (10, 1): 0.0, (11, 11): 0.0, (11, 10): 0.38732375535815583, (11, 9): 0.3350705731942831, (11, 8): 0.48146808558619564, (11, 7): 0.07020585214613993, (11, 6): 2.0489254338703794e-05, (11, 4): 1.6336042645778772e-09, (11, 3): 0.0, (11, 2): 0.0, (11, 1): 0.0}"
ground,4,"{(1, 11): 2.1047257295840685e-08, (1, 10): 2.134134403403571e-07, (1, 9): 4.263325556578374e-15, (1, 8): 5.86651470074479e-07, (1, 7): 0.0, (1, 5): 7.343596384630743e-08, (1, 4): 0.0, (1, 3): 0.0, (1, 2): 7.483064442405294e-14, (1, 1): 6.972233518629167e-15, (2, 11): 1.5494597961507871e-06, (2, 10): 4.7299046232590356e-05, (2, 9): 0.0005319082250597907, (2, 8): 1.5317506259354082e-05, (2, 7): 0.00101261736071276, (2, 5): 2.1681501344311224e-06, (2, 4): 7.793745388409448e-11, (2, 3): 4.562441583157935e-11, (2, 2): 7.586164441389544e-13, (2, 1): 2.7433734152413426e-12, (3, 11): 3.440014430525603e-07, (3, 10): 0.0003052017490415988, (3, 9): 0.002238907169832862, (3, 8): 0.0132105076741996, (3, 7): 0.010470272853603389, (3, 6): 0.0011815553789024298, (3, 5): 0.00010267854187683475, (3, 4): 5.8917829388912885e-06, (3, 3): 2.846171520815584e-07, (3, 2): 1.0755110376389487e-08, (3, 1): 1.997779869685001e-10, (4, 11): 0.0011642243854122613, (4, 10): 0.008063434422720214, (4, 9): 0.040307398347644074, (4, 8): 0.131158892152983, (4, 7): 0.05289783746766401, (4, 5): 2.964874772984893e-07, (4, 4): 5.673316563211378e-09, (4, 3): 2.2160745299091345e-16, (4, 2): 0.0, (4, 1): 0.0, (5, 11): 0.00016739325608405015, (5, 10): 0.0006776637347083317, (5, 9): 0.018846476394636515, (5, 8): 0.21003550150047978, (5, 7): 0.004328481135617838, (5, 5): 0.0, (5, 4): 3.2541183847185675e-11, (5, 3): 0.0, (5, 2): 0.0, (5, 1): 0.0, (6, 8): 0.3555991542760794, (6, 3): 0.0, (7, 11): 5.747133887485341e-06, (7, 10): 0.0015737238915573958, (7, 9): 0.060623602373961694, (7, 8): 0.5863223110199336, (7, 7): 0.16888824292690358, (7, 6): 0.020566599362127107, (7, 4): 0.00196955481664918, (7, 3): 1.1330967127374994e-06, (7, 2): 3.020611341527344e-07, (7, 1): 0.0, (8, 11): 0.0077684167727582795, (8, 10): 0.05646003491940933, (8, 9): 0.08603468626770358, (8, 8): 0.773383668869828, (8, 7): 0.5419750875004384, (8, 6): 0.28214976081766907, (8, 5): 0.09986877894956886, (8, 4): 0.025874519709914234, (8, 3): 0.00023392663207002379, (8, 2): 8.900452355960908e-06, (8, 1): 0.0, (9, 11): 0.6096818297545105, (9, 10): 0.24799200610425512, (9, 9): 0.5592976390426737, (9, 8): 0.856441778832239, (9, 7): 0.29827828932950834, (9, 6): 0.054954439155290816, (9, 4): 0.008137540637667334, (9, 3): 0.0018835297284832348, (9, 2): 5.9444114051883835e-09, (9, 1): 3.1633429656831767e-16, (10, 11): 0.9523981816658087, (10, 10): 0.6182914181091029, (10, 9): 0.9647302110107386, (10, 8): 0.9176953348383703, (10, 7): 0.05287516585903498, (10, 6): 0.0032247000156161508, (10, 4): 5.092103772947652e-07, (10, 3): 9.016606833590288e-06, (10, 2): 0.0, (10, 1): 0.0, (11, 11): 0.0, (11, 10): 0.999479711958424, (11, 9): 0.9866821074926488, (11, 8): 0.6956440907258604, (11, 7): 0.24443044744419923, (11, 6): 1.982357874586926e-06, (11, 4): 1.7530358455264728e-10, (11, 3): 2.149628776400423e-08, (11, 2): 6.09627546938311e-15, (11, 1): 0.0}"
"(<Abstr_type.A_STAR: 2>, 0.0)",0,"{(1, 11): 6.466368504552658e-09, (1, 10): 2.20226356756202e-07, (1, 9): 0.0006037149775348392, (1, 8): 0.006131073219686848, (1, 7): 0.0021013010109416333, (1, 5): 1.4840527174180447e-05, (1, 4): 6.107477348134757e-06, (1, 3): 5.519545313831029e-07, (1, 2): 6.629660208756533e-08, (1, 1): 6.103946344291875e-11, (2, 11): 2.20226356756202e-07, (2, 10): 0.0006037149775348392, (2, 9): 0.0003776971540355757, (2, 8): 0.003151886477005433, (2, 7): 0.005501783213022316, (2, 5): 0.0003297229983743029, (2, 4): 3.8709609093096616e-05, (2, 3): 6.107477348134757e-06, (2, 2): 5.519545313831029e-07, (2, 1): 6.629660208756533e-08, (3, 11): 0.0006037149775348392, (3, 10): 0.0003776971540355757, (3, 9): 0.007892842289576074, (3, 8): 0.08189939366030269, (3, 7): 0.03531366608776802, (3, 6): 0.005501783213022316, (3, 5): 0.0021013010109416333, (3, 4): 0.0003668443230271037, (3, 3): 3.8709609093096616e-05, (3, 2): 6.107477348134757e-06, (3, 1): 5.519545313831029e-07, (4, 11): 0.0003776971540355757, (4, 10): 0.007892842289576074, (4, 9): 0.0043299326433590204, (4, 8): 0.061075976131496026, (4, 7): 0.041899069745603416, (4, 5): 1.529891061448977e-07, (4, 4): 3.8709609093096616e-05, (4, 3): 0.0003297229983743029, (4, 2): 3.8709609093096616e-05, (4, 1): 6.107477348134757e-06, (5, 11): 0.007892842289576074, (5, 10): 0.0043299326433590204, (5, 9): 0.00012344621411585516, (5, 8): 0.17311804923429192, (5, 7): 0.2410214444970599, (5, 5): 6.466368504552658e-09, (5, 4): 2.20226356756202e-07, (5, 3): 0.0012283445264548905, (5, 2): 0.0003668443230271037, (5, 1): 3.8709609093096616e-05, (6, 8): 0.3991258169030163, (6, 3): 0.006131073219686848, (7, 11): 0.21816271388244438, (7, 10): 0.8405987208049164, (7, 9): 0.7872242505588601, (7, 8): 0.6841010939314821, (7, 7): 0.5164025371795639, (7, 6): 0.36132284531134495, (7, 4): 0.08189939366030269, (7, 3): 0.03531366608776802, (7, 2): 0.005501783213022316, (7, 1): 0.0021013010109416333, (8, 11): 0.6000506424155663, (8, 10): 0.8548595810070775, (8, 9): 0.8405987208049164, (8, 8): 0.7872242505588601, (8, 7): 0.6841010939314821, (8, 6): 0.5164025371795639, (8, 5): 0.36132284531134495, (8, 4): 0.2410214444970599, (8, 3): 0.041899069745603416, (8, 2): 0.03531366608776802, (8, 1): 0.005501783213022316, (9, 11): 0.8458797955210521, (9, 10): 0.8659169955970125, (9, 9): 0.8548595810070775, (9, 8): 0.8405987208049164, (9, 7): 0.7872242505588601, (9, 6): 0.6841010939314821, (9, 4): 0.0673366519093616, (9, 3): 0.03531366608776802, (9, 2): 0.005501783213022316, (9, 1): 0.0021013010109416333, (10, 11): 0.5013195151806277, (10, 10): 0.9287523176111431, (10, 9): 0.8659169955970125, (10, 8): 0.8548595810070775, (10, 7): 0.8405987208049164, (10, 6): 0.7872242505588601, (10, 4): 0.0016699188988363008, (10, 3): 0.005501783213022316, (10, 2): 0.0021013010109416333, (10, 1): 0.0003668443230271037, (11, 11): 0.0, (11, 10): 0.999961810637362, (11, 9): 0.9287523176111431, (11, 8): 0.8659169955970125, (11, 7): 0.8548595810070775, (11, 6): 0.8405987208049164, (11, 4): 0.00038921170040634944, (11, 3): 0.0021013010109416333, (11, 2): 0.0003668443230271037, (11, 1): 3.8709609093096616e-05}"
"(<Abstr_type.A_STAR: 2>, 0.0)",1,"{(1, 11): 2.2521742781208298e-07, (1, 10): 4.894364179138951e-06, (1, 9): 0.0002524771309828788, (1, 8): 0.0023419118668768033, (1, 7): 0.0006278890049644035, (1, 5): 1.4301542432691159e-05, (1, 4): 4.457998641410912e-06, (1, 3): 4.4521029111891247e-07, (1, 2): 1.6373062490234652e-08, (1, 1): 0.0, (2, 11): 4.894364179138951e-06, (2, 10): 0.0002524771309828788, (2, 9): 0.0021986918599110295, (2, 8): 0.0042405368473355295, (2, 7): 0.0045485460536387355, (2, 5): 8.69472996623082e-05, (2, 4): 1.3249833537035838e-05, (2, 3): 4.457998641410912e-06, (2, 2): 4.4521029111891247e-07, (2, 1): 1.6373062490234652e-08, (3, 11): 0.0002524771309828788, (3, 10): 0.0021986918599110295, (3, 9): 0.013169667700239012, (3, 8): 0.04604186497941922, (3, 7): 0.014553910944670392, (3, 6): 0.0045485460536387355, (3, 5): 0.0006278890049644035, (3, 4): 2.6901740461089632e-05, (3, 3): 1.3249833537035838e-05, (3, 2): 4.457998641410912e-06, (3, 1): 4.4521029111891247e-07, (4, 11): 0.0021986918599110295, (4, 10): 0.013169667700239012, (4, 9): 0.002671907413180339, (4, 8): 0.09542399044981693, (4, 7): 0.006345125634265387, (4, 5): 4.792606036947517e-05, (4, 4): 1.3249833537035838e-05, (4, 3): 8.69472996623082e-05, (4, 2): 1.3249833537035838e-05, (4, 1): 4.457998641410912e-06, (5, 11): 0.013169667700239012, (5, 10): 0.002671907413180339, (5, 9): 0.024392379470276095, (5, 8): 0.20295798348675795, (5, 7): 0.04548058586612367, (5, 5): 2.2521742781208298e-07, (5, 4): 4.894364179138951e-06, (5, 3): 0.00019963183332674208, (5, 2): 2.6901740461089632e-05, (5, 1): 1.3249833537035838e-05, (6, 8): 0.32140212643633054, (6, 3): 0.0023419118668768033, (7, 11): 0.6892190335585432, (7, 10): 0.7409385055751736, (7, 9): 0.5974514590734106, (7, 8): 0.4843376895435353, (7, 7): 0.2296509079046153, (7, 6): 0.08267188279005086, (7, 4): 0.04604186497941922, (7, 3): 0.014553910944670392, (7, 2): 0.0045485460536387355, (7, 1): 0.0006278890049644035, (8, 11): 0.8105334221951824, (8, 10): 0.9128030397589408, (8, 9): 0.7409385055751736, (8, 8): 0.5974514590734106, (8, 7): 0.4843376895435353, (8, 6): 0.2296509079046153, (8, 5): 0.08267188279005086, (8, 4): 0.04548058586612367, (8, 3): 0.006345125634265387, (8, 2): 0.014553910944670392, (8, 1): 0.0045485460536387355, (9, 11): 0.5999085324281423, (9, 10): 0.9543248127676962, (9, 9): 0.9128030397589408, (9, 8): 0.7409385055751736, (9, 7): 0.5974514590734106, (9, 6): 0.4843376895435353, (9, 4): 0.009595577491140433, (9, 3): 0.014553910944670392, (9, 2): 0.0045485460536387355, (9, 1): 0.0006278890049644035, (10, 11): 0.9984970277569738, (10, 10): 0.9795226678398103, (10, 9): 0.9543248127676962, (10, 8): 0.9128030397589408, (10, 7): 0.7409385055751736, (10, 6): 0.5974514590734106, (10, 4): 0.00021457486268551036, (10, 3): 0.0045485460536387355, (10, 2): 0.0006278890049644035, (10, 1): 2.6901740461089632e-05, (11, 11): 0.0, (11, 10): 0.9832647149174571, (11, 9): 0.9795226678398103, (11, 8): 0.9543248127676962, (11, 7): 0.9128030397589408, (11, 6): 0.7409385055751736, (11, 4): 0.00011921036843102727, (11, 3): 0.0006278890049644035, (11, 2): 2.6901740461089632e-05, (11, 1): 1.3249833537035838e-05}"
"(<Abstr_type.A_STAR: 2>, 0.0)",2,"{(1, 11): 7.929306279086956e-06, (1, 10): 2.3210573705492524e-06, (1, 9): 1.3292306177397549e-05, (1, 8): 0.002821813407919439, (1, 7): 0.0034084443754419454, (1, 5): 2.641176100482216e-11, (1, 4): 3.3725264807913666e-06, (1, 3): 1.493045748050166e-11, (1, 2): 8.770975592310817e-16, (1, 1): 0.0, (2, 11): 2.3210573705492524e-06, (2, 10): 1.3292306177397549e-05, (2, 9): 9.989587547518473e-05, (2, 8): 0.000241547649816942, (2, 7): 0.004274513631731557, (2, 5): 0.0002246344194908458, (2, 4): 7.381053217377881e-05, (2, 3): 3.3725264807913666e-06, (2, 2): 1.493045748050166e-11, (2, 1): 8.770975592310817e-16, (3, 11): 1.3292306177397549e-05, (3, 10): 9.989587547518473e-05, (3, 9): 0.002136914086361831, (3, 8): 0.0018303897690544592, (3, 7): 0.017043880608143547, (3, 6): 0.004274513631731557, (3, 5): 0.0034084443754419454, (3, 4): 0.0005895010126547393, (3, 3): 7.381053217377881e-05, (3, 2): 3.3725264807913666e-06, (3, 1): 1.493045748050166e-11, (4, 11): 9.989587547518473e-05, (4, 10): 0.002136914086361831, (4, 9): 0.02355209425927436, (4, 8): 0.1510567986074748, (4, 7): 0.056616598029640065, (4, 5): 0.0006743330014064824, (4, 4): 7.381053217377881e-05, (4, 3): 0.0002246344194908458, (4, 2): 7.381053217377881e-05, (4, 1): 3.3725264807913666e-06, (5, 11): 0.002136914086361831, (5, 10): 0.02355209425927436, (5, 9): 0.00013199362000203735, (5, 8): 0.31946831161480926, (5, 7): 0.09190214597467578, (5, 5): 7.929306279086956e-06, (5, 4): 2.3210573705492524e-06, (5, 3): 0.0003336238122321308, (5, 2): 0.0005895010126547393, (5, 1): 7.381053217377881e-05, (6, 8): 0.510180640986244, (6, 3): 0.002821813407919439, (7, 11): 0.1254550234317556, (7, 10): 0.8125998463359829, (7, 9): 0.7532514869818753, (7, 8): 0.6791804960712221, (7, 7): 0.3597470055037117, (7, 6): 0.18148765993237717, (7, 4): 0.0018303897690544592, (7, 3): 0.017043880608143547, (7, 2): 0.004274513631731557, (7, 1): 0.0034084443754419454, (8, 11): 0.33372820573605755, (8, 10): 0.8723955901028687, (8, 9): 0.8125998463359829, (8, 8): 0.7532514869818753, (8, 7): 0.6791804960712221, (8, 6): 0.3597470055037117, (8, 5): 0.18148765993237717, (8, 4): 0.09190214597467578, (8, 3): 0.056616598029640065, (8, 2): 0.017043880608143547, (8, 1): 0.004274513631731557, (9, 11): 0.3632959568057317, (9, 10): 0.9193305863288317, (9, 9): 0.8723955901028687, (9, 8): 0.8125998463359829, (9, 7): 0.7532514869818753, (9, 6): 0.6791804960712221, (9, 4): 0.0005295614945331545, (9, 3): 0.017043880608143547, (9, 2): 0.004274513631731557, (9, 1): 0.0034084443754419454, (10, 11): 0.9928167051317348, (10, 10): 0.9794696725428335, (10, 9): 0.9193305863288317, (10, 8): 0.8723955901028687, (10, 7): 0.8125998463359829, (10, 6): 0.7532514869818753, (10, 4): 0.0015454026499452478, (10, 3): 0.004274513631731557, (10, 2): 0.0034084443754419454, (10, 1): 0.0005895010126547393, (11, 11): 0.0, (11, 10): 0.996553659239371, (11, 9): 0.9794696725428335, (11, 8): 0.9193305863288317, (11, 7): 0.8723955901028687, (11, 6): 0.8125998463359829, (11, 4): 0.0002913974161956392, (11, 3): 0.0034084443754419454, (11, 2): 0.0005895010126547393, (11, 1): 7.381053217377881e-05}"
"(<Abstr_type.A_STAR: 2>, 0.0)",3,"{(1, 11): 1.1080230532043218e-07, (1, 10): 4.803363672914083e-07, (1, 9): 3.4943304141667276e-06, (1, 8): 0.002511408116950233, (1, 7): 0.0005945825413805233, (1, 5): 7.635826782637187e-08, (1, 4): 1.8771686410575466e-06, (1, 3): 2.8762296066953367e-07, (1, 2): 1.8604745437060294e-08, (1, 1): 0.0, (2, 11): 4.803363672914083e-07, (2, 10): 3.4943304141667276e-06, (2, 9): 0.000315126241995328, (2, 8): 0.0025420741596625038, (2, 7): 0.002276472045294815, (2, 5): 5.950343216382895e-05, (2, 4): 1.2781758705933213e-05, (2, 3): 1.8771686410575466e-06, (2, 2): 2.8762296066953367e-07, (2, 1): 1.8604745437060294e-08, (3, 11): 3.4943304141667276e-06, (3, 10): 0.000315126241995328, (3, 9): 0.004051833798834701, (3, 8): 0.03302332338925825, (3, 7): 0.010492331464139531, (3, 6): 0.002276472045294815, (3, 5): 0.0005945825413805233, (3, 4): 8.572021720290133e-05, (3, 3): 1.2781758705933213e-05, (3, 2): 1.8771686410575466e-06, (3, 1): 2.8762296066953367e-07, (4, 11): 0.000315126241995328, (4, 10): 0.004051833798834701, (4, 9): 0.013270412499716475, (4, 8): 0.08443640276544796, (4, 7): 0.02114924576329732, (4, 5): 4.342479267616437e-05, (4, 4): 1.2781758705933213e-05, (4, 3): 5.950343216382895e-05, (4, 2): 1.2781758705933213e-05, (4, 1): 1.8771686410575466e-06, (5, 11): 0.004051833798834701, (5, 10): 0.013270412499716475, (5, 9): 0.022950291590774507, (5, 8): 0.20236042190072764, (5, 7): 0.10943394809040019, (5, 5): 1.1080230532043218e-07, (5, 4): 4.803363672914083e-07, (5, 3): 0.0004833299775922538, (5, 2): 8.572021720290133e-05, (5, 1): 1.2781758705933213e-05, (6, 8): 0.38274637538901046, (6, 3): 0.002511408116950233, (7, 11): 0.3000103284631956, (7, 10): 0.7859358472015275, (7, 9): 0.695932181190943, (7, 8): 0.6040761605713701, (7, 7): 0.4116415342961887, (7, 6): 0.22885903192023963, (7, 4): 0.03302332338925825, (7, 3): 0.010492331464139531, (7, 2): 0.002276472045294815, (7, 1): 0.0005945825413805233, (8, 11): 0.40166107645776483, (8, 10): 0.80140268826833, (8, 9): 0.7859358472015275, (8, 8): 0.695932181190943, (8, 7): 0.6040761605713701, (8, 6): 0.4116415342961887, (8, 5): 0.22885903192023963, (8, 4): 0.10943394809040019, (8, 3): 0.02114924576329732, (8, 2): 0.010492331464139531, (8, 1): 0.002276472045294815, (9, 11): 0.6841032316940119, (9, 10): 0.8272728750775398, (9, 9): 0.80140268826833, (9, 8): 0.7859358472015275, (9, 7): 0.695932181190943, (9, 6): 0.6040761605713701, (9, 4): 0.018632862998482415, (9, 3): 0.010492331464139531, (9, 2): 0.002276472045294815, (9, 1): 0.0005945825413805233, (10, 11): 0.5684865913789151, (10, 10): 0.9664181033612852, (10, 9): 0.8272728750775398, (10, 8): 0.80140268826833, (10, 7): 0.7859358472015275, (10, 6): 0.695932181190943, (10, 4): 0.00014473823478725214, (10, 3): 0.002276472045294815, (10, 2): 0.0005945825413805233, (10, 1): 8.572021720290133e-05, (11, 11): 0.0, (11, 10): 0.9999689006275049, (11, 9): 0.9664181033612852, (11, 8): 0.8272728750775398, (11, 7): 0.80140268826833, (11, 6): 0.7859358472015275, (11, 4): 1.959769303956989e-05, (11, 3): 0.0005945825413805233, (11, 2): 8.572021720290133e-05, (11, 1): 1.2781758705933213e-05}"
"(<Abstr_type.A_STAR: 2>, 0.0)",4,"{(1, 11): 3.244504090456324e-08, (1, 10): 1.3311127711296828e-06, (1, 9): 6.146458858643505e-06, (1, 8): 0.0033657122071692656, (1, 7): 0.0004545629888293401, (1, 5): 5.143703327970558e-06, (1, 4): 1.0013153536995704e-06, (1, 3): 1.1951802088329185e-07, (1, 2): 6.799929767645323e-10, (1, 1): 5.919458433282157e-12, (2, 11): 1.3311127711296828e-06, (2, 10): 6.146458858643505e-06, (2, 9): 0.00020063630932784054, (2, 8): 0.0005605250591266802, (2, 7): 0.003379228071586346, (2, 5): 4.984053384158661e-05, (2, 4): 7.6236684183686575e-06, (2, 3): 1.0013153536995704e-06, (2, 2): 1.1951802088329185e-07, (2, 1): 6.799929767645323e-10, (3, 11): 6.146458858643505e-06, (3, 10): 0.00020063630932784054, (3, 9): 0.0022561730370516293, (3, 8): 0.01318261791712522, (3, 7): 0.015307439529333116, (3, 6): 0.003379228071586346, (3, 5): 0.0004545629888293401, (3, 4): 0.00010099706532392538, (3, 3): 7.6236684183686575e-06, (3, 2): 1.0013153536995704e-06, (3, 1): 1.1951802088329185e-07, (4, 11): 0.00020063630932784054, (4, 10): 0.0022561730370516293, (4, 9): 0.013419687764415869, (4, 8): 0.07369750767910523, (4, 7): 0.04210526278676428, (4, 5): 2.435465078566945e-05, (4, 4): 7.6236684183686575e-06, (4, 3): 4.984053384158661e-05, (4, 2): 7.6236684183686575e-06, (4, 1): 1.0013153536995704e-06, (5, 11): 0.0022561730370516293, (5, 10): 0.013419687764415869, (5, 9): 0.011098724438519962, (5, 8): 0.16043887893460357, (5, 7): 0.1269526733756889, (5, 5): 3.244504090456324e-08, (5, 4): 1.3311127711296828e-06, (5, 3): 0.0007340144349856782, (5, 2): 0.00010099706532392538, (5, 1): 7.6236684183686575e-06, (6, 8): 0.3091287783361616, (6, 3): 0.0033657122071692656, (7, 11): 0.6035176406979753, (7, 10): 0.6545071256726301, (7, 9): 0.6429450787590082, (7, 8): 0.5256303157203, (7, 7): 0.36724085087732766, (7, 6): 0.2267467469879193, (7, 4): 0.01318261791712522, (7, 3): 0.015307439529333116, (7, 2): 0.003379228071586346, (7, 1): 0.0004545629888293401, (8, 11): 0.9373630608432137, (8, 10): 0.8677841852928591, (8, 9): 0.6545071256726301, (8, 8): 0.6429450787590082, (8, 7): 0.5256303157203, (8, 6): 0.36724085087732766, (8, 5): 0.2267467469879193, (8, 4): 0.1269526733756889, (8, 3): 0.04210526278676428, (8, 2): 0.015307439529333116, (8, 1): 0.003379228071586346, (9, 11): 0.9887854906758566, (9, 10): 0.8814833620293062, (9, 9): 0.8677841852928591, (9, 8): 0.6545071256726301, (9, 7): 0.6429450787590082, (9, 6): 0.5256303157203, (9, 4): 0.03297755445745645, (9, 3): 0.015307439529333116, (9, 2): 0.003379228071586346, (9, 1): 0.0004545629888293401, (10, 11): 0.9999291759301157, (10, 10): 0.8236161798101257, (10, 9): 0.8814833620293062, (10, 8): 0.8677841852928591, (10, 7): 0.6545071256726301, (10, 6): 0.6429450787590082, (10, 4): 0.0041350025853425345, (10, 3): 0.003379228071586346, (10, 2): 0.0004545629888293401, (10, 1): 0.00010099706532392538, (11, 11): 0.0, (11, 10): 0.6503698803595, (11, 9): 0.8236161798101257, (11, 8): 0.8814833620293062, (11, 7): 0.8677841852928591, (11, 6): 0.6545071256726301, (11, 4): 0.00029437327658176835, (11, 3): 0.0004545629888293401, (11, 2): 0.00010099706532392538, (11, 1): 7.6236684183686575e-06}"
"(<Abstr_type.PI_STAR: 3>, 0.0)",0,"{(1, 11): 0.7846338349377823, (1, 10): 0.7846338349377823, (1, 9): 0.7846338349377823, (1, 8): 0.876439408632882, (1, 7): 0.7513596035065809, (1, 5): 0.876439408632882, (1, 4): 0.7513596035065809, (1, 3): 0.7513596035065809, (1, 2): 0.7513596035065809, (1, 1): 0.7513596035065809, (2, 11): 0.7846338349377823, (2, 10): 0.7846338349377823, (2, 9): 0.7846338349377823, (2, 8): 0.876439408632882, (2, 7): 0.7513596035065809, (2, 5): 0.876439408632882, (2, 4): 0.7513596035065809, (2, 3): 0.7513596035065809, (2, 2): 0.7513596035065809, (2, 1): 0.7513596035065809, (3, 11): 0.7846338349377823, (3, 10): 0.7846338349377823, (3, 9): 0.7846338349377823, (3, 8): 0.876439408632882, (3, 7): 0.7513596035065809, (3, 6): 0.7513596035065809, (3, 5): 0.7513596035065809, (3, 4): 0.7513596035065809, (3, 3): 0.7513596035065809, (3, 2): 0.7513596035065809, (3, 1): 0.7513596035065809, (4, 11): 0.7846338349377823, (4, 10): 0.7846338349377823, (4, 9): 0.7846338349377823, (4, 8): 0.876439408632882, (4, 7): 0.7513596035065809, (4, 5): 0.6570699773593821, (4, 4): 0.7513596035065809, (4, 3): 0.876439408632882, (4, 2): 0.7513596035065809, (4, 1): 0.7513596035065809, (5, 11): 0.7846338349377823, (5, 10): 0.7846338349377823, (5, 9): 0.7846338349377823, (5, 8): 0.876439408632882, (5, 7): 0.7513596035065809, (5, 5): 0.7846338349377823, (5, 4): 0.7846338349377823, (5, 3): 0.876439408632882, (5, 2): 0.7513596035065809, (5, 1): 0.7513596035065809, (6, 8): 0.876439408632882, (6, 3): 0.876439408632882, (7, 11): 0.876439408632882, (7, 10): 0.7513596035065809, (7, 9): 0.7513596035065809, (7, 8): 0.7513596035065809, (7, 7): 0.7513596035065809, (7, 6): 0.7513596035065809, (7, 4): 0.876439408632882, (7, 3): 0.7513596035065809, (7, 2): 0.7513596035065809, (7, 1): 0.7513596035065809, (8, 11): 0.876439408632882, (8, 10): 0.7513596035065809, (8, 9): 0.7513596035065809, (8, 8): 0.7513596035065809, (8, 7): 0.7513596035065809, (8, 6): 0.7513596035065809, (8, 5): 0.7513596035065809, (8, 4): 0.7513596035065809, (8, 3): 0.7513596035065809, (8, 2): 0.7513596035065809, (8, 1): 0.7513596035065809, (9, 11): 0.876439408632882, (9, 10): 0.7513596035065809, (9, 9): 0.7513596035065809, (9, 8): 0.7513596035065809, (9, 7): 0.7513596035065809, (9, 6): 0.7513596035065809, (9, 4): 0.6570699773593821, (9, 3): 0.7513596035065809, (9, 2): 0.7513596035065809, (9, 1): 0.7513596035065809, (10, 11): 0.876439408632882, (10, 10): 0.7513596035065809, (10, 9): 0.7513596035065809, (10, 8): 0.7513596035065809, (10, 7): 0.7513596035065809, (10, 6): 0.7513596035065809, (10, 4): 0.6570699773593821, (10, 3): 0.7513596035065809, (10, 2): 0.7513596035065809, (10, 1): 0.7513596035065809, (11, 11): 0.0, (11, 10): 0.7513596035065809, (11, 9): 0.7513596035065809, (11, 8): 0.7513596035065809, (11, 7): 0.7513596035065809, (11, 6): 0.7513596035065809, (11, 4): 0.6570699773593821, (11, 3): 0.7513596035065809, (11, 2): 0.7513596035065809, (11, 1): 0.7513596035065809}"
"(<Abstr_type.PI_STAR: 3>, 0.0)",1,"{(1, 11): 0.6585984767551907, (1, 10): 0.6585984767551907, (1, 9): 0.6585984767551907, (1, 8): 0.8714539232711309, (1, 7): 0.7542766078346822, (1, 5): 0.8714539232711309, (1, 4): 0.7542766078346822, (1, 3): 0.7542766078346822, (1, 2): 0.7542766078346822, (1, 1): 0.7542766078346822, (2, 11): 0.6585984767551907, (2, 10): 0.6585984767551907, (2, 9): 0.6585984767551907, (2, 8): 0.8714539232711309, (2, 7): 0.7542766078346822, (2, 5): 0.8714539232711309, (2, 4): 0.7542766078346822, (2, 3): 0.7542766078346822, (2, 2): 0.7542766078346822, (2, 1): 0.7542766078346822, (3, 11): 0.6585984767551907, (3, 10): 0.6585984767551907, (3, 9): 0.6585984767551907, (3, 8): 0.8714539232711309, (3, 7): 0.7542766078346822, (3, 6): 0.7542766078346822, (3, 5): 0.7542766078346822, (3, 4): 0.7542766078346822, (3, 3): 0.7542766078346822, (3, 2): 0.7542766078346822, (3, 1): 0.7542766078346822, (4, 11): 0.6585984767551907, (4, 10): 0.6585984767551907, (4, 9): 0.6585984767551907, (4, 8): 0.8714539232711309, (4, 7): 0.7542766078346822, (4, 5): 0.6415687617190692, (4, 4): 0.7542766078346822, (4, 3): 0.8714539232711309, (4, 2): 0.7542766078346822, (4, 1): 0.7542766078346822, (5, 11): 0.6585984767551907, (5, 10): 0.6585984767551907, (5, 9): 0.6585984767551907, (5, 8): 0.8714539232711309, (5, 7): 0.7542766078346822, (5, 5): 0.6585984767551907, (5, 4): 0.6585984767551907, (5, 3): 0.8714539232711309, (5, 2): 0.7542766078346822, (5, 1): 0.7542766078346822, (6, 8): 0.8714539232711309, (6, 3): 0.8714539232711309, (7, 11): 0.8714539232711309, (7, 10): 0.7542766078346822, (7, 9): 0.7542766078346822, (7, 8): 0.7542766078346822, (7, 7): 0.7542766078346822, (7, 6): 0.7542766078346822, (7, 4): 0.8714539232711309, (7, 3): 0.7542766078346822, (7, 2): 0.7542766078346822, (7, 1): 0.7542766078346822, (8, 11): 0.8714539232711309, (8, 10): 0.7542766078346822, (8, 9): 0.7542766078346822, (8, 8): 0.7542766078346822, (8, 7): 0.7542766078346822, (8, 6): 0.7542766078346822, (8, 5): 0.7542766078346822, (8, 4): 0.7542766078346822, (8, 3): 0.7542766078346822, (8, 2): 0.7542766078346822, (8, 1): 0.7542766078346822, (9, 11): 0.8714539232711309, (9, 10): 0.7542766078346822, (9, 9): 0.7542766078346822, (9, 8): 0.7542766078346822, (9, 7): 0.7542766078346822, (9, 6): 0.7542766078346822, (9, 4): 0.6415687617190692, (9, 3): 0.7542766078346822, (9, 2): 0.7542766078346822, (9, 1): 0.7542766078346822, (10, 11): 0.8714539232711309, (10, 10): 0.7542766078346822, (10, 9): 0.7542766078346822, (10, 8): 0.7542766078346822, (10, 7): 0.7542766078346822, (10, 6): 0.7542766078346822, (10, 4): 0.6415687617190692, (10, 3): 0.7542766078346822, (10, 2): 0.7542766078346822, (10, 1): 0.7542766078346822, (11, 11): 0.0, (11, 10): 0.7542766078346822, (11, 9): 0.7542766078346822, (11, 8): 0.7542766078346822, (11, 7): 0.7542766078346822, (11, 6): 0.7542766078346822, (11, 4): 0.6415687617190692, (11, 3): 0.7542766078346822, (11, 2): 0.7542766078346822, (11, 1): 0.7542766078346822}"
"(<Abstr_type.PI_STAR: 3>, 0.0)",2,"{(1, 11): 0.7157072423642353, (1, 10): 0.7157072423642353, (1, 9): 0.7157072423642353, (1, 8): 0.9009202204445186, (1, 7): 0.8158134289352457, (1, 5): 0.9009202204445186, (1, 4): 0.8158134289352457, (1, 3): 0.8158134289352457, (1, 2): 0.8158134289352457, (1, 1): 0.8158134289352457, (2, 11): 0.7157072423642353, (2, 10): 0.7157072423642353, (2, 9): 0.7157072423642353, (2, 8): 0.9009202204445186, (2, 7): 0.8158134289352457, (2, 5): 0.9009202204445186, (2, 4): 0.8158134289352457, (2, 3): 0.8158134289352457, (2, 2): 0.8158134289352457, (2, 1): 0.8158134289352457, (3, 11): 0.7157072423642353, (3, 10): 0.7157072423642353, (3, 9): 0.7157072423642353, (3, 8): 0.9009202204445186, (3, 7): 0.8158134289352457, (3, 6): 0.8158134289352457, (3, 5): 0.8158134289352457, (3, 4): 0.8158134289352457, (3, 3): 0.8158134289352457, (3, 2): 0.8158134289352457, (3, 1): 0.8158134289352457, (4, 11): 0.7157072423642353, (4, 10): 0.7157072423642353, (4, 9): 0.7157072423642353, (4, 8): 0.9009202204445186, (4, 7): 0.8158134289352457, (4, 5): 0.6879810187244755, (4, 4): 0.8158134289352457, (4, 3): 0.9009202204445186, (4, 2): 0.8158134289352457, (4, 1): 0.8158134289352457, (5, 11): 0.7157072423642353, (5, 10): 0.7157072423642353, (5, 9): 0.7157072423642353, (5, 8): 0.9009202204445186, (5, 7): 0.8158134289352457, (5, 5): 0.7157072423642353, (5, 4): 0.7157072423642353, (5, 3): 0.9009202204445186, (5, 2): 0.8158134289352457, (5, 1): 0.8158134289352457, (6, 8): 0.9009202204445186, (6, 3): 0.9009202204445186, (7, 11): 0.9009202204445186, (7, 10): 0.8158134289352457, (7, 9): 0.8158134289352457, (7, 8): 0.8158134289352457, (7, 7): 0.8158134289352457, (7, 6): 0.8158134289352457, (7, 4): 0.9009202204445186, (7, 3): 0.8158134289352457, (7, 2): 0.8158134289352457, (7, 1): 0.8158134289352457, (8, 11): 0.9009202204445186, (8, 10): 0.8158134289352457, (8, 9): 0.8158134289352457, (8, 8): 0.8158134289352457, (8, 7): 0.8158134289352457, (8, 6): 0.8158134289352457, (8, 5): 0.8158134289352457, (8, 4): 0.8158134289352457, (8, 3): 0.8158134289352457, (8, 2): 0.8158134289352457, (8, 1): 0.8158134289352457, (9, 11): 0.9009202204445186, (9, 10): 0.8158134289352457, (9, 9): 0.8158134289352457, (9, 8): 0.8158134289352457, (9, 7): 0.8158134289352457, (9, 6): 0.8158134289352457, (9, 4): 0.6879810187244755, (9, 3): 0.8158134289352457, (9, 2): 0.8158134289352457, (9, 1): 0.8158134289352457, (10, 11): 0.9009202204445186, (10, 10): 0.8158134289352457, (10, 9): 0.8158134289352457, (10, 8): 0.8158134289352457, (10, 7): 0.8158134289352457, (10, 6): 0.8158134289352457, (10, 4): 0.6879810187244755, (10, 3): 0.8158134289352457, (10, 2): 0.8158134289352457, (10, 1): 0.8158134289352457, (11, 11): 0.0, (11, 10): 0.8158134289352457, (11, 9): 0.8158134289352457, (11, 8): 0.8158134289352457, (11, 7): 0.8158134289352457, (11, 6): 0.8158134289352457, (11, 4): 0.6879810187244755, (11, 3): 0.8158134289352457, (11, 2): 0.8158134289352457, (11, 1): 0.8158134289352457}"
"(<Abstr_type.PI_STAR: 3>, 0.0)",3,"{(1, 11): 0.5162077863849129, (1, 10): 0.5162077863849129, (1, 9): 0.5162077863849129, (1, 8): 0.719119774522558, (1, 7): 0.5925075097770913, (1, 5): 0.719119774522558, (1, 4): 0.5925075097770913, (1, 3): 0.5925075097770913, (1, 2): 0.5925075097770913, (1, 1): 0.5925075097770913, (2, 11): 0.5162077863849129, (2, 10): 0.5162077863849129, (2, 9): 0.5162077863849129, (2, 8): 0.719119774522558, (2, 7): 0.5925075097770913, (2, 5): 0.719119774522558, (2, 4): 0.5925075097770913, (2, 3): 0.5925075097770913, (2, 2): 0.5925075097770913, (2, 1): 0.5925075097770913, (3, 11): 0.5162077863849129, (3, 10): 0.5162077863849129, (3, 9): 0.5162077863849129, (3, 8): 0.719119774522558, (3, 7): 0.5925075097770913, (3, 6): 0.5925075097770913, (3, 5): 0.5925075097770913, (3, 4): 0.5925075097770913, (3, 3): 0.5925075097770913, (3, 2): 0.5925075097770913, (3, 1): 0.5925075097770913, (4, 11): 0.5162077863849129, (4, 10): 0.5162077863849129, (4, 9): 0.5162077863849129, (4, 8): 0.719119774522558, (4, 7): 0.5925075097770913, (4, 5): 0.5551721433202922, (4, 4): 0.5925075097770913, (4, 3): 0.719119774522558, (4, 2): 0.5925075097770913, (4, 1): 0.5925075097770913, (5, 11): 0.5162077863849129, (5, 10): 0.5162077863849129, (5, 9): 0.5162077863849129, (5, 8): 0.719119774522558, (5, 7): 0.5925075097770913, (5, 5): 0.5162077863849129, (5, 4): 0.5162077863849129, (5, 3): 0.719119774522558, (5, 2): 0.5925075097770913, (5, 1): 0.5925075097770913, (6, 8): 0.719119774522558, (6, 3): 0.719119774522558, (7, 11): 0.719119774522558, (7, 10): 0.5925075097770913, (7, 9): 0.5925075097770913, (7, 8): 0.5925075097770913, (7, 7): 0.5925075097770913, (7, 6): 0.5925075097770913, (7, 4): 0.719119774522558, (7, 3): 0.5925075097770913, (7, 2): 0.5925075097770913, (7, 1): 0.5925075097770913, (8, 11): 0.719119774522558, (8, 10): 0.5925075097770913, (8, 9): 0.5925075097770913, (8, 8): 0.5925075097770913, (8, 7): 0.5925075097770913, (8, 6): 0.5925075097770913, (8, 5): 0.5925075097770913, (8, 4): 0.5925075097770913, (8, 3): 0.5925075097770913, (8, 2): 0.5925075097770913, (8, 1): 0.5925075097770913, (9, 11): 0.719119774522558, (9, 10): 0.5925075097770913, (9, 9): 0.5925075097770913, (9, 8): 0.5925075097770913, (9, 7): 0.5925075097770913, (9, 6): 0.5925075097770913, (9, 4): 0.5551721433202922, (9, 3): 0.5925075097770913, (9, 2): 0.5925075097770913, (9, 1): 0.5925075097770913, (10, 11): 0.719119774522558, (10, 10): 0.5925075097770913, (10, 9): 0.5925075097770913, (10, 8): 0.5925075097770913, (10, 7): 0.5925075097770913, (10, 6): 0.5925075097770913, (10, 4): 0.5551721433202922, (10, 3): 0.5925075097770913, (10, 2): 0.5925075097770913, (10, 1): 0.5925075097770913, (11, 11): 0.0, (11, 10): 0.5925075097770913, (11, 9): 0.5925075097770913, (11, 8): 0.5925075097770913, (11, 7): 0.5925075097770913, (11, 6): 0.5925075097770913, (11, 4): 0.5551721433202922, (11, 3): 0.5925075097770913, (11, 2): 0.5925075097770913, (11, 1): 0.5925075097770913}"
"(<Abstr_type.PI_STAR: 3>, 0.0)",4,"{(1, 11): 0.7423926285333299, (1, 10): 0.7423926285333299, (1, 9): 0.7423926285333299, (1, 8): 0.8489288803621582, (1, 7): 0.75280712035781, (1, 5): 0.8489288803621582, (1, 4): 0.75280712035781, (1, 3): 0.75280712035781, (1, 2): 0.75280712035781, (1, 1): 0.75280712035781, (2, 11): 0.7423926285333299, (2, 10): 0.7423926285333299, (2, 9): 0.7423926285333299, (2, 8): 0.8489288803621582, (2, 7): 0.75280712035781, (2, 5): 0.8489288803621582, (2, 4): 0.75280712035781, (2, 3): 0.75280712035781, (2, 2): 0.75280712035781, (2, 1): 0.75280712035781, (3, 11): 0.7423926285333299, (3, 10): 0.7423926285333299, (3, 9): 0.7423926285333299, (3, 8): 0.8489288803621582, (3, 7): 0.75280712035781, (3, 6): 0.75280712035781, (3, 5): 0.75280712035781, (3, 4): 0.75280712035781, (3, 3): 0.75280712035781, (3, 2): 0.75280712035781, (3, 1): 0.75280712035781, (4, 11): 0.7423926285333299, (4, 10): 0.7423926285333299, (4, 9): 0.7423926285333299, (4, 8): 0.8489288803621582, (4, 7): 0.75280712035781, (4, 5): 0.6822648573223489, (4, 4): 0.75280712035781, (4, 3): 0.8489288803621582, (4, 2): 0.75280712035781, (4, 1): 0.75280712035781, (5, 11): 0.7423926285333299, (5, 10): 0.7423926285333299, (5, 9): 0.7423926285333299, (5, 8): 0.8489288803621582, (5, 7): 0.75280712035781, (5, 5): 0.7423926285333299, (5, 4): 0.7423926285333299, (5, 3): 0.8489288803621582, (5, 2): 0.75280712035781, (5, 1): 0.75280712035781, (6, 8): 0.8489288803621582, (6, 3): 0.8489288803621582, (7, 11): 0.8489288803621582, (7, 10): 0.75280712035781, (7, 9): 0.75280712035781, (7, 8): 0.75280712035781, (7, 7): 0.75280712035781, (7, 6): 0.75280712035781, (7, 4): 0.8489288803621582, (7, 3): 0.75280712035781, (7, 2): 0.75280712035781, (7, 1): 0.75280712035781, (8, 11): 0.8489288803621582, (8, 10): 0.75280712035781, (8, 9): 0.75280712035781, (8, 8): 0.75280712035781, (8, 7): 0.75280712035781, (8, 6): 0.75280712035781, (8, 5): 0.75280712035781, (8, 4): 0.75280712035781, (8, 3): 0.75280712035781, (8, 2): 0.75280712035781, (8, 1): 0.75280712035781, (9, 11): 0.8489288803621582, (9, 10): 0.75280712035781, (9, 9): 0.75280712035781, (9, 8): 0.75280712035781, (9, 7): 0.75280712035781, (9, 6): 0.75280712035781, (9, 4): 0.6822648573223489, (9, 3): 0.75280712035781, (9, 2): 0.75280712035781, (9, 1): 0.75280712035781, (10, 11): 0.8489288803621582, (10, 10): 0.75280712035781, (10, 9): 0.75280712035781, (10, 8): 0.75280712035781, (10, 7): 0.75280712035781, (10, 6): 0.75280712035781, (10, 4): 0.6822648573223489, (10, 3): 0.75280712035781, (10, 2): 0.75280712035781, (10, 1): 0.75280712035781, (11, 11): 0.0, (11, 10): 0.75280712035781, (11, 9): 0.75280712035781, (11, 8): 0.75280712035781, (11, 7): 0.75280712035781, (11, 6): 0.75280712035781, (11, 4): 0.6822648573223489, (11, 3): 0.75280712035781, (11, 2): 0.75280712035781, (11, 1): 0.75280712035781}"
"(<Abstr_type.Q_STAR: 1>, 0.0)",0,"{(1, 11): 2.9891378356682253e-13, (1, 10): 7.67802759114422e-12, (1, 9): 8.336743392403807e-09, (1, 8): 0.0, (1, 7): 6.170777439500723e-09, (1, 5): 0.0, (1, 4): 3.9624348564256417e-07, (1, 3): 3.189099563921992e-09, (1, 2): 3.6316976501592535e-15, (1, 1): 0.0, (2, 11): 2.974826292482418e-07, (2, 10): 7.355631951846746e-06, (2, 9): 0.0008933929463982301, (2, 8): 0.0006523203012024898, (2, 7): 0.006272461161613908, (2, 5): 1.000256640870929e-06, (2, 4): 1.9392239732932077e-05, (2, 3): 9.115875571442882e-07, (2, 2): 0.0, (2, 1): 0.0, (3, 11): 0.0, (3, 10): 0.0008933929463982301, (3, 9): 0.013530360864918569, (3, 8): 0.06984013113702225, (3, 7): 0.03358118241448126, (3, 6): 0.009863799736958553, (3, 5): 0.0019626886323773915, (3, 4): 0.0002569293262338401, (3, 3): 1.9392239732932077e-05, (3, 2): 9.115875571442882e-07, (3, 1): 3.4136217707268416e-10, (4, 11): 4.565883276630524e-05, (4, 10): 0.013530360864918569, (4, 9): 0.026204211282622375, (4, 8): 0.13075832885996816, (4, 7): 0.009424496551050399, (4, 5): 9.4692730918639e-06, (4, 4): 4.009610958123595e-08, (4, 3): 6.130775370067837e-08, (4, 2): 1.9392239732932077e-05, (4, 1): 7.874413372390717e-08, (5, 11): 0.0, (5, 10): 6.929065984527739e-05, (5, 9): 0.01691835042368335, (5, 8): 0.24051960759467883, (5, 7): 0.0008736268868590026, (5, 5): 1.972112336934709e-08, (5, 4): 1.006143804888477e-09, (5, 3): 4.898707733079781e-10, (5, 2): 2.98560519410317e-07, (5, 1): 2.494055921803155e-08, (6, 8): 0.3949483380497362, (6, 3): 0.0017660124014301235, (7, 11): 0.04882704832711124, (7, 10): 0.14396850771042588, (7, 9): 0.19608392345993125, (7, 8): 0.6145957418283152, (7, 7): 0.05545895952542727, (7, 6): 0.00016286062158957164, (7, 4): 0.0006807669578753818, (7, 3): 0.03358118241448126, (7, 2): 2.402363596787168e-08, (7, 1): 6.170777439500723e-09, (8, 11): 0.7947362985910472, (8, 10): 0.9155076198631737, (8, 9): 0.8447394662321718, (8, 8): 0.7486589932046198, (8, 7): 0.6145957418283152, (8, 6): 0.16265286727311842, (8, 5): 0.03688772465075539, (8, 4): 0.008793502990609577, (8, 3): 0.0019467846928193108, (8, 2): 4.731536779579032e-07, (8, 1): 1.747781781893168e-07, (9, 11): 0.986601841666244, (9, 10): 0.9620086890683562, (9, 9): 0.9155076198631737, (9, 8): 0.8447394662321718, (9, 7): 0.7486589932046198, (9, 6): 0.02651160524734593, (9, 4): 2.2578470844734566e-05, (9, 3): 0.00030849493834533045, (9, 2): 3.9708501168145754e-05, (9, 1): 3.410267385514121e-06, (10, 11): 0.9999648974958664, (10, 10): 0.9797551095308836, (10, 9): 0.9620086890683562, (10, 8): 0.9155076198631737, (10, 7): 0.8447394662321718, (10, 6): 0.22229590669716937, (10, 4): 7.748251066939117e-07, (10, 3): 3.9708501168145754e-05, (10, 2): 8.279087387739501e-10, (10, 1): 0.0, (11, 11): 0.0, (11, 10): 0.3477686664528957, (11, 9): 0.0024960054213037366, (11, 8): 0.11973135002967811, (11, 7): 0.29662469118092355, (11, 6): 0.017472151597277996, (11, 4): 6.866644828783488e-09, (11, 3): 0.0, (11, 2): 0.0, (11, 1): 0.0}"
"(<Abstr_type.Q_STAR: 1>, 0.0)",1,"{(1, 11): 0.0, (1, 10): 1.550286783433999e-08, (1, 9): 6.386432101553888e-11, (1, 8): 2.442682396162268e-09, (1, 7): 3.998031560463295e-07, (1, 5): 1.2881580979720714e-09, (1, 4): 0.0, (1, 3): 0.0, (1, 2): 8.873536335182979e-17, (1, 1): 0.0, (2, 11): 1.57253282590355e-11, (2, 10): 6.77940449646544e-07, (2, 9): 1.2242032203578114e-05, (2, 8): 1.8222397927900457e-06, (2, 7): 1.0078214113738477e-05, (2, 5): 8.491247477704967e-07, (2, 4): 2.699494952228494e-08, (2, 3): 2.2494797714825566e-09, (2, 2): 1.88095783900163e-13, (2, 1): 9.785515573092527e-15, (3, 11): 2.669081501944318e-09, (3, 10): 1.2242032203578114e-05, (3, 9): 0.00023577866111747553, (3, 8): 2.05203817741132e-05, (3, 7): 0.002596732562774031, (3, 6): 0.0003383607206265318, (3, 5): 3.4052856388932756e-05, (3, 4): 1.721652187714824e-06, (3, 3): 2.699494952228494e-08, (3, 2): 2.2494797714825566e-09, (3, 1): 3.7862076186107723e-11, (4, 11): 4.012031147533672e-06, (4, 10): 0.00023577866111747553, (4, 9): 0.0020891892254572067, (4, 8): 0.0009712861143681749, (4, 7): 0.015328074595696912, (4, 5): 2.13711504383515e-16, (4, 4): 8.807413868671479e-13, (4, 3): 2.96690767039933e-12, (4, 2): 2.699494952228494e-08, (4, 1): 1.3130953293135634e-12, (5, 11): 7.230425516351167e-10, (5, 10): 0.0022011552552879962, (5, 9): 0.022501877385230396, (5, 8): 0.10844638021171056, (5, 7): 0.04579495906528589, (5, 5): 0.0, (5, 4): 0.0, (5, 3): 1.4852661711007857e-06, (5, 2): 0.0, (5, 1): 9.137809961769522e-14, (6, 8): 0.21599826263119332, (6, 3): 0.00027891226994596215, (7, 11): 2.628007923494369e-06, (7, 10): 0.1868918343569176, (7, 9): 0.017452401310239323, (7, 8): 0.39964916942863754, (7, 7): 0.07847290048431925, (7, 6): 0.005417342158359994, (7, 4): 0.00038052859573887586, (7, 3): 0.002596732562774031, (7, 2): 5.998782386673613e-05, (7, 1): 3.998031560463295e-07, (8, 11): 0.4154331651930171, (8, 10): 0.5902581984146125, (8, 9): 0.5873053087252856, (8, 8): 0.5030707301344057, (8, 7): 0.39964916942863754, (8, 6): 0.1870130959980137, (8, 5): 0.06373068471427318, (8, 4): 0.01719422901708024, (8, 3): 0.0024862149404223694, (8, 2): 0.00011668933044241183, (8, 1): 6.135378455050306e-08, (9, 11): 0.8699399116920103, (9, 10): 0.8853916588642866, (9, 9): 0.5902581984146125, (9, 8): 0.5873053087252856, (9, 7): 0.5030707301344057, (9, 6): 0.07140081060878677, (9, 4): 0.002007684594132362, (9, 3): 0.00023175691002053973, (9, 2): 1.8907113679534655e-05, (9, 1): 1.1765915011421388e-06, (10, 11): 0.9770466316051214, (10, 10): 0.9834335436323457, (10, 9): 0.8853916588642866, (10, 8): 0.5902581984146125, (10, 7): 0.5873053087252856, (10, 6): 0.022422493068530308, (10, 4): 3.7256522752330103e-10, (10, 3): 1.8907113679534655e-05, (10, 2): 4.172540947889521e-08, (10, 1): 6.136187369686538e-10, (11, 11): 0.0, (11, 10): 0.9987802669098343, (11, 9): 0.6031195411287276, (11, 8): 0.5688309653700226, (11, 7): 0.3036280784140558, (11, 6): 0.0022084609694054554, (11, 4): 5.117726724179432e-12, (11, 3): 2.512529763869734e-10, (11, 2): 2.0729426702013472e-11, (11, 1): 0.0}"
"(<Abstr_type.Q_STAR: 1>, 0.0)",2,"{(1, 11): 2.735368914710497e-11, (1, 10): 1.3377207732454218e-09, (1, 9): 2.3793864518674465e-08, (1, 8): 5.432439184505589e-06, (1, 7): 6.996451704461464e-10, (1, 5): 9.193096837066726e-14, (1, 4): 0.0, (1, 3): 0.0, (1, 2): 1.0107151465569417e-15, (1, 1): 0.0, (2, 11): 2.3143153422989614e-09, (2, 10): 3.463467820064072e-08, (2, 9): 3.364293885457141e-06, (2, 8): 0.00013204217506651607, (2, 7): 5.434525079270741e-05, (2, 5): 5.090338960429504e-10, (2, 4): 1.667659804001738e-08, (2, 3): 4.9032880648545025e-12, (2, 2): 1.5341778800593936e-13, (2, 1): 0.0, (3, 11): 0.0, (3, 10): 3.364293885457141e-06, (3, 9): 6.379084227827159e-06, (3, 8): 0.0033015712773680995, (3, 7): 0.004551098947606265, (3, 6): 0.0, (3, 5): 3.669979463382411e-12, (3, 4): 4.332384271918776e-10, (3, 3): 1.667659804001738e-08, (3, 2): 4.9032880648545025e-12, (3, 1): 0.0, (4, 11): 0.0, (4, 10): 6.379084227827159e-06, (4, 9): 0.003930825939385098, (4, 8): 0.022736050367955233, (4, 7): 0.0003691466670762884, (4, 5): 3.3673760285136743e-15, (4, 4): 8.287292707360595e-14, (4, 3): 9.620113052255485e-07, (4, 2): 1.667659804001738e-08, (4, 1): 0.0, (5, 11): 0.0, (5, 10): 2.035788955903836e-06, (5, 9): 0.0001688554808988033, (5, 8): 0.09112555698057412, (5, 7): 0.011387381523808186, (5, 5): 0.0, (5, 4): 0.0, (5, 3): 1.599990684822109e-05, (5, 2): 7.090282943817795e-07, (5, 1): 1.897068084079885e-09, (6, 8): 0.2363800821729858, (6, 3): 0.0005850847641729255, (7, 11): 0.17073199688383162, (7, 10): 0.0026803089521275306, (7, 9): 0.06454593976019962, (7, 8): 0.4758796840522458, (7, 7): 0.013708037335711824, (7, 6): 0.0395429547919204, (7, 4): 3.4971907204753686e-09, (7, 3): 0.004551098947606265, (7, 2): 0.0005226590227356265, (7, 1): 6.996451704461464e-10, (8, 11): 0.7772231902109048, (8, 10): 0.8867572704500672, (8, 9): 0.7827081153883744, (8, 8): 0.6515478420495875, (8, 7): 0.4758796840522458, (8, 6): 0.2529770313225209, (8, 5): 0.11890137710655978, (8, 4): 0.05324589587618679, (8, 3): 0.022213182815518005, (8, 2): 0.0019735347122526205, (8, 1): 0.00013969258618315076, (9, 11): 0.9840556202281441, (9, 10): 0.9488447139507517, (9, 9): 0.8867572704500672, (9, 8): 0.7827081153883744, (9, 7): 0.6515478420495875, (9, 6): 0.08816263844213841, (9, 4): 0.00037935925284957706, (9, 3): 0.0013084521632812343, (9, 2): 4.54424629334416e-05, (9, 1): 1.7338111740745869e-06, (10, 11): 0.9999366119093842, (10, 10): 0.9678618311308145, (10, 9): 0.9488447139507517, (10, 8): 0.8867572704500672, (10, 7): 0.7827081153883744, (10, 6): 0.39253699883285975, (10, 4): 0.0, (10, 3): 4.54424629334416e-05, (10, 2): 2.5065005211959146e-06, (10, 1): 4.4704618600929313e-13, (11, 11): 0.0, (11, 10): 0.568521910412247, (11, 9): 0.5384727311020177, (11, 8): 0.1763433892774463, (11, 7): 0.22270809064562672, (11, 6): 0.02067710785262001, (11, 4): 3.282717977627362e-09, (11, 3): 9.015877916557551e-08, (11, 2): 0.0, (11, 1): 0.0}"
"(<Abstr_type.Q_STAR: 1>, 0.0)",3,"{(1, 11): 0.0, (1, 10): 0.0, (1, 9): 0.0, (1, 8): 2.372511708423787e-14, (1, 7): 8.570631571935252e-08, (1, 5): 0.0, (1, 4): 4.0112719772237855e-09, (1, 3): 0.0, (1, 2): 0.0, (1, 1): 0.0, (2, 11): 0.0, (2, 10): 0.0, (2, 9): 4.6343073956752085e-12, (2, 8): 1.4151303747510921e-06, (2, 7): 1.821947395717894e-05, (2, 5): 0.0, (2, 4): 3.6020244265213657e-07, (2, 3): 8.931725115086426e-09, (2, 2): 1.4278511840660853e-11, (2, 1): 0.0, (3, 11): 0.0, (3, 10): 4.6343073956752085e-12, (3, 9): 9.514311080517911e-05, (3, 8): 0.0015225625787385158, (3, 7): 0.005564577767404518, (3, 6): 6.834543021755655e-06, (3, 5): 4.3404601450985645e-10, (3, 4): 7.623636125345374e-09, (3, 3): 3.6020244265213657e-07, (3, 2): 8.931725115086426e-09, (3, 1): 5.947728190729158e-18, (4, 11): 1.151218159275531e-08, (4, 10): 9.514311080517911e-05, (4, 9): 0.00033767184316075026, (4, 8): 0.009056575361423347, (4, 7): 0.0003815510690470777, (4, 5): 6.256810313640118e-10, (4, 4): 2.2469339208534175e-07, (4, 3): 1.2136271489677348e-05, (4, 2): 3.6020244265213657e-07, (4, 1): 7.451964196129395e-17, (5, 11): 5.731029755706798e-07, (5, 10): 0.00011462496725480184, (5, 9): 0.003024259056958303, (5, 8): 0.04063964754961016, (5, 7): 0.002026554962914457, (5, 5): 5.412745801887798e-08, (5, 4): 7.28666363203391e-06, (5, 3): 0.00014371631265458536, (5, 2): 1.351080253014056e-07, (5, 1): 3.715676927476801e-18, (6, 8): 0.1184892069533877, (6, 3): 0.0010963870612679268, (7, 11): 0.06450374990088481, (7, 10): 0.6452539451329783, (7, 9): 0.33737589044723565, (7, 8): 0.34823976991066546, (7, 7): 0.08290874641245548, (7, 6): 0.00681636393891034, (7, 4): 0.021090892502167967, (7, 3): 0.005564577767404518, (7, 2): 0.0004459111188843632, (7, 1): 8.570631571935252e-08, (8, 11): 0.9442579346138216, (8, 10): 0.9097588234426788, (8, 9): 0.7759413301028851, (8, 8): 0.5584567446894639, (8, 7): 0.34823976991066546, (8, 6): 0.22378116131475367, (8, 5): 0.12919890694832353, (8, 4): 0.058791666991818425, (8, 3): 0.009108831352646033, (8, 2): 0.0015956735807991214, (8, 1): 1.3196498866037008e-11, (9, 11): 0.9886648012309321, (9, 10): 0.9446466311711713, (9, 9): 0.9097588234426788, (9, 8): 0.7759413301028851, (9, 7): 0.5584567446894639, (9, 6): 0.08982218669488835, (9, 4): 2.3484851689198145e-05, (9, 3): 0.0005601730290322546, (9, 2): 0.00023269946688638248, (9, 1): 1.4321799485467353e-06, (10, 11): 0.9999656021746244, (10, 10): 0.9585923507893152, (10, 9): 0.9446466311711713, (10, 8): 0.9097588234426788, (10, 7): 0.7759413301028851, (10, 6): 0.039206874095657936, (10, 4): 7.732804885225799e-14, (10, 3): 0.00023269946688638248, (10, 2): 3.872101785923612e-15, (10, 1): 6.692113934892516e-08, (11, 11): 0.0, (11, 10): 0.18974316907830546, (11, 9): 0.2004492979006678, (11, 8): 0.30240193722404546, (11, 7): 0.05060525597481076, (11, 6): 3.9918635880602606e-07, (11, 4): 6.197215214048935e-15, (11, 3): 0.0, (11, 2): 2.1972723100772722e-17, (11, 1): 2.1383891486827078e-15}"
"(<Abstr_type.Q_STAR: 1>, 0.0)",4,"{(1, 11): 0.0, (1, 10): 0.0, (1, 9): 4.5609816047255965e-08, (1, 8): 5.2560073784200305e-06, (1, 7): 0.0004229475543419871, (1, 5): 1.4760407952754454e-10, (1, 4): 1.5660803334428023e-15, (1, 3): 0.0, (1, 2): 0.0, (1, 1): 0.0, (2, 11): 1.3808066111813287e-07, (2, 10): 2.40359865583804e-06, (2, 9): 7.947180902300035e-05, (2, 8): 0.011559964179413577, (2, 7): 0.005497193962613797, (2, 5): 1.2209601352784401e-05, (2, 4): 1.054555968330827e-08, (2, 3): 1.1491768065484537e-09, (2, 2): 3.3547719804028265e-11, (2, 1): 0.0, (3, 11): 2.4031816367255826e-09, (3, 10): 7.947180902300035e-05, (3, 9): 0.005273391868288116, (3, 8): 0.06877820405434024, (3, 7): 0.02464230667888069, (3, 6): 0.003478385183858999, (3, 5): 0.00019736204177942462, (3, 4): 5.98217029099596e-06, (3, 3): 1.054555968330827e-08, (3, 2): 1.1491768065484537e-09, (3, 1): 1.6205195973760723e-11, (4, 11): 0.0, (4, 10): 0.005273391868288116, (4, 9): 0.02632556955514123, (4, 8): 0.14482111883031948, (4, 7): 0.00780632186144962, (4, 5): 1.8572247582808738e-05, (4, 4): 9.651404389626013e-11, (4, 3): 1.1778968758085618e-14, (4, 2): 1.054555968330827e-08, (4, 1): 2.758070909714672e-14, (5, 11): 0.0, (5, 10): 0.0, (5, 9): 0.00014018461152063576, (5, 8): 0.27466879264672533, (5, 7): 0.022319057786413014, (5, 5): 7.679431310160432e-08, (5, 4): 9.830481811073529e-10, (5, 3): 1.1470831579067841e-06, (5, 2): 7.834265044220954e-08, (5, 1): 0.0, (6, 8): 0.4480377192444284, (6, 3): 1.4829600452457995e-05, (7, 11): 0.0, (7, 10): 0.0801418476038522, (7, 9): 0.13118654985178174, (7, 8): 0.6511160658134587, (7, 7): 0.06610437388055043, (7, 6): 0.03882432281891018, (7, 4): 0.007260352306026128, (7, 3): 0.02464230667888069, (7, 2): 0.0003963544477564677, (7, 1): 0.0004229475543419871, (8, 11): 0.7470609274025557, (8, 10): 0.924121319523082, (8, 9): 0.8684619107021507, (8, 8): 0.7773707993924637, (8, 7): 0.6511160658134587, (8, 6): 0.41903390057043444, (8, 5): 0.18604909697902333, (8, 4): 0.061091286192652326, (8, 3): 0.016053381528821208, (8, 2): 0.002418030562100014, (8, 1): 0.00019069529356883477, (9, 11): 0.9866515335713827, (9, 10): 0.964754887149092, (9, 9): 0.924121319523082, (9, 8): 0.8684619107021507, (9, 7): 0.7773707993924637, (9, 6): 0.11495896733992217, (9, 4): 0.00651520928092447, (9, 3): 0.0014761518930552957, (9, 2): 0.00010618046754425918, (9, 1): 2.9828759167192895e-06, (10, 11): 0.9999711837649091, (10, 10): 0.9832618925966494, (10, 9): 0.964754887149092, (10, 8): 0.924121319523082, (10, 7): 0.8684619107021507, (10, 6): 0.13024840767607737, (10, 4): 8.463364121962025e-06, (10, 3): 0.00010618046754425918, (10, 2): 3.1707295461578092e-06, (10, 1): 9.562715591520383e-10, (11, 11): 0.0, (11, 10): 0.36193200129848885, (11, 9): 0.22504230479015913, (11, 8): 0.5767074993853469, (11, 7): 0.1277687161501376, (11, 6): 0.00662035874117442, (11, 4): 0.0, (11, 3): 6.638343815994206e-07, (11, 2): 4.0731193735332114e-10, (11, 1): 0.0}"
