"(<Abstr_type.A_STAR: 2>, 0.0, <Corr_type.UNI_RAND: 1>, 1, 0)",0,"{(1, 1): 0.05520177740260117, (1, 2): 0.33862295171349566, (1, 4): 0.8788574260693365, (1, 5): 0.7712320754503901, (2, 1): 0.08029339830315824, (2, 2): 0.6594132379474079, (2, 3): 0.8788574260693365, (2, 4): 0.9852191170585654, (2, 5): 0.33862295171349566}"
"(<Abstr_type.A_STAR: 2>, 0.0, <Corr_type.UNI_RAND: 1>, 1, 0)",1,"{(1, 1): 0.08338233910121366, (1, 2): 0.34312747788090087, (1, 4): 0.8624551254330002, (1, 5): 0.717570463519, (2, 1): 0.17069445561530971, (2, 2): 0.6717566022610566, (2, 3): 0.8624551254330002, (2, 4): 0.9835767967317393, (2, 5): 0.34312747788090087}"
"(<Abstr_type.A_STAR: 2>, 0.0, <Corr_type.UNI_RAND: 1>, 1, 0)",2,"{(1, 1): 0.15186695920489493, (1, 2): 0.2319542884326029, (1, 4): 0.6642221868401529, (1, 5): 0.6645658898874572, (2, 1): 0.37285537966030424, (2, 2): 0.6267441354900091, (2, 3): 0.6642221868401529, (2, 4): 0.992144832788721, (2, 5): 0.2319542884326029}"
"(<Abstr_type.A_STAR: 2>, 0.0, <Corr_type.UNI_RAND: 1>, 1, 0)",3,"{(1, 1): 0.08786866326587303, (1, 2): 0.35287326346368375, (1, 4): 0.8592458535714799, (1, 5): 0.7458134171671, (2, 1): 0.22853031285245995, (2, 2): 0.6685883890705197, (2, 3): 0.8592458535714799, (2, 4): 0.9852191170585654, (2, 5): 0.35287326346368375}"
"(<Abstr_type.A_STAR: 2>, 0.0, <Corr_type.UNI_RAND: 1>, 1, 0)",4,"{(1, 1): 0.24524767726060545, (1, 2): 0.4402047582468325, (1, 4): 0.8488589736660259, (1, 5): 0.5779454586995705, (2, 1): 0.04837323623404827, (2, 2): 0.639339171268243, (2, 3): 0.8488589736660259, (2, 4): 0.9942735831029776, (2, 5): 0.4402047582468325}"
"(<Abstr_type.PI_STAR: 3>, 0.0, <Corr_type.UNI_RAND: 1>, 1, 0)",0,"{(1, 1): 0.7520437641348483, (1, 2): 0.7520437641348483, (1, 4): 0.7520437641348483, (1, 5): 0.7458134171671, (2, 1): 0.7520437641348483, (2, 2): 0.7520437641348483, (2, 3): 0.7520437641348483, (2, 4): 0.7520437641348483, (2, 5): 0.7520437641348483}"
"(<Abstr_type.PI_STAR: 3>, 0.0, <Corr_type.UNI_RAND: 1>, 1, 0)",1,"{(1, 1): 0.7953158686907369, (1, 2): 0.7953158686907369, (1, 4): 0.7953158686907369, (1, 5): 0.6125795110000001, (2, 1): 0.7953158686907369, (2, 2): 0.7953158686907369, (2, 3): 0.7953158686907369, (2, 4): 0.7953158686907369, (2, 5): 0.7953158686907369}"
"(<Abstr_type.PI_STAR: 3>, 0.0, <Corr_type.UNI_RAND: 1>, 1, 0)",2,"{(1, 1): 0.7436022247351578, (1, 2): 0.7436022247351578, (1, 4): 0.7436022247351578, (1, 5): 0.7712320754503901, (2, 1): 0.7436022247351578, (2, 2): 0.7436022247351578, (2, 3): 0.7436022247351578, (2, 4): 0.7436022247351578, (2, 5): 0.7436022247351578}"
"(<Abstr_type.PI_STAR: 3>, 0.0, <Corr_type.UNI_RAND: 1>, 1, 0)",3,"{(1, 1): 0.7591441242167888, (1, 2): 0.7591441242167888, (1, 4): 0.7591441242167888, (1, 5): 0.7458134171671, (2, 1): 0.7591441242167888, (2, 2): 0.7591441242167888, (2, 3): 0.7591441242167888, (2, 4): 0.7591441242167888, (2, 5): 0.7591441242167888}"
"(<Abstr_type.PI_STAR: 3>, 0.0, <Corr_type.UNI_RAND: 1>, 1, 0)",4,"{(1, 1): 0.8527908851423776, (1, 2): 0.8527908851423776, (1, 4): 0.8527908851423776, (1, 5): 0.6622902000114966, (2, 1): 0.8527908851423776, (2, 2): 0.8527908851423776, (2, 3): 0.8527908851423776, (2, 4): 0.8527908851423776, (2, 5): 0.8527908851423776}"
"(<Abstr_type.Q_STAR: 1>, 0.0, <Corr_type.UNI_RAND: 1>, 1, 0)",0,"{(1, 1): 0.49061402239695545, (1, 2): 0.711550706742199, (1, 4): 0.15052930101000003, (1, 5): 0.6513215599000001, (2, 1): 0.17353074426935944, (2, 2): 0.711550706742199, (2, 3): 0.9347185872966454, (2, 4): 0.9903022627021246, (2, 5): 0.0}"
"(<Abstr_type.Q_STAR: 1>, 0.0, <Corr_type.UNI_RAND: 1>, 1, 0)",1,"{(1, 1): 0.26617113441073403, (1, 2): 0.6089798265976661, (1, 4): 0.4501745958410143, (1, 5): 0.5695327900000001, (2, 1): 0.20475387891429736, (2, 2): 0.6089798265976661, (2, 3): 0.9011747043461655, (2, 4): 0.9892247363356941, (2, 5): 0.0}"
"(<Abstr_type.Q_STAR: 1>, 0.0, <Corr_type.UNI_RAND: 1>, 1, 0)",2,"{(1, 1): 0.2407934072057153, (1, 2): 0.4047024727637032, (1, 4): 0.9537734141723483, (1, 5): 0.9948462247926799, (2, 1): 0.04442267051113534, (2, 2): 0.4047024727637032, (2, 3): 0.6537918118686886, (2, 4): 0.8350681189313244, (2, 5): 0.0}"
"(<Abstr_type.Q_STAR: 1>, 0.0, <Corr_type.UNI_RAND: 1>, 1, 0)",3,"{(1, 1): 0.20929720398094162, (1, 2): 0.6634699223516701, (1, 4): 0.28508066324537584, (1, 5): 0.7712320754503901, (2, 1): 0.2861129080349038, (2, 2): 0.6634699223516701, (2, 3): 0.8965352257913752, (2, 4): 0.9880274848174379, (2, 5): 0.0}"
"(<Abstr_type.Q_STAR: 1>, 0.0, <Corr_type.UNI_RAND: 1>, 1, 0)",4,"{(1, 1): 0.4922347706757616, (1, 2): 0.7227105465802096, (1, 4): 0.16345512711000004, (1, 5): 0.6125795110000001, (2, 1): 0.2967751787243944, (2, 2): 0.7227105465802096, (2, 3): 0.9230865290594031, (2, 4): 0.9880274848174379, (2, 5): 0.0}"
"(<Abstr_type.A_STAR: 2>, 0.0, <Corr_type.UNI_RAND: 1>, 1, 1)",0,"{(1, 1): 0.10677824336791868, (1, 2): 0.32536568732315296, (1, 4): 0.8438537491802924, (1, 5): 0.7458134171671, (2, 1): 0.0817329318150126, (2, 2): 0.6105557409242046, (2, 3): 0.8438537491802924, (2, 4): 0.9852191170585654, (2, 5): 0.32536568732315296}"
"(<Abstr_type.A_STAR: 2>, 0.0, <Corr_type.UNI_RAND: 1>, 1, 1)",1,"{(1, 1): 0.17787429335038557, (1, 2): 0.4328257520467062, (1, 4): 0.8957389715456292, (1, 5): 0.6125795110000001, (2, 1): 0.028270599440697035, (2, 2): 0.7101317474673481, (2, 3): 0.8957389715456292, (2, 4): 0.9912720364319122, (2, 5): 0.4328257520467062}"
"(<Abstr_type.A_STAR: 2>, 0.0, <Corr_type.UNI_RAND: 1>, 1, 1)",2,"{(1, 1): 0.09155344247205606, (1, 2): 0.29371806537108747, (1, 4): 0.8797733829065737, (1, 5): 0.717570463519, (2, 1): 0.23833982859538647, (2, 2): 0.6873287120929787, (2, 3): 0.8797733829065737, (2, 4): 0.9852191170585654, (2, 5): 0.29371806537108747}"
"(<Abstr_type.A_STAR: 2>, 0.0, <Corr_type.UNI_RAND: 1>, 1, 1)",3,"{(1, 1): 0.09184147384767477, (1, 2): 0.16228733794424172, (1, 4): 0.8729472357903514, (1, 5): 0.7458134171671, (2, 1): 0.33309673368829396, (2, 2): 0.6738767394919647, (2, 3): 0.8729472357903514, (2, 4): 0.9866972053527088, (2, 5): 0.16228733794424172}"
"(<Abstr_type.A_STAR: 2>, 0.0, <Corr_type.UNI_RAND: 1>, 1, 1)",4,"{(1, 1): 0.09815906351104883, (1, 2): 0.25092140052412754, (1, 4): 0.8885691492231972, (1, 5): 0.717570463519, (2, 1): 0.3653117357349071, (2, 2): 0.7042736266834128, (2, 3): 0.8885691492231972, (2, 4): 0.9892247363356941, (2, 5): 0.25092140052412754}"
"(<Abstr_type.PI_STAR: 3>, 0.0, <Corr_type.UNI_RAND: 1>, 1, 1)",0,"{(1, 1): 0.9203475188118019, (1, 2): 0.8540344879765769, (1, 4): 0.9203475188118019, (1, 5): 0.8540344879765769, (2, 1): 0.9203475188118019, (2, 2): 0.9203475188118019, (2, 3): 0.9203475188118019, (2, 4): 0.9203475188118019, (2, 5): 0.8540344879765769}"
"(<Abstr_type.PI_STAR: 3>, 0.0, <Corr_type.UNI_RAND: 1>, 1, 1)",1,"{(1, 1): 0.9205097673605732, (1, 2): 0.8554917919852054, (1, 4): 0.9205097673605732, (1, 5): 0.8554917919852054, (2, 1): 0.9205097673605732, (2, 2): 0.9205097673605732, (2, 3): 0.9205097673605732, (2, 4): 0.9205097673605732, (2, 5): 0.8554917919852054}"
"(<Abstr_type.PI_STAR: 3>, 0.0, <Corr_type.UNI_RAND: 1>, 1, 1)",2,"{(1, 1): 0.786054161486015, (1, 2): 0.7390550439253958, (1, 4): 0.786054161486015, (1, 5): 0.7390550439253958, (2, 1): 0.786054161486015, (2, 2): 0.786054161486015, (2, 3): 0.786054161486015, (2, 4): 0.786054161486015, (2, 5): 0.7390550439253958}"
"(<Abstr_type.PI_STAR: 3>, 0.0, <Corr_type.UNI_RAND: 1>, 1, 1)",3,"{(1, 1): 0.9013194818760643, (1, 2): 0.8425154930251234, (1, 4): 0.9013194818760643, (1, 5): 0.8425154930251234, (2, 1): 0.9013194818760643, (2, 2): 0.9013194818760643, (2, 3): 0.9013194818760643, (2, 4): 0.9013194818760643, (2, 5): 0.8425154930251234}"
"(<Abstr_type.PI_STAR: 3>, 0.0, <Corr_type.UNI_RAND: 1>, 1, 1)",4,"{(1, 1): 0.7480335627400445, (1, 2): 0.7225496136840373, (1, 4): 0.7480335627400445, (1, 5): 0.7225496136840373, (2, 1): 0.7480335627400445, (2, 2): 0.7480335627400445, (2, 3): 0.7480335627400445, (2, 4): 0.7480335627400445, (2, 5): 0.7225496136840373}"
"(<Abstr_type.Q_STAR: 1>, 0.0, <Corr_type.UNI_RAND: 1>, 1, 1)",0,"{(1, 1): 0.13482807537224323, (1, 2): 0.20050047064747384, (1, 4): 0.5431642289229168, (1, 5): 0.40951000000000004, (2, 1): 0.3837688950102099, (2, 2): 0.7610679363536325, (2, 3): 0.9292709906859795, (2, 4): 0.9948462247926799, (2, 5): 0.9292709906859795}"
"(<Abstr_type.Q_STAR: 1>, 0.0, <Corr_type.UNI_RAND: 1>, 1, 1)",1,"{(1, 1): 0.09497402963225993, (1, 2): 0.28856052835003076, (1, 4): 0.6496252589361614, (1, 5): 0.40951000000000004, (2, 1): 0.18839279117259405, (2, 2): 0.6534308144749024, (2, 3): 0.8905930957962166, (2, 4): 0.9942735831029776, (2, 5): 0.8905930957962166}"
"(<Abstr_type.Q_STAR: 1>, 0.0, <Corr_type.UNI_RAND: 1>, 1, 1)",2,"{(1, 1): 0.07989539267076883, (1, 2): 0.011296190468190949, (1, 4): 0.9607233614817933, (1, 5): 0.9962428978738638, (2, 1): 0.2190270608567381, (2, 2): 0.46886924453998424, (2, 3): 0.7064220160825518, (2, 4): 0.8784831472046697, (2, 5): 0.7064220160825518}"
"(<Abstr_type.Q_STAR: 1>, 0.0, <Corr_type.UNI_RAND: 1>, 1, 1)",3,"{(1, 1): 0.08416008258011566, (1, 2): 0.3660535735596143, (1, 4): 0.6334330440575018, (1, 5): 0.34390000000000004, (2, 1): 0.1733836196422869, (2, 2): 0.6989369297261856, (2, 3): 0.9184020033505689, (2, 4): 0.9936373145588641, (2, 5): 0.9184020033505689}"
"(<Abstr_type.Q_STAR: 1>, 0.0, <Corr_type.UNI_RAND: 1>, 1, 1)",4,"{(1, 1): 0.1262675107200989, (1, 2): 0.1207523073690531, (1, 4): 0.36230349327693845, (1, 5): 0.7712320754503901, (2, 1): 0.37822683802643176, (2, 2): 0.7009255803679616, (2, 3): 0.8894387156882111, (2, 4): 0.9797244404095546, (2, 5): 0.8894387156882111}"
"(<Abstr_type.A_STAR: 2>, 0.0, <Corr_type.UNI_RAND: 1>, 1, 2)",0,"{(1, 1): 0.3052496879030788, (1, 2): 0.14508732539405142, (1, 4): 0.8340578548335839, (1, 5): 0.68618940391, (2, 1): 0.6539574219408262, (2, 2): 0.6539574219408262, (2, 3): 0.8340578548335839, (2, 4): 0.9892247363356941, (2, 5): 0.0}"
"(<Abstr_type.A_STAR: 2>, 0.0, <Corr_type.UNI_RAND: 1>, 1, 2)",1,"{(1, 1): 0.24181252684478252, (1, 2): 0.11402734934712785, (1, 4): 0.8546112681993416, (1, 5): 0.7941088679053511, (2, 1): 0.625129527321427, (2, 2): 0.625129527321427, (2, 3): 0.8546112681993416, (2, 4): 0.9817519963685992, (2, 5): 0.0}"
"(<Abstr_type.A_STAR: 2>, 0.0, <Corr_type.UNI_RAND: 1>, 1, 2)",2,"{(1, 1): 0.2704904587560998, (1, 2): 0.2679250495803667, (1, 4): 0.8655753089391865, (1, 5): 0.68618940391, (2, 1): 0.6756261992858399, (2, 2): 0.6756261992858399, (2, 3): 0.8655753089391865, (2, 4): 0.9852191170585654, (2, 5): 0.0}"
"(<Abstr_type.A_STAR: 2>, 0.0, <Corr_type.UNI_RAND: 1>, 1, 2)",3,"{(1, 1): 0.0827329754874512, (1, 2): 0.3151716832538849, (1, 4): 0.9044352282113296, (1, 5): 0.717570463519, (2, 1): 0.6975660002502536, (2, 2): 0.6975660002502536, (2, 3): 0.9044352282113296, (2, 4): 0.9835767967317393, (2, 5): 0.0}"
"(<Abstr_type.A_STAR: 2>, 0.0, <Corr_type.UNI_RAND: 1>, 1, 2)",4,"{(1, 1): 0.2817708521378489, (1, 2): 0.2170591563905033, (1, 4): 0.8637185928868669, (1, 5): 0.7712320754503901, (2, 1): 0.6631246140727389, (2, 2): 0.6631246140727389, (2, 3): 0.8637185928868669, (2, 4): 0.9835767967317393, (2, 5): 0.0}"
"(<Abstr_type.PI_STAR: 3>, 0.0, <Corr_type.UNI_RAND: 1>, 1, 2)",0,"{(1, 1): 0.9008806093667027, (1, 2): 0.8521886654984878, (1, 4): 0.9008806093667027, (1, 5): 0.8521886654984878, (2, 1): 0.8521886654984878, (2, 2): 0.9008806093667027, (2, 3): 0.9008806093667027, (2, 4): 0.9008806093667027, (2, 5): 0.9008806093667027}"
"(<Abstr_type.PI_STAR: 3>, 0.0, <Corr_type.UNI_RAND: 1>, 1, 2)",1,"{(1, 1): 0.9010936138735196, (1, 2): 0.8577399011966103, (1, 4): 0.9010936138735196, (1, 5): 0.8577399011966103, (2, 1): 0.8577399011966103, (2, 2): 0.9010936138735196, (2, 3): 0.9010936138735196, (2, 4): 0.9010936138735196, (2, 5): 0.9010936138735196}"
"(<Abstr_type.PI_STAR: 3>, 0.0, <Corr_type.UNI_RAND: 1>, 1, 2)",2,"{(1, 1): 0.9075297873466484, (1, 2): 0.8178791618921143, (1, 4): 0.9075297873466484, (1, 5): 0.8178791618921143, (2, 1): 0.8178791618921143, (2, 2): 0.9075297873466484, (2, 3): 0.9075297873466484, (2, 4): 0.9075297873466484, (2, 5): 0.9075297873466484}"
"(<Abstr_type.PI_STAR: 3>, 0.0, <Corr_type.UNI_RAND: 1>, 1, 2)",3,"{(1, 1): 0.7321365702251948, (1, 2): 0.6576633022398175, (1, 4): 0.7321365702251948, (1, 5): 0.6576633022398175, (2, 1): 0.6576633022398175, (2, 2): 0.7321365702251948, (2, 3): 0.7321365702251948, (2, 4): 0.7321365702251948, (2, 5): 0.7321365702251948}"
"(<Abstr_type.PI_STAR: 3>, 0.0, <Corr_type.UNI_RAND: 1>, 1, 2)",4,"{(1, 1): 0.7075595073818743, (1, 2): 0.639166579814004, (1, 4): 0.7075595073818743, (1, 5): 0.639166579814004, (2, 1): 0.639166579814004, (2, 2): 0.7075595073818743, (2, 3): 0.7075595073818743, (2, 4): 0.7075595073818743, (2, 5): 0.7075595073818743}"
"(<Abstr_type.Q_STAR: 1>, 0.0, <Corr_type.UNI_RAND: 1>, 1, 2)",0,"{(1, 1): 0.13816963491648365, (1, 2): 0.10605152622891963, (1, 4): 0.2766941386352468, (1, 5): 0.6125795110000001, (2, 1): 0.39732747768034254, (2, 2): 0.6935346923384749, (2, 3): 0.896721635781832, (2, 4): 0.9866972053527088, (2, 5): 0.39732747768034254}"
"(<Abstr_type.Q_STAR: 1>, 0.0, <Corr_type.UNI_RAND: 1>, 1, 2)",1,"{(1, 1): 0.1892689171820062, (1, 2): 0.41329059228206166, (1, 4): 0.5333671212588509, (1, 5): 0.5695327900000001, (2, 1): 0.03949457046987052, (2, 2): 0.6773564361452148, (2, 3): 0.8978445326143839, (2, 4): 0.9912720364319122, (2, 5): 0.03949457046987052}"
"(<Abstr_type.Q_STAR: 1>, 0.0, <Corr_type.UNI_RAND: 1>, 1, 2)",2,"{(1, 1): 0.13005677473749794, (1, 2): 0.17597926731406366, (1, 4): 0.38856912635907537, (1, 5): 0.814697981114816, (2, 1): 0.36061854772150137, (2, 2): 0.6850619858157716, (2, 3): 0.8945012807782197, (2, 4): 0.9835767967317393, (2, 5): 0.36061854772150137}"
"(<Abstr_type.Q_STAR: 1>, 0.0, <Corr_type.UNI_RAND: 1>, 1, 2)",3,"{(1, 1): 0.16208469424531952, (1, 2): 0.17374410487051817, (1, 4): 0.313918703373924, (1, 5): 0.7458134171671, (2, 1): 0.42876446835083226, (2, 2): 0.7312318244049646, (2, 3): 0.9160216808781199, (2, 4): 0.9852191170585654, (2, 5): 0.42876446835083226}"
"(<Abstr_type.Q_STAR: 1>, 0.0, <Corr_type.UNI_RAND: 1>, 1, 2)",4,"{(1, 1): 0.12487501756395084, (1, 2): 0.2283355499688442, (1, 4): 0.5493347517326185, (1, 5): 0.46855900000000006, (2, 1): 0.34131565151015175, (2, 2): 0.7306775091391139, (2, 3): 0.9334160338623928, (2, 4): 0.9929303495098489, (2, 5): 0.34131565151015175}"
"(<Abstr_type.A_STAR: 2>, 0.0, <Corr_type.UNI_RAND: 1>, 1, 3)",0,"{(1, 1): 0.5360576320460453, (1, 2): 0.43427909050476776, (1, 4): 0.5360576320460453, (1, 5): 0.9866972053527088, (2, 1): 0.3973506923240383, (2, 2): 0.39144003759116996, (2, 3): 0.5360576320460453, (2, 4): 0.717570463519, (2, 5): 0.0}"
"(<Abstr_type.A_STAR: 2>, 0.0, <Corr_type.UNI_RAND: 1>, 1, 3)",1,"{(1, 1): 0.6190246095859584, (1, 2): 0.16716706220063132, (1, 4): 0.6190246095859584, (1, 5): 0.7458134171671, (2, 1): 0.17044277777108668, (2, 2): 0.2938258867499291, (2, 3): 0.6190246095859584, (2, 4): 0.9852191170585654, (2, 5): 0.0}"
"(<Abstr_type.A_STAR: 2>, 0.0, <Corr_type.UNI_RAND: 1>, 1, 3)",2,"{(1, 1): 0.5493189304036268, (1, 2): 0.49843045403500447, (1, 4): 0.5493189304036268, (1, 5): 0.5695327900000001, (2, 1): 0.4350487490336495, (2, 2): 0.4268303376688406, (2, 3): 0.5493189304036268, (2, 4): 0.9903022627021246, (2, 5): 0.0}"
"(<Abstr_type.A_STAR: 2>, 0.0, <Corr_type.UNI_RAND: 1>, 1, 3)",3,"{(1, 1): 0.3895264982983889, (1, 2): 0.3157638596412383, (1, 4): 0.3895264982983889, (1, 5): 0.8499053647030009, (2, 1): 0.33057096452770274, (2, 2): 0.3230971190526268, (2, 3): 0.3895264982983889, (2, 4): 0.9721871610556306, (2, 5): 0.0}"
"(<Abstr_type.A_STAR: 2>, 0.0, <Corr_type.UNI_RAND: 1>, 1, 3)",4,"{(1, 1): 0.6303502337871267, (1, 2): 0.5021122531187835, (1, 4): 0.6303502337871267, (1, 5): 0.7941088679053511, (2, 1): 0.16743039245582608, (2, 2): 0.38543309819665417, (2, 3): 0.6303502337871267, (2, 4): 0.9835767967317393, (2, 5): 0.0}"
"(<Abstr_type.PI_STAR: 3>, 0.0, <Corr_type.UNI_RAND: 1>, 1, 3)",0,"{(1, 1): 0.9093767730066924, (1, 2): 0.9093767730066924, (1, 4): 0.9344384807179009, (1, 5): 0.9093767730066924, (2, 1): 0.9344384807179009, (2, 2): 0.9344384807179009, (2, 3): 0.9344384807179009, (2, 4): 0.9344384807179009, (2, 5): 0.9344384807179009}"
"(<Abstr_type.PI_STAR: 3>, 0.0, <Corr_type.UNI_RAND: 1>, 1, 3)",1,"{(1, 1): 0.881655915288368, (1, 2): 0.881655915288368, (1, 4): 0.947161339308668, (1, 5): 0.881655915288368, (2, 1): 0.947161339308668, (2, 2): 0.947161339308668, (2, 3): 0.947161339308668, (2, 4): 0.947161339308668, (2, 5): 0.947161339308668}"
"(<Abstr_type.PI_STAR: 3>, 0.0, <Corr_type.UNI_RAND: 1>, 1, 3)",2,"{(1, 1): 0.8816608284143073, (1, 2): 0.8816608284143073, (1, 4): 0.9562988653876641, (1, 5): 0.8816608284143073, (2, 1): 0.9562988653876641, (2, 2): 0.9562988653876641, (2, 3): 0.9562988653876641, (2, 4): 0.9562988653876641, (2, 5): 0.9562988653876641}"
"(<Abstr_type.PI_STAR: 3>, 0.0, <Corr_type.UNI_RAND: 1>, 1, 3)",3,"{(1, 1): 0.9039962395072256, (1, 2): 0.9039962395072256, (1, 4): 0.943047441560052, (1, 5): 0.9039962395072256, (2, 1): 0.943047441560052, (2, 2): 0.943047441560052, (2, 3): 0.943047441560052, (2, 4): 0.943047441560052, (2, 5): 0.943047441560052}"
"(<Abstr_type.PI_STAR: 3>, 0.0, <Corr_type.UNI_RAND: 1>, 1, 3)",4,"{(1, 1): 0.8870871950102966, (1, 2): 0.8870871950102966, (1, 4): 0.9274478523601788, (1, 5): 0.8870871950102966, (2, 1): 0.9274478523601788, (2, 2): 0.9274478523601788, (2, 3): 0.9274478523601788, (2, 4): 0.9274478523601788, (2, 5): 0.9274478523601788}"
"(<Abstr_type.Q_STAR: 1>, 0.0, <Corr_type.UNI_RAND: 1>, 1, 3)",0,"{(1, 1): 0.1664829664519936, (1, 2): 0.18780875835018404, (1, 4): 0.68690834166793, (1, 5): 0.1664829664519936, (2, 1): 0.42496003324363363, (2, 2): 0.7562338076775629, (2, 3): 0.9431933491924476, (2, 4): 0.9948462247926799, (2, 5): 0.0}"
"(<Abstr_type.Q_STAR: 1>, 0.0, <Corr_type.UNI_RAND: 1>, 1, 3)",1,"{(1, 1): 0.34820284845035393, (1, 2): 0.115438577346374, (1, 4): 0.31714125555316064, (1, 5): 0.34820284845035393, (2, 1): 0.42975528390187184, (2, 2): 0.7582260995046112, (2, 3): 0.9256603123008151, (2, 4): 0.992144832788721, (2, 5): 0.0}"
"(<Abstr_type.Q_STAR: 1>, 0.0, <Corr_type.UNI_RAND: 1>, 1, 3)",2,"{(1, 1): 0.14180414729528285, (1, 2): 0.39142156025107067, (1, 4): 0.5027063292193515, (1, 5): 0.14180414729528285, (2, 1): 0.3534544595985882, (2, 2): 0.791903942037428, (2, 3): 0.9349595001338578, (2, 4): 0.9958254420820708, (2, 5): 0.0}"
"(<Abstr_type.Q_STAR: 1>, 0.0, <Corr_type.UNI_RAND: 1>, 1, 3)",3,"{(1, 1): 0.4132278775168106, (1, 2): 0.2642260813815639, (1, 4): 0.38452180777887074, (1, 5): 0.4132278775168106, (2, 1): 0.6023166782641161, (2, 2): 0.8300725987575732, (2, 3): 0.9477090287383865, (2, 4): 0.9942735831029776, (2, 5): 0.0}"
"(<Abstr_type.Q_STAR: 1>, 0.0, <Corr_type.UNI_RAND: 1>, 1, 3)",4,"{(1, 1): 0.3222791124684213, (1, 2): 0.3217616765430218, (1, 4): 0.4812835237174916, (1, 5): 0.3222791124684213, (2, 1): 0.38409221750422295, (2, 2): 0.7475891804790888, (2, 3): 0.9169911395530854, (2, 4): 0.9942735831029776, (2, 5): 0.0}"
"(<Abstr_type.A_STAR: 2>, 0.0, <Corr_type.UNI_RAND: 1>, 1, 4)",0,"{(1, 1): 0.7751706979686377, (1, 2): 0.6773898588993842, (1, 4): 0.6635145175349664, (1, 5): 0.8905810108684877, (2, 1): 0.16663661553655437, (2, 2): 0.469981746522333, (2, 3): 0.6635145175349664, (2, 4): 0.7751706979686377, (2, 5): 0.0}"
"(<Abstr_type.A_STAR: 2>, 0.0, <Corr_type.UNI_RAND: 1>, 1, 4)",1,"{(1, 1): 0.5957935545991753, (1, 2): 0.5012434254153397, (1, 4): 0.5238531799513072, (1, 5): 0.7712320754503901, (2, 1): 0.4938845867997219, (2, 2): 0.39742630655514255, (2, 3): 0.5238531799513072, (2, 4): 0.5957935545991753, (2, 5): 0.0}"
"(<Abstr_type.A_STAR: 2>, 0.0, <Corr_type.UNI_RAND: 1>, 1, 4)",2,"{(1, 1): 0.7257709069097691, (1, 2): 0.5256044768938806, (1, 4): 0.5103580589716568, (1, 5): 0.8499053647030009, (2, 1): 0.3565398990049147, (2, 2): 0.2920089880930675, (2, 3): 0.5103580589716568, (2, 4): 0.7257709069097691, (2, 5): 0.0}"
"(<Abstr_type.A_STAR: 2>, 0.0, <Corr_type.UNI_RAND: 1>, 1, 4)",3,"{(1, 1): 0.49942848343953156, (1, 2): 0.41126799954852655, (1, 4): 0.5195253673000757, (1, 5): 0.9353891811077333, (2, 1): 0.22830166041615607, (2, 2): 0.3536522500736822, (2, 3): 0.5195253673000757, (2, 4): 0.49942848343953156, (2, 5): 0.0}"
"(<Abstr_type.A_STAR: 2>, 0.0, <Corr_type.UNI_RAND: 1>, 1, 4)",4,"{(1, 1): 0.4716859186152408, (1, 2): 0.33044073019611353, (1, 4): 0.7135240684237831, (1, 5): 0.9852191170585654, (2, 1): 0.3292996358475716, (2, 2): 0.531233366113385, (2, 3): 0.7135240684237831, (2, 4): 0.4716859186152408, (2, 5): 0.0}"
"(<Abstr_type.PI_STAR: 3>, 0.0, <Corr_type.UNI_RAND: 1>, 1, 4)",0,"{(1, 1): 0.9097639764036405, (1, 2): 0.9097639764036405, (1, 4): 0.9616817722240641, (1, 5): 0.9097639764036405, (2, 1): 0.9616817722240641, (2, 2): 0.9616817722240641, (2, 3): 0.9616817722240641, (2, 4): 0.9616817722240641, (2, 5): 0.9616817722240641}"
"(<Abstr_type.PI_STAR: 3>, 0.0, <Corr_type.UNI_RAND: 1>, 1, 4)",1,"{(1, 1): 0.8769685990524041, (1, 2): 0.8769685990524041, (1, 4): 0.9569623654988793, (1, 5): 0.8769685990524041, (2, 1): 0.9569623654988793, (2, 2): 0.9569623654988793, (2, 3): 0.9569623654988793, (2, 4): 0.9569623654988793, (2, 5): 0.9569623654988793}"
"(<Abstr_type.PI_STAR: 3>, 0.0, <Corr_type.UNI_RAND: 1>, 1, 4)",2,"{(1, 1): 0.8785921081650897, (1, 2): 0.8785921081650897, (1, 4): 0.9296174675369618, (1, 5): 0.8785921081650897, (2, 1): 0.9296174675369618, (2, 2): 0.9296174675369618, (2, 3): 0.9296174675369618, (2, 4): 0.9296174675369618, (2, 5): 0.9296174675369618}"
"(<Abstr_type.PI_STAR: 3>, 0.0, <Corr_type.UNI_RAND: 1>, 1, 4)",3,"{(1, 1): 0.9022909581503508, (1, 2): 0.9022909581503508, (1, 4): 0.9176237712864733, (1, 5): 0.9022909581503508, (2, 1): 0.9176237712864733, (2, 2): 0.9176237712864733, (2, 3): 0.9176237712864733, (2, 4): 0.9176237712864733, (2, 5): 0.9176237712864733}"
"(<Abstr_type.PI_STAR: 3>, 0.0, <Corr_type.UNI_RAND: 1>, 1, 4)",4,"{(1, 1): 0.8852336108372275, (1, 2): 0.8852336108372275, (1, 4): 0.9679531981834196, (1, 5): 0.8852336108372275, (2, 1): 0.9679531981834196, (2, 2): 0.9679531981834196, (2, 3): 0.9679531981834196, (2, 4): 0.9679531981834196, (2, 5): 0.9679531981834196}"
"(<Abstr_type.Q_STAR: 1>, 0.0, <Corr_type.UNI_RAND: 1>, 1, 4)",0,"{(1, 1): 0.1534792003472495, (1, 2): 0.2645395639696836, (1, 4): 0.3327260941870887, (1, 5): 0.40951000000000004, (2, 1): 0.4366875366239017, (2, 2): 0.7437716631920286, (2, 3): 0.9304909165887933, (2, 4): 0.992144832788721, (2, 5): 0.1534792003472495}"
"(<Abstr_type.Q_STAR: 1>, 0.0, <Corr_type.UNI_RAND: 1>, 1, 4)",1,"{(1, 1): 0.19505251478838032, (1, 2): 0.44143179313418385, (1, 4): 0.29117867035158007, (1, 5): 0.717570463519, (2, 1): 0.13076981578621505, (2, 2): 0.7388006319972156, (2, 3): 0.9204278620829616, (2, 4): 0.9880274848174379, (2, 5): 0.19505251478838032}"
"(<Abstr_type.Q_STAR: 1>, 0.0, <Corr_type.UNI_RAND: 1>, 1, 4)",2,"{(1, 1): 0.10970507170117806, (1, 2): 0.26753883096569175, (1, 4): 0.5556770546518989, (1, 5): 0.40951000000000004, (2, 1): 0.37462838174097346, (2, 2): 0.7373130523206937, (2, 3): 0.9304715060201243, (2, 4): 0.9936373145588641, (2, 5): 0.10970507170117806}"
"(<Abstr_type.Q_STAR: 1>, 0.0, <Corr_type.UNI_RAND: 1>, 1, 4)",3,"{(1, 1): 0.11993636651399418, (1, 2): 0.18268720126778554, (1, 4): 0.320762400218667, (1, 5): 0.7458134171671, (2, 1): 0.4176440968610823, (2, 2): 0.7145931905076385, (2, 3): 0.9093555026715328, (2, 4): 0.9852191170585654, (2, 5): 0.11993636651399418}"
"(<Abstr_type.Q_STAR: 1>, 0.0, <Corr_type.UNI_RAND: 1>, 1, 4)",4,"{(1, 1): 0.13784663826749638, (1, 2): 0.2467402632304405, (1, 4): 0.3716480094498777, (1, 5): 0.5695327900000001, (2, 1): 0.44004021703877405, (2, 2): 0.782490699989708, (2, 3): 0.9250648845483012, (2, 4): 0.9903022627021246, (2, 5): 0.13784663826749638}"
"(<Abstr_type.A_STAR: 2>, 0.0, <Corr_type.UNI_RAND: 1>, 2, 0)",0,"{(1, 1): 0.4796124395404143, (1, 2): 0.6106900580862678, (1, 4): 0.8490765695339154, (1, 5): 0.5212019445031001, (2, 1): 0.14168670419009421, (2, 2): 0.6106900580862678, (2, 3): 0.8490765695339154, (2, 4): 0.9929303495098489, (2, 5): 0.5212019445031001}"
"(<Abstr_type.A_STAR: 2>, 0.0, <Corr_type.UNI_RAND: 1>, 2, 0)",1,"{(1, 1): 0.35468941679492305, (1, 2): 0.7002875422716521, (1, 4): 0.8776391540650762, (1, 5): 0.7171649291183095, (2, 1): 0.23099846370109803, (2, 2): 0.7002875422716521, (2, 3): 0.8776391540650762, (2, 4): 0.9835767967317393, (2, 5): 0.7171649291183095}"
"(<Abstr_type.A_STAR: 2>, 0.0, <Corr_type.UNI_RAND: 1>, 2, 0)",2,"{(1, 1): 0.31653399757946776, (1, 2): 0.5888352910905146, (1, 4): 0.8781527901022647, (1, 5): 0.6122379314890001, (2, 1): 0.12935463976006029, (2, 2): 0.5888352910905146, (2, 3): 0.8781527901022647, (2, 4): 0.9903022627021246, (2, 5): 0.6122379314890001}"
"(<Abstr_type.A_STAR: 2>, 0.0, <Corr_type.UNI_RAND: 1>, 2, 0)",3,"{(1, 1): 0.4297740613986684, (1, 2): 0.699425453925067, (1, 4): 0.7114340758173163, (1, 5): 0.6137225776419805, (2, 1): 0.13604431175866538, (2, 2): 0.699425453925067, (2, 3): 0.7114340758173163, (2, 4): 0.995361602313412, (2, 5): 0.6137225776419805}"
"(<Abstr_type.A_STAR: 2>, 0.0, <Corr_type.UNI_RAND: 1>, 2, 0)",4,"{(1, 1): 0.4135764021817429, (1, 2): 0.5985799994192038, (1, 4): 0.8475025631774659, (1, 5): 0.7172901023769317, (2, 1): 0.08733639842126223, (2, 2): 0.5985799994192038, (2, 3): 0.8475025631774659, (2, 4): 0.9903022627021246, (2, 5): 0.7172901023769317}"
"(<Abstr_type.PI_STAR: 3>, 0.0, <Corr_type.UNI_RAND: 1>, 2, 0)",0,"{(1, 1): 0.7039839941952842, (1, 2): 0.565353764384033, (1, 4): 0.7039839941952842, (1, 5): 0.565353764384033, (2, 1): 0.7039839941952842, (2, 2): 0.565353764384033, (2, 3): 0.7039839941952842, (2, 4): 0.7039839941952842, (2, 5): 0.565353764384033}"
"(<Abstr_type.PI_STAR: 3>, 0.0, <Corr_type.UNI_RAND: 1>, 2, 0)",1,"{(1, 1): 0.6239518199799661, (1, 2): 0.6242859880707103, (1, 4): 0.6239518199799661, (1, 5): 0.6242859880707103, (2, 1): 0.6239518199799661, (2, 2): 0.6242859880707103, (2, 3): 0.6239518199799661, (2, 4): 0.6239518199799661, (2, 5): 0.6242859880707103}"
"(<Abstr_type.PI_STAR: 3>, 0.0, <Corr_type.UNI_RAND: 1>, 2, 0)",2,"{(1, 1): 0.633474038962426, (1, 2): 0.5937310053193512, (1, 4): 0.633474038962426, (1, 5): 0.5937310053193512, (2, 1): 0.633474038962426, (2, 2): 0.5937310053193512, (2, 3): 0.633474038962426, (2, 4): 0.633474038962426, (2, 5): 0.5937310053193512}"
"(<Abstr_type.PI_STAR: 3>, 0.0, <Corr_type.UNI_RAND: 1>, 2, 0)",3,"{(1, 1): 0.6247748011646976, (1, 2): 0.6118779115592001, (1, 4): 0.6247748011646976, (1, 5): 0.6118779115592001, (2, 1): 0.6247748011646976, (2, 2): 0.6118779115592001, (2, 3): 0.6247748011646976, (2, 4): 0.6247748011646976, (2, 5): 0.6118779115592001}"
"(<Abstr_type.PI_STAR: 3>, 0.0, <Corr_type.UNI_RAND: 1>, 2, 0)",4,"{(1, 1): 0.8050936005623295, (1, 2): 0.6516836809325051, (1, 4): 0.8050936005623295, (1, 5): 0.6516836809325051, (2, 1): 0.8050936005623295, (2, 2): 0.6516836809325051, (2, 3): 0.8050936005623295, (2, 4): 0.8050936005623295, (2, 5): 0.6516836809325051}"
"(<Abstr_type.Q_STAR: 1>, 0.0, <Corr_type.UNI_RAND: 1>, 2, 0)",0,"{(1, 1): 0.33688415398939575, (1, 2): 0.5182315695003243, (1, 4): 0.20805429355920005, (1, 5): 0.68618940391, (2, 1): 0.5357368496760295, (2, 2): 0.6044012370026955, (2, 3): 0.5588760995449711, (2, 4): 0.6044012370026955, (2, 5): 0.6044012370026955}"
"(<Abstr_type.Q_STAR: 1>, 0.0, <Corr_type.UNI_RAND: 1>, 2, 0)",1,"{(1, 1): 0.27094416897014006, (1, 2): 0.5656554747056494, (1, 4): 0.26956955719368286, (1, 5): 0.6125795110000001, (2, 1): 0.5253979498453083, (2, 2): 0.6356024247605045, (2, 3): 0.5954264249674524, (2, 4): 0.6356024247605045, (2, 5): 0.6356024247605045}"
"(<Abstr_type.Q_STAR: 1>, 0.0, <Corr_type.UNI_RAND: 1>, 2, 0)",2,"{(1, 1): 0.40133001643957616, (1, 2): 0.06608442307307708, (1, 4): 0.39723688883367725, (1, 5): 0.7941088679053511, (2, 1): 0.6688316911875717, (2, 2): 0.829369661127874, (2, 3): 0.693618792755593, (2, 4): 0.829369661127874, (2, 5): 0.829369661127874}"
"(<Abstr_type.Q_STAR: 1>, 0.0, <Corr_type.UNI_RAND: 1>, 2, 0)",3,"{(1, 1): 0.3507195768046305, (1, 2): 0.6948909457190733, (1, 4): 0.5295074864475332, (1, 5): 0.271, (2, 1): 0.418452847195909, (2, 2): 0.9118381740789454, (2, 3): 0.8017182842551596, (2, 4): 0.9118381740789454, (2, 5): 0.9118381740789454}"
"(<Abstr_type.Q_STAR: 1>, 0.0, <Corr_type.UNI_RAND: 1>, 2, 0)",4,"{(1, 1): 0.380399733423932, (1, 2): 0.47170234460912364, (1, 4): 0.31342435482996006, (1, 5): 0.7458134171671, (2, 1): 0.561514622948181, (2, 2): 0.6463666057654885, (2, 3): 0.5969724578608805, (2, 4): 0.6463666057654885, (2, 5): 0.6463666057654885}"
"(<Abstr_type.A_STAR: 2>, 0.0, <Corr_type.UNI_RAND: 1>, 2, 1)",0,"{(1, 1): 0.4628561503330383, (1, 2): 0.791361324739371, (1, 4): 0.791361324739371, (1, 5): 0.40951000000000004, (2, 1): 0.09201479922439043, (2, 2): 0.9338840150385019, (2, 3): 0.9338840150385019, (2, 4): 0.9929303495098489, (2, 5): 0.0}"
"(<Abstr_type.A_STAR: 2>, 0.0, <Corr_type.UNI_RAND: 1>, 2, 1)",1,"{(1, 1): 0.21478930926757395, (1, 2): 0.6744480067997871, (1, 4): 0.6744480067997871, (1, 5): 0.6513215599000001, (2, 1): 0.5386189787718773, (2, 2): 0.9108476245595184, (2, 3): 0.9108476245595184, (2, 4): 0.9912720364319122, (2, 5): 0.0}"
"(<Abstr_type.A_STAR: 2>, 0.0, <Corr_type.UNI_RAND: 1>, 2, 1)",2,"{(1, 1): 0.4008636528809167, (1, 2): 0.7563856558940685, (1, 4): 0.7563856558940685, (1, 5): 0.6125795110000001, (2, 1): 0.048309473813361106, (2, 2): 0.913045755849135, (2, 3): 0.913045755849135, (2, 4): 0.9892247363356941, (2, 5): 0.0}"
"(<Abstr_type.A_STAR: 2>, 0.0, <Corr_type.UNI_RAND: 1>, 2, 1)",3,"{(1, 1): 0.33895498533009677, (1, 2): 0.8143566945919821, (1, 4): 0.8143566945919821, (1, 5): 0.27163739175533996, (2, 1): 0.38697797421056496, (2, 2): 0.9155755460511616, (2, 3): 0.9155755460511616, (2, 4): 0.995361602313412, (2, 5): 0.0}"
"(<Abstr_type.A_STAR: 2>, 0.0, <Corr_type.UNI_RAND: 1>, 2, 1)",4,"{(1, 1): 0.3470564091111641, (1, 2): 0.6980168169210518, (1, 4): 0.6980168169210518, (1, 5): 0.717570463519, (2, 1): 0.31586849402289546, (2, 2): 0.9019310251825732, (2, 3): 0.9019310251825732, (2, 4): 0.9880274848174379, (2, 5): 0.0}"
"(<Abstr_type.PI_STAR: 3>, 0.0, <Corr_type.UNI_RAND: 1>, 2, 1)",0,"{(1, 1): 0.6176954801674032, (1, 2): 0.5546891842847756, (1, 4): 0.5546891842847756, (1, 5): 0.5546891842847756, (2, 1): 0.6176954801674032, (2, 2): 0.5546891842847756, (2, 3): 0.6176954801674032, (2, 4): 0.6176954801674032, (2, 5): 0.6176954801674032}"
"(<Abstr_type.PI_STAR: 3>, 0.0, <Corr_type.UNI_RAND: 1>, 2, 1)",1,"{(1, 1): 0.7846123330810916, (1, 2): 0.6431877506029359, (1, 4): 0.6431877506029359, (1, 5): 0.6431877506029359, (2, 1): 0.7846123330810916, (2, 2): 0.6431877506029359, (2, 3): 0.7846123330810916, (2, 4): 0.7846123330810916, (2, 5): 0.7846123330810916}"
"(<Abstr_type.PI_STAR: 3>, 0.0, <Corr_type.UNI_RAND: 1>, 2, 1)",2,"{(1, 1): 0.5965493215413411, (1, 2): 0.5520117920424843, (1, 4): 0.5520117920424843, (1, 5): 0.5520117920424843, (2, 1): 0.5965493215413411, (2, 2): 0.5520117920424843, (2, 3): 0.5965493215413411, (2, 4): 0.5965493215413411, (2, 5): 0.5965493215413411}"
"(<Abstr_type.PI_STAR: 3>, 0.0, <Corr_type.UNI_RAND: 1>, 2, 1)",3,"{(1, 1): 0.5832017264478938, (1, 2): 0.5432578665456901, (1, 4): 0.5432578665456901, (1, 5): 0.5432578665456901, (2, 1): 0.5832017264478938, (2, 2): 0.5432578665456901, (2, 3): 0.5832017264478938, (2, 4): 0.5832017264478938, (2, 5): 0.5832017264478938}"
"(<Abstr_type.PI_STAR: 3>, 0.0, <Corr_type.UNI_RAND: 1>, 2, 1)",4,"{(1, 1): 0.6374382958378019, (1, 2): 0.5749028996602499, (1, 4): 0.5749028996602499, (1, 5): 0.5749028996602499, (2, 1): 0.6374382958378019, (2, 2): 0.5749028996602499, (2, 3): 0.6374382958378019, (2, 4): 0.6374382958378019, (2, 5): 0.6374382958378019}"
"(<Abstr_type.Q_STAR: 1>, 0.0, <Corr_type.UNI_RAND: 1>, 2, 1)",0,"{(1, 1): 0.29356434663604175, (1, 2): 0.5054519791982309, (1, 4): 0.8783544927723411, (1, 5): 0.7941088679053511, (2, 1): 0.07383829380589355, (2, 2): 0.5054519791982309, (2, 3): 0.7728758460859051, (2, 4): 0.8783544927723411, (2, 5): 0.0}"
"(<Abstr_type.Q_STAR: 1>, 0.0, <Corr_type.UNI_RAND: 1>, 2, 1)",1,"{(1, 1): 0.39793216029697864, (1, 2): 0.4874143167711024, (1, 4): 0.815880531731263, (1, 5): 0.77797995410658, (2, 1): 0.09728667445207906, (2, 2): 0.4874143167711024, (2, 3): 0.7630865591728521, (2, 4): 0.815880531731263, (2, 5): 0.0}"
"(<Abstr_type.Q_STAR: 1>, 0.0, <Corr_type.UNI_RAND: 1>, 2, 1)",2,"{(1, 1): 0.3045814156975037, (1, 2): 0.568286496382284, (1, 4): 0.8322553623221144, (1, 5): 0.7832977942193853, (2, 1): 0.22827979824269692, (2, 2): 0.568286496382284, (2, 3): 0.7563434902175236, (2, 4): 0.8322553623221144, (2, 5): 0.0}"
"(<Abstr_type.Q_STAR: 1>, 0.0, <Corr_type.UNI_RAND: 1>, 2, 1)",3,"{(1, 1): 0.36827296532959986, (1, 2): 0.6153546793154258, (1, 4): 0.9033071051164985, (1, 5): 0.7712320754503901, (2, 1): 0.15514695248996058, (2, 2): 0.6153546793154258, (2, 3): 0.8279994303358607, (2, 4): 0.9033071051164985, (2, 5): 0.0}"
"(<Abstr_type.Q_STAR: 1>, 0.0, <Corr_type.UNI_RAND: 1>, 2, 1)",4,"{(1, 1): 0.20915729721142595, (1, 2): 0.7460661380579243, (1, 4): 0.9642820254026012, (1, 5): 0.6125795110000001, (2, 1): 0.476331464617028, (2, 2): 0.7460661380579243, (2, 3): 0.9007394262540257, (2, 4): 0.9642820254026012, (2, 5): 0.0}"
"(<Abstr_type.A_STAR: 2>, 0.0, <Corr_type.UNI_RAND: 1>, 2, 2)",0,"{(1, 1): 0.19310441233661083, (1, 2): 0.42507205550837995, (1, 4): 0.19310441233661083, (1, 5): 0.46855900000000006, (2, 1): 0.22086066202637328, (2, 2): 0.764842102924255, (2, 3): 0.9357829678414054, (2, 4): 0.992144832788721, (2, 5): 0.42507205550837995}"
"(<Abstr_type.A_STAR: 2>, 0.0, <Corr_type.UNI_RAND: 1>, 2, 2)",1,"{(1, 1): 0.31703816126417095, (1, 2): 0.21632438657481512, (1, 4): 0.31703816126417095, (1, 5): 0.34390000000000004, (2, 1): 0.33139828989080955, (2, 2): 0.7409599152991452, (2, 3): 0.9221669719574072, (2, 4): 0.9948462247926799, (2, 5): 0.21632438657481512}"
"(<Abstr_type.A_STAR: 2>, 0.0, <Corr_type.UNI_RAND: 1>, 2, 2)",2,"{(1, 1): 0.29211156956275997, (1, 2): 0.4667471078640214, (1, 4): 0.29211156956275997, (1, 5): 0.68618940391, (2, 1): 0.13513570910836126, (2, 2): 0.7037968731082054, (2, 3): 0.8966816269632186, (2, 4): 0.9835767967317393, (2, 5): 0.4667471078640214}"
"(<Abstr_type.A_STAR: 2>, 0.0, <Corr_type.UNI_RAND: 1>, 2, 2)",3,"{(1, 1): 0.4091150234159117, (1, 2): 0.0777442992673488, (1, 4): 0.4091150234159117, (1, 5): 0.40951000000000004, (2, 1): 0.41634842163841623, (2, 2): 0.6833149036740775, (2, 3): 0.915618235339916, (2, 4): 0.992144832788721, (2, 5): 0.0777442992673488}"
"(<Abstr_type.A_STAR: 2>, 0.0, <Corr_type.UNI_RAND: 1>, 2, 2)",4,"{(1, 1): 0.27085561677198344, (1, 2): 0.2445768595273507, (1, 4): 0.27085561677198344, (1, 5): 0.5217031000000001, (2, 1): 0.5066333207877017, (2, 2): 0.8000485185082244, (2, 3): 0.9371567062059679, (2, 4): 0.992144832788721, (2, 5): 0.2445768595273507}"
"(<Abstr_type.PI_STAR: 3>, 0.0, <Corr_type.UNI_RAND: 1>, 2, 2)",0,"{(1, 1): 0.9475547141698542, (1, 2): 0.8630011503652537, (1, 4): 0.8630011503652537, (1, 5): 0.8630011503652537, (2, 1): 0.9475547141698542, (2, 2): 0.9475547141698542, (2, 3): 0.9475547141698542, (2, 4): 0.9475547141698542, (2, 5): 0.8630011503652537}"
"(<Abstr_type.PI_STAR: 3>, 0.0, <Corr_type.UNI_RAND: 1>, 2, 2)",1,"{(1, 1): 0.926445319555668, (1, 2): 0.8728064362134573, (1, 4): 0.8728064362134573, (1, 5): 0.8728064362134573, (2, 1): 0.926445319555668, (2, 2): 0.926445319555668, (2, 3): 0.926445319555668, (2, 4): 0.926445319555668, (2, 5): 0.8728064362134573}"
"(<Abstr_type.PI_STAR: 3>, 0.0, <Corr_type.UNI_RAND: 1>, 2, 2)",2,"{(1, 1): 0.9461119773887332, (1, 2): 0.8813790435035688, (1, 4): 0.8813790435035688, (1, 5): 0.8813790435035688, (2, 1): 0.9461119773887332, (2, 2): 0.9461119773887332, (2, 3): 0.9461119773887332, (2, 4): 0.9461119773887332, (2, 5): 0.8813790435035688}"
"(<Abstr_type.PI_STAR: 3>, 0.0, <Corr_type.UNI_RAND: 1>, 2, 2)",3,"{(1, 1): 0.9511493237803178, (1, 2): 0.8842777052576373, (1, 4): 0.8842777052576373, (1, 5): 0.8842777052576373, (2, 1): 0.9511493237803178, (2, 2): 0.9511493237803178, (2, 3): 0.9511493237803178, (2, 4): 0.9511493237803178, (2, 5): 0.8842777052576373}"
"(<Abstr_type.PI_STAR: 3>, 0.0, <Corr_type.UNI_RAND: 1>, 2, 2)",4,"{(1, 1): 0.9362607592043051, (1, 2): 0.8387017556734803, (1, 4): 0.8387017556734803, (1, 5): 0.8387017556734803, (2, 1): 0.9362607592043051, (2, 2): 0.9362607592043051, (2, 3): 0.9362607592043051, (2, 4): 0.9362607592043051, (2, 5): 0.8387017556734803}"
"(<Abstr_type.Q_STAR: 1>, 0.0, <Corr_type.UNI_RAND: 1>, 2, 2)",0,"{(1, 1): 0.3424966336129834, (1, 2): 0.09010037113873523, (1, 4): 0.3424966336129834, (1, 5): 0.1, (2, 1): 0.45250851779130885, (2, 2): 0.7926459989544838, (2, 3): 0.9469154901233151, (2, 4): 0.995361602313412, (2, 5): 0.3424966336129834}"
"(<Abstr_type.Q_STAR: 1>, 0.0, <Corr_type.UNI_RAND: 1>, 2, 2)",1,"{(1, 1): 0.36470371607161534, (1, 2): 0.06999078380908502, (1, 4): 0.36470371607161534, (1, 5): 0.6125795110000001, (2, 1): 0.373565411434631, (2, 2): 0.7136095425206386, (2, 3): 0.9125339749802172, (2, 4): 0.9903022627021246, (2, 5): 0.36470371607161534}"
"(<Abstr_type.Q_STAR: 1>, 0.0, <Corr_type.UNI_RAND: 1>, 2, 2)",2,"{(1, 1): 0.1785042134359079, (1, 2): 0.13411030511534128, (1, 4): 0.1785042134359079, (1, 5): 0.9774716004550608, (2, 1): 0.06707783280312624, (2, 2): 0.2936278600512016, (2, 3): 0.5766265994388986, (2, 4): 0.8649148282327008, (2, 5): 0.1785042134359079}"
"(<Abstr_type.Q_STAR: 1>, 0.0, <Corr_type.UNI_RAND: 1>, 2, 2)",3,"{(1, 1): 0.11966463996575104, (1, 2): 0.12920623176354726, (1, 4): 0.11966463996575104, (1, 5): 0.9797244404095546, (2, 1): 0.11979143162991647, (2, 2): 0.1964461973901579, (2, 3): 0.43640337007357666, (2, 4): 0.8332281830033343, (2, 5): 0.11966463996575104}"
"(<Abstr_type.Q_STAR: 1>, 0.0, <Corr_type.UNI_RAND: 1>, 2, 2)",4,"{(1, 1): 0.31257602033661136, (1, 2): 0.2918518362165144, (1, 4): 0.31257602033661136, (1, 5): 0.40951000000000004, (2, 1): 0.5315529198481829, (2, 2): 0.805952042527406, (2, 3): 0.9458432568799567, (2, 4): 0.9942735831029776, (2, 5): 0.31257602033661136}"
"(<Abstr_type.A_STAR: 2>, 0.0, <Corr_type.UNI_RAND: 1>, 2, 3)",0,"{(1, 1): 0.3430940059554976, (1, 2): 0.40717360797969687, (1, 4): 0.6589939356325776, (1, 5): 0.6589939356325776, (2, 1): 0.3352598860121152, (2, 2): 0.3433966631630023, (2, 3): 0.40717360797969687, (2, 4): 0.9929303495098489, (2, 5): 0.0}"
"(<Abstr_type.A_STAR: 2>, 0.0, <Corr_type.UNI_RAND: 1>, 2, 3)",1,"{(1, 1): 0.26529481242978836, (1, 2): 0.33685978726772225, (1, 4): 0.742887262171191, (1, 5): 0.742887262171191, (2, 1): 0.2337687824974266, (2, 2): 0.2726718135030958, (2, 3): 0.33685978726772225, (2, 4): 0.9942735831029776, (2, 5): 0.0}"
"(<Abstr_type.A_STAR: 2>, 0.0, <Corr_type.UNI_RAND: 1>, 2, 3)",2,"{(1, 1): 0.48092949103823857, (1, 2): 0.7179504070015903, (1, 4): 0.7552147599021939, (1, 5): 0.7552147599021939, (2, 1): 0.23833238895703748, (2, 2): 0.4219200088006898, (2, 3): 0.7179504070015903, (2, 4): 0.995361602313412, (2, 5): 0.0}"
"(<Abstr_type.A_STAR: 2>, 0.0, <Corr_type.UNI_RAND: 1>, 2, 3)",3,"{(1, 1): 0.24783706948862952, (1, 2): 0.3211885715857348, (1, 4): 0.5385518630701278, (1, 5): 0.5385518630701278, (2, 1): 0.2544108319288225, (2, 2): 0.2479868239727051, (2, 3): 0.3211885715857348, (2, 4): 0.992144832788721, (2, 5): 0.0}"
"(<Abstr_type.A_STAR: 2>, 0.0, <Corr_type.UNI_RAND: 1>, 2, 3)",4,"{(1, 1): 0.2428145552458795, (1, 2): 0.47711851438603087, (1, 4): 0.7855628181963742, (1, 5): 0.7855628181963742, (2, 1): 0.22506349408884052, (2, 2): 0.24997138247008352, (2, 3): 0.47711851438603087, (2, 4): 0.9942735831029776, (2, 5): 0.0}"
"(<Abstr_type.PI_STAR: 3>, 0.0, <Corr_type.UNI_RAND: 1>, 2, 3)",0,"{(1, 1): 0.8635738391510981, (1, 2): 0.8635738391510981, (1, 4): 0.7515809876770063, (1, 5): 0.7515809876770063, (2, 1): 0.8635738391510981, (2, 2): 0.8635738391510981, (2, 3): 0.8635738391510981, (2, 4): 0.8635738391510981, (2, 5): 0.8635738391510981}"
"(<Abstr_type.PI_STAR: 3>, 0.0, <Corr_type.UNI_RAND: 1>, 2, 3)",1,"{(1, 1): 0.48305440623705104, (1, 2): 0.48305440623705104, (1, 4): 0.47686621348928515, (1, 5): 0.47686621348928515, (2, 1): 0.48305440623705104, (2, 2): 0.48305440623705104, (2, 3): 0.48305440623705104, (2, 4): 0.48305440623705104, (2, 5): 0.48305440623705104}"
"(<Abstr_type.PI_STAR: 3>, 0.0, <Corr_type.UNI_RAND: 1>, 2, 3)",2,"{(1, 1): 0.7957291232021785, (1, 2): 0.7957291232021785, (1, 4): 0.392683894848931, (1, 5): 0.392683894848931, (2, 1): 0.7957291232021785, (2, 2): 0.7957291232021785, (2, 3): 0.7957291232021785, (2, 4): 0.7957291232021785, (2, 5): 0.7957291232021785}"
"(<Abstr_type.PI_STAR: 3>, 0.0, <Corr_type.UNI_RAND: 1>, 2, 3)",3,"{(1, 1): 0.48554147168950873, (1, 2): 0.48554147168950873, (1, 4): 0.4557157524042326, (1, 5): 0.4557157524042326, (2, 1): 0.48554147168950873, (2, 2): 0.48554147168950873, (2, 3): 0.48554147168950873, (2, 4): 0.48554147168950873, (2, 5): 0.48554147168950873}"
"(<Abstr_type.PI_STAR: 3>, 0.0, <Corr_type.UNI_RAND: 1>, 2, 3)",4,"{(1, 1): 0.8850938213222701, (1, 2): 0.8850938213222701, (1, 4): 0.6891216483841779, (1, 5): 0.6891216483841779, (2, 1): 0.8850938213222701, (2, 2): 0.8850938213222701, (2, 3): 0.8850938213222701, (2, 4): 0.8850938213222701, (2, 5): 0.8850938213222701}"
"(<Abstr_type.Q_STAR: 1>, 0.0, <Corr_type.UNI_RAND: 1>, 2, 3)",0,"{(1, 1): 0.13553745108020776, (1, 2): 0.07347770681065216, (1, 4): 0.30481427175709663, (1, 5): 0.6125795110000001, (2, 1): 0.39297946582576837, (2, 2): 0.7205807597710344, (2, 3): 0.9090371480001794, (2, 4): 0.9880274848174379, (2, 5): 0.07347770681065216}"
"(<Abstr_type.Q_STAR: 1>, 0.0, <Corr_type.UNI_RAND: 1>, 2, 3)",1,"{(1, 1): 0.24208314373937975, (1, 2): 0.16011558575188528, (1, 4): 0.4648822851115482, (1, 5): 0.40951000000000004, (2, 1): 0.5400546220221103, (2, 2): 0.7984739503418996, (2, 3): 0.9360369739614595, (2, 4): 0.9948462247926799, (2, 5): 0.16011558575188528}"
"(<Abstr_type.Q_STAR: 1>, 0.0, <Corr_type.UNI_RAND: 1>, 2, 3)",2,"{(1, 1): 0.1554541961457992, (1, 2): 0.19515403211113283, (1, 4): 0.28648888649205717, (1, 5): 0.6513215599000001, (2, 1): 0.43405648403737873, (2, 2): 0.7789055406188958, (2, 3): 0.9247745354530809, (2, 4): 0.9892247363356941, (2, 5): 0.19515403211113283}"
"(<Abstr_type.Q_STAR: 1>, 0.0, <Corr_type.UNI_RAND: 1>, 2, 3)",3,"{(1, 1): 0.1722812596866814, (1, 2): 0.4967239203527723, (1, 4): 0.6078364721977707, (1, 5): 0.34390000000000004, (2, 1): 0.11929466127874458, (2, 2): 0.7599224052631924, (2, 3): 0.9221237991580349, (2, 4): 0.9948462247926799, (2, 5): 0.4967239203527723}"
"(<Abstr_type.Q_STAR: 1>, 0.0, <Corr_type.UNI_RAND: 1>, 2, 3)",4,"{(1, 1): 0.21936620087525527, (1, 2): 0.49030836960647156, (1, 4): 0.5343510688969556, (1, 5): 0.34390000000000004, (2, 1): 0.04115641962908034, (2, 2): 0.737163199285503, (2, 3): 0.9394559228929719, (2, 4): 0.9948462247926799, (2, 5): 0.49030836960647156}"
"(<Abstr_type.A_STAR: 2>, 0.0, <Corr_type.UNI_RAND: 1>, 2, 4)",0,"{(1, 1): 0.25976500516660533, (1, 2): 0.3338569626553481, (1, 4): 0.25976500516660533, (1, 5): 0.9282102012308148, (2, 1): 0.266637904998869, (2, 2): 0.25985585594602867, (2, 3): 0.22780046715463578, (2, 4): 0.3338569626553481, (2, 5): 0.0}"
"(<Abstr_type.A_STAR: 2>, 0.0, <Corr_type.UNI_RAND: 1>, 2, 4)",1,"{(1, 1): 0.2702039453071289, (1, 2): 0.34373943322517897, (1, 4): 0.2702039453071289, (1, 5): 0.911370618803475, (2, 1): 0.26943975521852814, (2, 2): 0.27017497322724104, (2, 3): 0.2714328816436347, (2, 4): 0.34373943322517897, (2, 5): 0.0}"
"(<Abstr_type.A_STAR: 2>, 0.0, <Corr_type.UNI_RAND: 1>, 2, 4)",2,"{(1, 1): 0.3217992450425695, (1, 2): 0.44906964675843863, (1, 4): 0.3217992450425695, (1, 5): 0.9202335569231275, (2, 1): 0.3324434401386537, (2, 2): 0.319881044319893, (2, 3): 0.32581360844650253, (2, 4): 0.44906964675843863, (2, 5): 0.0}"
"(<Abstr_type.A_STAR: 2>, 0.0, <Corr_type.UNI_RAND: 1>, 2, 4)",3,"{(1, 1): 0.5075337205514336, (1, 2): 0.5560245669907028, (1, 4): 0.5075337205514336, (1, 5): 0.19, (2, 1): 0.5140545799102053, (2, 2): 0.5062352937747765, (2, 3): 0.5069187232083536, (2, 4): 0.5560245669907028, (2, 5): 0.0}"
"(<Abstr_type.A_STAR: 2>, 0.0, <Corr_type.UNI_RAND: 1>, 2, 4)",4,"{(1, 1): 0.3133015981749497, (1, 2): 0.3772454340704251, (1, 4): 0.3133015981749497, (1, 5): 0.9282102012308148, (2, 1): 0.2984852976995271, (2, 2): 0.3128029293998557, (2, 3): 0.2885488512405051, (2, 4): 0.3772454340704251, (2, 5): 0.0}"
"(<Abstr_type.PI_STAR: 3>, 0.0, <Corr_type.UNI_RAND: 1>, 2, 4)",0,"{(1, 1): 0.91446674548473, (1, 2): 0.91446674548473, (1, 4): 0.7595063639350284, (1, 5): 0.7595063639350284, (2, 1): 0.91446674548473, (2, 2): 0.91446674548473, (2, 3): 0.91446674548473, (2, 4): 0.91446674548473, (2, 5): 0.91446674548473}"
"(<Abstr_type.PI_STAR: 3>, 0.0, <Corr_type.UNI_RAND: 1>, 2, 4)",1,"{(1, 1): 0.6736735180309504, (1, 2): 0.6736735180309504, (1, 4): 0.5872002821195044, (1, 5): 0.5872002821195044, (2, 1): 0.6736735180309504, (2, 2): 0.6736735180309504, (2, 3): 0.6736735180309504, (2, 4): 0.6736735180309504, (2, 5): 0.6736735180309504}"
"(<Abstr_type.PI_STAR: 3>, 0.0, <Corr_type.UNI_RAND: 1>, 2, 4)",2,"{(1, 1): 0.9087737557778369, (1, 2): 0.9087737557778369, (1, 4): 0.6856328556170186, (1, 5): 0.6856328556170186, (2, 1): 0.9087737557778369, (2, 2): 0.9087737557778369, (2, 3): 0.9087737557778369, (2, 4): 0.9087737557778369, (2, 5): 0.9087737557778369}"
"(<Abstr_type.PI_STAR: 3>, 0.0, <Corr_type.UNI_RAND: 1>, 2, 4)",3,"{(1, 1): 0.9036490718291671, (1, 2): 0.9036490718291671, (1, 4): 0.7113637189231804, (1, 5): 0.7113637189231804, (2, 1): 0.9036490718291671, (2, 2): 0.9036490718291671, (2, 3): 0.9036490718291671, (2, 4): 0.9036490718291671, (2, 5): 0.9036490718291671}"
"(<Abstr_type.PI_STAR: 3>, 0.0, <Corr_type.UNI_RAND: 1>, 2, 4)",4,"{(1, 1): 0.32951658005354106, (1, 2): 0.32951658005354106, (1, 4): 0.4926374194383615, (1, 5): 0.4926374194383615, (2, 1): 0.32951658005354106, (2, 2): 0.32951658005354106, (2, 3): 0.32951658005354106, (2, 4): 0.32951658005354106, (2, 5): 0.32951658005354106}"
"(<Abstr_type.Q_STAR: 1>, 0.0, <Corr_type.UNI_RAND: 1>, 2, 4)",0,"{(1, 1): 0.17548968876314908, (1, 2): 0.4272241885863287, (1, 4): 0.5392333648023355, (1, 5): 0.4272241885863287, (2, 1): 0.09293534542699403, (2, 2): 0.6561001034775676, (2, 3): 0.9164344269889158, (2, 4): 0.9929303495098489, (2, 5): 0.0}"
"(<Abstr_type.Q_STAR: 1>, 0.0, <Corr_type.UNI_RAND: 1>, 2, 4)",1,"{(1, 1): 0.16141122125960497, (1, 2): 0.46760037176786257, (1, 4): 0.3006189390327648, (1, 5): 0.46760037176786257, (2, 1): 0.4075894041890037, (2, 2): 0.7248742634650163, (2, 3): 0.9375289571246341, (2, 4): 0.9936373145588641, (2, 5): 0.0}"
"(<Abstr_type.Q_STAR: 1>, 0.0, <Corr_type.UNI_RAND: 1>, 2, 4)",2,"{(1, 1): 0.15702676890107084, (1, 2): 0.48896881506787027, (1, 4): 0.6197896413820951, (1, 5): 0.48896881506787027, (2, 1): 0.24223519006706964, (2, 2): 0.7465734291443281, (2, 3): 0.9245063243546471, (2, 4): 0.9948462247926799, (2, 5): 0.0}"
"(<Abstr_type.Q_STAR: 1>, 0.0, <Corr_type.UNI_RAND: 1>, 2, 4)",3,"{(1, 1): 0.20282264518976068, (1, 2): 0.12179524192376981, (1, 4): 0.6174658301557739, (1, 5): 0.12179524192376981, (2, 1): 0.5016376128289849, (2, 2): 0.7696350975510506, (2, 3): 0.9396727488340598, (2, 4): 0.9948462247926799, (2, 5): 0.0}"
"(<Abstr_type.Q_STAR: 1>, 0.0, <Corr_type.UNI_RAND: 1>, 2, 4)",4,"{(1, 1): 0.4164520483848735, (1, 2): 0.7093261126215543, (1, 4): 0.21321694947893519, (1, 5): 0.7093261126215543, (2, 1): 0.16370860178568314, (2, 2): 0.7687934715818566, (2, 3): 0.9317040276988282, (2, 4): 0.9892247363356941, (2, 5): 0.0}"
