"(<Abstr_type.PI_STAR: 3>, 0.0, 'explicit errors', 0, 0)",0,"{(1, 11): 0.6546824299299927, (1, 10): 0.6405507263368784, (1, 9): 0.6405507263368784, (1, 8): 0.6964791331740741, (1, 7): 0.6161251946535093, (1, 5): 0.6964791331740741, (1, 4): 0.6161251946535093, (1, 3): 0.6161251946535093, (1, 2): 0.6161251946535093, (1, 1): 0.6161251946535093, (2, 11): 0.6405507263368784, (2, 10): 0.6405507263368784, (2, 9): 0.6405507263368784, (2, 8): 0.6964791331740741, (2, 7): 0.6161251946535093, (2, 5): 0.6964791331740741, (2, 4): 0.6161251946535093, (2, 3): 0.6161251946535093, (2, 2): 0.6161251946535093, (2, 1): 0.6161251946535093, (3, 11): 0.6405507263368784, (3, 10): 0.6405507263368784, (3, 9): 0.6405507263368784, (3, 8): 0.6964791331740741, (3, 7): 0.6161251946535093, (3, 6): 0.6161251946535093, (3, 5): 0.6161251946535093, (3, 4): 0.6161251946535093, (3, 3): 0.6161251946535093, (3, 2): 0.6161251946535093, (3, 1): 0.6161251946535093, (4, 11): 0.6405507263368784, (4, 10): 0.6405507263368784, (4, 9): 0.6405507263368784, (4, 8): 0.6964791331740741, (4, 7): 0.6161251946535093, (4, 5): 0.6546824299299927, (4, 4): 0.6161251946535093, (4, 3): 0.6161251946535093, (4, 2): 0.6964791331740741, (4, 1): 0.6161251946535093, (5, 11): 0.6405507263368784, (5, 10): 0.6405507263368784, (5, 9): 0.6405507263368784, (5, 8): 0.6964791331740741, (5, 7): 0.6161251946535093, (5, 5): 0.6964791331740741, (5, 4): 0.6405507263368784, (5, 3): 0.6964791331740741, (5, 2): 0.6161251946535093, (5, 1): 0.6161251946535093, (6, 8): 0.6964791331740741, (6, 3): 0.6161251946535093, (7, 11): 0.6161251946535093, (7, 10): 0.6161251946535093, (7, 9): 0.6161251946535093, (7, 8): 0.6161251946535093, (7, 7): 0.6161251946535093, (7, 6): 0.6161251946535093, (7, 4): 0.6161251946535093, (7, 3): 0.6161251946535093, (7, 2): 0.6161251946535093, (7, 1): 0.6161251946535093, (8, 11): 0.6964791331740741, (8, 10): 0.6161251946535093, (8, 9): 0.6161251946535093, (8, 8): 0.6161251946535093, (8, 7): 0.6161251946535093, (8, 6): 0.6161251946535093, (8, 5): 0.6161251946535093, (8, 4): 0.6161251946535093, (8, 3): 0.6161251946535093, (8, 2): 0.6161251946535093, (8, 1): 0.6161251946535093, (9, 11): 0.6964791331740741, (9, 10): 0.6161251946535093, (9, 9): 0.6161251946535093, (9, 8): 0.6161251946535093, (9, 7): 0.6161251946535093, (9, 6): 0.6161251946535093, (9, 4): 0.6546824299299927, (9, 3): 0.6161251946535093, (9, 2): 0.6161251946535093, (9, 1): 0.6161251946535093, (10, 11): 0.6964791331740741, (10, 10): 0.6161251946535093, (10, 9): 0.6161251946535093, (10, 8): 0.6161251946535093, (10, 7): 0.6161251946535093, (10, 6): 0.6161251946535093, (10, 4): 0.6546824299299927, (10, 3): 0.6161251946535093, (10, 2): 0.6161251946535093, (10, 1): 0.6161251946535093, (11, 11): 0.0, (11, 10): 0.6161251946535093, (11, 9): 0.6161251946535093, (11, 8): 0.6161251946535093, (11, 7): 0.6161251946535093, (11, 6): 0.6161251946535093, (11, 4): 0.6546824299299927, (11, 3): 0.6161251946535093, (11, 2): 0.6161251946535093, (11, 1): 0.6161251946535093}"
"(<Abstr_type.PI_STAR: 3>, 0.0, 'explicit errors', 0, 0)",1,"{(1, 11): 0.6194711478451698, (1, 10): 0.7737279275801747, (1, 9): 0.7737279275801747, (1, 8): 0.9107148604934251, (1, 7): 0.6778374121736659, (1, 5): 0.9107148604934251, (1, 4): 0.6778374121736659, (1, 3): 0.6778374121736659, (1, 2): 0.6778374121736659, (1, 1): 0.6778374121736659, (2, 11): 0.7737279275801747, (2, 10): 0.7737279275801747, (2, 9): 0.7737279275801747, (2, 8): 0.9107148604934251, (2, 7): 0.6778374121736659, (2, 5): 0.9107148604934251, (2, 4): 0.6778374121736659, (2, 3): 0.6778374121736659, (2, 2): 0.6778374121736659, (2, 1): 0.6778374121736659, (3, 11): 0.7737279275801747, (3, 10): 0.7737279275801747, (3, 9): 0.7737279275801747, (3, 8): 0.9107148604934251, (3, 7): 0.6778374121736659, (3, 6): 0.6778374121736659, (3, 5): 0.6778374121736659, (3, 4): 0.6778374121736659, (3, 3): 0.6778374121736659, (3, 2): 0.6778374121736659, (3, 1): 0.6778374121736659, (4, 11): 0.7737279275801747, (4, 10): 0.7737279275801747, (4, 9): 0.7737279275801747, (4, 8): 0.9107148604934251, (4, 7): 0.6778374121736659, (4, 5): 0.6194711478451698, (4, 4): 0.6778374121736659, (4, 3): 0.6778374121736659, (4, 2): 0.9107148604934251, (4, 1): 0.6778374121736659, (5, 11): 0.7737279275801747, (5, 10): 0.7737279275801747, (5, 9): 0.7737279275801747, (5, 8): 0.9107148604934251, (5, 7): 0.6778374121736659, (5, 5): 0.9107148604934251, (5, 4): 0.7737279275801747, (5, 3): 0.9107148604934251, (5, 2): 0.6778374121736659, (5, 1): 0.6778374121736659, (6, 8): 0.9107148604934251, (6, 3): 0.6778374121736659, (7, 11): 0.6778374121736659, (7, 10): 0.6778374121736659, (7, 9): 0.6778374121736659, (7, 8): 0.6778374121736659, (7, 7): 0.6778374121736659, (7, 6): 0.6778374121736659, (7, 4): 0.6778374121736659, (7, 3): 0.6778374121736659, (7, 2): 0.6778374121736659, (7, 1): 0.6778374121736659, (8, 11): 0.9107148604934251, (8, 10): 0.6778374121736659, (8, 9): 0.6778374121736659, (8, 8): 0.6778374121736659, (8, 7): 0.6778374121736659, (8, 6): 0.6778374121736659, (8, 5): 0.6778374121736659, (8, 4): 0.6778374121736659, (8, 3): 0.6778374121736659, (8, 2): 0.6778374121736659, (8, 1): 0.6778374121736659, (9, 11): 0.9107148604934251, (9, 10): 0.6778374121736659, (9, 9): 0.6778374121736659, (9, 8): 0.6778374121736659, (9, 7): 0.6778374121736659, (9, 6): 0.6778374121736659, (9, 4): 0.6194711478451698, (9, 3): 0.6778374121736659, (9, 2): 0.6778374121736659, (9, 1): 0.6778374121736659, (10, 11): 0.9107148604934251, (10, 10): 0.6778374121736659, (10, 9): 0.6778374121736659, (10, 8): 0.6778374121736659, (10, 7): 0.6778374121736659, (10, 6): 0.6778374121736659, (10, 4): 0.6194711478451698, (10, 3): 0.6778374121736659, (10, 2): 0.6778374121736659, (10, 1): 0.6778374121736659, (11, 11): 0.0, (11, 10): 0.6778374121736659, (11, 9): 0.6778374121736659, (11, 8): 0.6778374121736659, (11, 7): 0.6778374121736659, (11, 6): 0.6778374121736659, (11, 4): 0.6194711478451698, (11, 3): 0.6778374121736659, (11, 2): 0.6778374121736659, (11, 1): 0.6778374121736659}"
"(<Abstr_type.PI_STAR: 3>, 0.0, 'explicit errors', 0, 0)",2,"{(1, 11): 0.3717032912893399, (1, 10): 0.5035733955859798, (1, 9): 0.5035733955859798, (1, 8): 0.6797761257992775, (1, 7): 0.5498007823205108, (1, 5): 0.6797761257992775, (1, 4): 0.5498007823205108, (1, 3): 0.5498007823205108, (1, 2): 0.5498007823205108, (1, 1): 0.5498007823205108, (2, 11): 0.5035733955859798, (2, 10): 0.5035733955859798, (2, 9): 0.5035733955859798, (2, 8): 0.6797761257992775, (2, 7): 0.5498007823205108, (2, 5): 0.6797761257992775, (2, 4): 0.5498007823205108, (2, 3): 0.5498007823205108, (2, 2): 0.5498007823205108, (2, 1): 0.5498007823205108, (3, 11): 0.5035733955859798, (3, 10): 0.5035733955859798, (3, 9): 0.5035733955859798, (3, 8): 0.6797761257992775, (3, 7): 0.5498007823205108, (3, 6): 0.5498007823205108, (3, 5): 0.5498007823205108, (3, 4): 0.5498007823205108, (3, 3): 0.5498007823205108, (3, 2): 0.5498007823205108, (3, 1): 0.5498007823205108, (4, 11): 0.5035733955859798, (4, 10): 0.5035733955859798, (4, 9): 0.5035733955859798, (4, 8): 0.6797761257992775, (4, 7): 0.5498007823205108, (4, 5): 0.3717032912893399, (4, 4): 0.5498007823205108, (4, 3): 0.5498007823205108, (4, 2): 0.6797761257992775, (4, 1): 0.5498007823205108, (5, 11): 0.5035733955859798, (5, 10): 0.5035733955859798, (5, 9): 0.5035733955859798, (5, 8): 0.6797761257992775, (5, 7): 0.5498007823205108, (5, 5): 0.6797761257992775, (5, 4): 0.5035733955859798, (5, 3): 0.6797761257992775, (5, 2): 0.5498007823205108, (5, 1): 0.5498007823205108, (6, 8): 0.6797761257992775, (6, 3): 0.5498007823205108, (7, 11): 0.5498007823205108, (7, 10): 0.5498007823205108, (7, 9): 0.5498007823205108, (7, 8): 0.5498007823205108, (7, 7): 0.5498007823205108, (7, 6): 0.5498007823205108, (7, 4): 0.5498007823205108, (7, 3): 0.5498007823205108, (7, 2): 0.5498007823205108, (7, 1): 0.5498007823205108, (8, 11): 0.6797761257992775, (8, 10): 0.5498007823205108, (8, 9): 0.5498007823205108, (8, 8): 0.5498007823205108, (8, 7): 0.5498007823205108, (8, 6): 0.5498007823205108, (8, 5): 0.5498007823205108, (8, 4): 0.5498007823205108, (8, 3): 0.5498007823205108, (8, 2): 0.5498007823205108, (8, 1): 0.5498007823205108, (9, 11): 0.6797761257992775, (9, 10): 0.5498007823205108, (9, 9): 0.5498007823205108, (9, 8): 0.5498007823205108, (9, 7): 0.5498007823205108, (9, 6): 0.5498007823205108, (9, 4): 0.3717032912893399, (9, 3): 0.5498007823205108, (9, 2): 0.5498007823205108, (9, 1): 0.5498007823205108, (10, 11): 0.6797761257992775, (10, 10): 0.5498007823205108, (10, 9): 0.5498007823205108, (10, 8): 0.5498007823205108, (10, 7): 0.5498007823205108, (10, 6): 0.5498007823205108, (10, 4): 0.3717032912893399, (10, 3): 0.5498007823205108, (10, 2): 0.5498007823205108, (10, 1): 0.5498007823205108, (11, 11): 0.0, (11, 10): 0.5498007823205108, (11, 9): 0.5498007823205108, (11, 8): 0.5498007823205108, (11, 7): 0.5498007823205108, (11, 6): 0.5498007823205108, (11, 4): 0.3717032912893399, (11, 3): 0.5498007823205108, (11, 2): 0.5498007823205108, (11, 1): 0.5498007823205108}"
"(<Abstr_type.PI_STAR: 3>, 0.0, 'explicit errors', 0, 0)",3,"{(1, 11): 0.5855515774569371, (1, 10): 0.6430759694918152, (1, 9): 0.6430759694918152, (1, 8): 0.8506406698726201, (1, 7): 0.6090700044484145, (1, 5): 0.8506406698726201, (1, 4): 0.6090700044484145, (1, 3): 0.6090700044484145, (1, 2): 0.6090700044484145, (1, 1): 0.6090700044484145, (2, 11): 0.6430759694918152, (2, 10): 0.6430759694918152, (2, 9): 0.6430759694918152, (2, 8): 0.8506406698726201, (2, 7): 0.6090700044484145, (2, 5): 0.8506406698726201, (2, 4): 0.6090700044484145, (2, 3): 0.6090700044484145, (2, 2): 0.6090700044484145, (2, 1): 0.6090700044484145, (3, 11): 0.6430759694918152, (3, 10): 0.6430759694918152, (3, 9): 0.6430759694918152, (3, 8): 0.8506406698726201, (3, 7): 0.6090700044484145, (3, 6): 0.6090700044484145, (3, 5): 0.6090700044484145, (3, 4): 0.6090700044484145, (3, 3): 0.6090700044484145, (3, 2): 0.6090700044484145, (3, 1): 0.6090700044484145, (4, 11): 0.6430759694918152, (4, 10): 0.6430759694918152, (4, 9): 0.6430759694918152, (4, 8): 0.8506406698726201, (4, 7): 0.6090700044484145, (4, 5): 0.5855515774569371, (4, 4): 0.6090700044484145, (4, 3): 0.6090700044484145, (4, 2): 0.8506406698726201, (4, 1): 0.6090700044484145, (5, 11): 0.6430759694918152, (5, 10): 0.6430759694918152, (5, 9): 0.6430759694918152, (5, 8): 0.8506406698726201, (5, 7): 0.6090700044484145, (5, 5): 0.8506406698726201, (5, 4): 0.6430759694918152, (5, 3): 0.8506406698726201, (5, 2): 0.6090700044484145, (5, 1): 0.6090700044484145, (6, 8): 0.8506406698726201, (6, 3): 0.6090700044484145, (7, 11): 0.6090700044484145, (7, 10): 0.6090700044484145, (7, 9): 0.6090700044484145, (7, 8): 0.6090700044484145, (7, 7): 0.6090700044484145, (7, 6): 0.6090700044484145, (7, 4): 0.6090700044484145, (7, 3): 0.6090700044484145, (7, 2): 0.6090700044484145, (7, 1): 0.6090700044484145, (8, 11): 0.8506406698726201, (8, 10): 0.6090700044484145, (8, 9): 0.6090700044484145, (8, 8): 0.6090700044484145, (8, 7): 0.6090700044484145, (8, 6): 0.6090700044484145, (8, 5): 0.6090700044484145, (8, 4): 0.6090700044484145, (8, 3): 0.6090700044484145, (8, 2): 0.6090700044484145, (8, 1): 0.6090700044484145, (9, 11): 0.8506406698726201, (9, 10): 0.6090700044484145, (9, 9): 0.6090700044484145, (9, 8): 0.6090700044484145, (9, 7): 0.6090700044484145, (9, 6): 0.6090700044484145, (9, 4): 0.5855515774569371, (9, 3): 0.6090700044484145, (9, 2): 0.6090700044484145, (9, 1): 0.6090700044484145, (10, 11): 0.8506406698726201, (10, 10): 0.6090700044484145, (10, 9): 0.6090700044484145, (10, 8): 0.6090700044484145, (10, 7): 0.6090700044484145, (10, 6): 0.6090700044484145, (10, 4): 0.5855515774569371, (10, 3): 0.6090700044484145, (10, 2): 0.6090700044484145, (10, 1): 0.6090700044484145, (11, 11): 0.0, (11, 10): 0.6090700044484145, (11, 9): 0.6090700044484145, (11, 8): 0.6090700044484145, (11, 7): 0.6090700044484145, (11, 6): 0.6090700044484145, (11, 4): 0.5855515774569371, (11, 3): 0.6090700044484145, (11, 2): 0.6090700044484145, (11, 1): 0.6090700044484145}"
"(<Abstr_type.PI_STAR: 3>, 0.0, 'explicit errors', 0, 0)",4,"{(1, 11): 0.5849323636192537, (1, 10): 0.6447965121266883, (1, 9): 0.6447965121266883, (1, 8): 0.6559542544060215, (1, 7): 0.6205526999758788, (1, 5): 0.6559542544060215, (1, 4): 0.6205526999758788, (1, 3): 0.6205526999758788, (1, 2): 0.6205526999758788, (1, 1): 0.6205526999758788, (2, 11): 0.6447965121266883, (2, 10): 0.6447965121266883, (2, 9): 0.6447965121266883, (2, 8): 0.6559542544060215, (2, 7): 0.6205526999758788, (2, 5): 0.6559542544060215, (2, 4): 0.6205526999758788, (2, 3): 0.6205526999758788, (2, 2): 0.6205526999758788, (2, 1): 0.6205526999758788, (3, 11): 0.6447965121266883, (3, 10): 0.6447965121266883, (3, 9): 0.6447965121266883, (3, 8): 0.6559542544060215, (3, 7): 0.6205526999758788, (3, 6): 0.6205526999758788, (3, 5): 0.6205526999758788, (3, 4): 0.6205526999758788, (3, 3): 0.6205526999758788, (3, 2): 0.6205526999758788, (3, 1): 0.6205526999758788, (4, 11): 0.6447965121266883, (4, 10): 0.6447965121266883, (4, 9): 0.6447965121266883, (4, 8): 0.6559542544060215, (4, 7): 0.6205526999758788, (4, 5): 0.5849323636192537, (4, 4): 0.6205526999758788, (4, 3): 0.6205526999758788, (4, 2): 0.6559542544060215, (4, 1): 0.6205526999758788, (5, 11): 0.6447965121266883, (5, 10): 0.6447965121266883, (5, 9): 0.6447965121266883, (5, 8): 0.6559542544060215, (5, 7): 0.6205526999758788, (5, 5): 0.6559542544060215, (5, 4): 0.6447965121266883, (5, 3): 0.6559542544060215, (5, 2): 0.6205526999758788, (5, 1): 0.6205526999758788, (6, 8): 0.6559542544060215, (6, 3): 0.6205526999758788, (7, 11): 0.6205526999758788, (7, 10): 0.6205526999758788, (7, 9): 0.6205526999758788, (7, 8): 0.6205526999758788, (7, 7): 0.6205526999758788, (7, 6): 0.6205526999758788, (7, 4): 0.6205526999758788, (7, 3): 0.6205526999758788, (7, 2): 0.6205526999758788, (7, 1): 0.6205526999758788, (8, 11): 0.6559542544060215, (8, 10): 0.6205526999758788, (8, 9): 0.6205526999758788, (8, 8): 0.6205526999758788, (8, 7): 0.6205526999758788, (8, 6): 0.6205526999758788, (8, 5): 0.6205526999758788, (8, 4): 0.6205526999758788, (8, 3): 0.6205526999758788, (8, 2): 0.6205526999758788, (8, 1): 0.6205526999758788, (9, 11): 0.6559542544060215, (9, 10): 0.6205526999758788, (9, 9): 0.6205526999758788, (9, 8): 0.6205526999758788, (9, 7): 0.6205526999758788, (9, 6): 0.6205526999758788, (9, 4): 0.5849323636192537, (9, 3): 0.6205526999758788, (9, 2): 0.6205526999758788, (9, 1): 0.6205526999758788, (10, 11): 0.6559542544060215, (10, 10): 0.6205526999758788, (10, 9): 0.6205526999758788, (10, 8): 0.6205526999758788, (10, 7): 0.6205526999758788, (10, 6): 0.6205526999758788, (10, 4): 0.5849323636192537, (10, 3): 0.6205526999758788, (10, 2): 0.6205526999758788, (10, 1): 0.6205526999758788, (11, 11): 0.0, (11, 10): 0.6205526999758788, (11, 9): 0.6205526999758788, (11, 8): 0.6205526999758788, (11, 7): 0.6205526999758788, (11, 6): 0.6205526999758788, (11, 4): 0.5849323636192537, (11, 3): 0.6205526999758788, (11, 2): 0.6205526999758788, (11, 1): 0.6205526999758788}"
"(<Abstr_type.PI_STAR: 3>, 0.0, 'explicit errors', 0, 0)",5,"{(1, 11): 0.5738565506867803, (1, 10): 0.6202160482520641, (1, 9): 0.6202160482520641, (1, 8): 0.6763105798558823, (1, 7): 0.5989691341501665, (1, 5): 0.6763105798558823, (1, 4): 0.5989691341501665, (1, 3): 0.5989691341501665, (1, 2): 0.5989691341501665, (1, 1): 0.5989691341501665, (2, 11): 0.6202160482520641, (2, 10): 0.6202160482520641, (2, 9): 0.6202160482520641, (2, 8): 0.6763105798558823, (2, 7): 0.5989691341501665, (2, 5): 0.6763105798558823, (2, 4): 0.5989691341501665, (2, 3): 0.5989691341501665, (2, 2): 0.5989691341501665, (2, 1): 0.5989691341501665, (3, 11): 0.6202160482520641, (3, 10): 0.6202160482520641, (3, 9): 0.6202160482520641, (3, 8): 0.6763105798558823, (3, 7): 0.5989691341501665, (3, 6): 0.5989691341501665, (3, 5): 0.5989691341501665, (3, 4): 0.5989691341501665, (3, 3): 0.5989691341501665, (3, 2): 0.5989691341501665, (3, 1): 0.5989691341501665, (4, 11): 0.6202160482520641, (4, 10): 0.6202160482520641, (4, 9): 0.6202160482520641, (4, 8): 0.6763105798558823, (4, 7): 0.5989691341501665, (4, 5): 0.5738565506867803, (4, 4): 0.5989691341501665, (4, 3): 0.5989691341501665, (4, 2): 0.6763105798558823, (4, 1): 0.5989691341501665, (5, 11): 0.6202160482520641, (5, 10): 0.6202160482520641, (5, 9): 0.6202160482520641, (5, 8): 0.6763105798558823, (5, 7): 0.5989691341501665, (5, 5): 0.6763105798558823, (5, 4): 0.6202160482520641, (5, 3): 0.6763105798558823, (5, 2): 0.5989691341501665, (5, 1): 0.5989691341501665, (6, 8): 0.6763105798558823, (6, 3): 0.5989691341501665, (7, 11): 0.5989691341501665, (7, 10): 0.5989691341501665, (7, 9): 0.5989691341501665, (7, 8): 0.5989691341501665, (7, 7): 0.5989691341501665, (7, 6): 0.5989691341501665, (7, 4): 0.5989691341501665, (7, 3): 0.5989691341501665, (7, 2): 0.5989691341501665, (7, 1): 0.5989691341501665, (8, 11): 0.6763105798558823, (8, 10): 0.5989691341501665, (8, 9): 0.5989691341501665, (8, 8): 0.5989691341501665, (8, 7): 0.5989691341501665, (8, 6): 0.5989691341501665, (8, 5): 0.5989691341501665, (8, 4): 0.5989691341501665, (8, 3): 0.5989691341501665, (8, 2): 0.5989691341501665, (8, 1): 0.5989691341501665, (9, 11): 0.6763105798558823, (9, 10): 0.5989691341501665, (9, 9): 0.5989691341501665, (9, 8): 0.5989691341501665, (9, 7): 0.5989691341501665, (9, 6): 0.5989691341501665, (9, 4): 0.5738565506867803, (9, 3): 0.5989691341501665, (9, 2): 0.5989691341501665, (9, 1): 0.5989691341501665, (10, 11): 0.6763105798558823, (10, 10): 0.5989691341501665, (10, 9): 0.5989691341501665, (10, 8): 0.5989691341501665, (10, 7): 0.5989691341501665, (10, 6): 0.5989691341501665, (10, 4): 0.5738565506867803, (10, 3): 0.5989691341501665, (10, 2): 0.5989691341501665, (10, 1): 0.5989691341501665, (11, 11): 0.0, (11, 10): 0.5989691341501665, (11, 9): 0.5989691341501665, (11, 8): 0.5989691341501665, (11, 7): 0.5989691341501665, (11, 6): 0.5989691341501665, (11, 4): 0.5738565506867803, (11, 3): 0.5989691341501665, (11, 2): 0.5989691341501665, (11, 1): 0.5989691341501665}"
"(<Abstr_type.PI_STAR: 3>, 0.0, 'explicit errors', 0, 0)",6,"{(1, 11): 0.5124406568201666, (1, 10): 0.6347969523285533, (1, 9): 0.6347969523285533, (1, 8): 0.7346513529382375, (1, 7): 0.5282435315002796, (1, 5): 0.7346513529382375, (1, 4): 0.5282435315002796, (1, 3): 0.5282435315002796, (1, 2): 0.5282435315002796, (1, 1): 0.5282435315002796, (2, 11): 0.6347969523285533, (2, 10): 0.6347969523285533, (2, 9): 0.6347969523285533, (2, 8): 0.7346513529382375, (2, 7): 0.5282435315002796, (2, 5): 0.7346513529382375, (2, 4): 0.5282435315002796, (2, 3): 0.5282435315002796, (2, 2): 0.5282435315002796, (2, 1): 0.5282435315002796, (3, 11): 0.6347969523285533, (3, 10): 0.6347969523285533, (3, 9): 0.6347969523285533, (3, 8): 0.7346513529382375, (3, 7): 0.5282435315002796, (3, 6): 0.5282435315002796, (3, 5): 0.5282435315002796, (3, 4): 0.5282435315002796, (3, 3): 0.5282435315002796, (3, 2): 0.5282435315002796, (3, 1): 0.5282435315002796, (4, 11): 0.6347969523285533, (4, 10): 0.6347969523285533, (4, 9): 0.6347969523285533, (4, 8): 0.7346513529382375, (4, 7): 0.5282435315002796, (4, 5): 0.5124406568201666, (4, 4): 0.5282435315002796, (4, 3): 0.5282435315002796, (4, 2): 0.7346513529382375, (4, 1): 0.5282435315002796, (5, 11): 0.6347969523285533, (5, 10): 0.6347969523285533, (5, 9): 0.6347969523285533, (5, 8): 0.7346513529382375, (5, 7): 0.5282435315002796, (5, 5): 0.7346513529382375, (5, 4): 0.6347969523285533, (5, 3): 0.7346513529382375, (5, 2): 0.5282435315002796, (5, 1): 0.5282435315002796, (6, 8): 0.7346513529382375, (6, 3): 0.5282435315002796, (7, 11): 0.5282435315002796, (7, 10): 0.5282435315002796, (7, 9): 0.5282435315002796, (7, 8): 0.5282435315002796, (7, 7): 0.5282435315002796, (7, 6): 0.5282435315002796, (7, 4): 0.5282435315002796, (7, 3): 0.5282435315002796, (7, 2): 0.5282435315002796, (7, 1): 0.5282435315002796, (8, 11): 0.7346513529382375, (8, 10): 0.5282435315002796, (8, 9): 0.5282435315002796, (8, 8): 0.5282435315002796, (8, 7): 0.5282435315002796, (8, 6): 0.5282435315002796, (8, 5): 0.5282435315002796, (8, 4): 0.5282435315002796, (8, 3): 0.5282435315002796, (8, 2): 0.5282435315002796, (8, 1): 0.5282435315002796, (9, 11): 0.7346513529382375, (9, 10): 0.5282435315002796, (9, 9): 0.5282435315002796, (9, 8): 0.5282435315002796, (9, 7): 0.5282435315002796, (9, 6): 0.5282435315002796, (9, 4): 0.5124406568201666, (9, 3): 0.5282435315002796, (9, 2): 0.5282435315002796, (9, 1): 0.5282435315002796, (10, 11): 0.7346513529382375, (10, 10): 0.5282435315002796, (10, 9): 0.5282435315002796, (10, 8): 0.5282435315002796, (10, 7): 0.5282435315002796, (10, 6): 0.5282435315002796, (10, 4): 0.5124406568201666, (10, 3): 0.5282435315002796, (10, 2): 0.5282435315002796, (10, 1): 0.5282435315002796, (11, 11): 0.0, (11, 10): 0.5282435315002796, (11, 9): 0.5282435315002796, (11, 8): 0.5282435315002796, (11, 7): 0.5282435315002796, (11, 6): 0.5282435315002796, (11, 4): 0.5124406568201666, (11, 3): 0.5282435315002796, (11, 2): 0.5282435315002796, (11, 1): 0.5282435315002796}"
"(<Abstr_type.PI_STAR: 3>, 0.0, 'explicit errors', 0, 0)",7,"{(1, 11): 0.6224774454351312, (1, 10): 0.7386205221346512, (1, 9): 0.7386205221346512, (1, 8): 0.8252083342269318, (1, 7): 0.7063454817037141, (1, 5): 0.8252083342269318, (1, 4): 0.7063454817037141, (1, 3): 0.7063454817037141, (1, 2): 0.7063454817037141, (1, 1): 0.7063454817037141, (2, 11): 0.7386205221346512, (2, 10): 0.7386205221346512, (2, 9): 0.7386205221346512, (2, 8): 0.8252083342269318, (2, 7): 0.7063454817037141, (2, 5): 0.8252083342269318, (2, 4): 0.7063454817037141, (2, 3): 0.7063454817037141, (2, 2): 0.7063454817037141, (2, 1): 0.7063454817037141, (3, 11): 0.7386205221346512, (3, 10): 0.7386205221346512, (3, 9): 0.7386205221346512, (3, 8): 0.8252083342269318, (3, 7): 0.7063454817037141, (3, 6): 0.7063454817037141, (3, 5): 0.7063454817037141, (3, 4): 0.7063454817037141, (3, 3): 0.7063454817037141, (3, 2): 0.7063454817037141, (3, 1): 0.7063454817037141, (4, 11): 0.7386205221346512, (4, 10): 0.7386205221346512, (4, 9): 0.7386205221346512, (4, 8): 0.8252083342269318, (4, 7): 0.7063454817037141, (4, 5): 0.6224774454351312, (4, 4): 0.7063454817037141, (4, 3): 0.7063454817037141, (4, 2): 0.8252083342269318, (4, 1): 0.7063454817037141, (5, 11): 0.7386205221346512, (5, 10): 0.7386205221346512, (5, 9): 0.7386205221346512, (5, 8): 0.8252083342269318, (5, 7): 0.7063454817037141, (5, 5): 0.8252083342269318, (5, 4): 0.7386205221346512, (5, 3): 0.8252083342269318, (5, 2): 0.7063454817037141, (5, 1): 0.7063454817037141, (6, 8): 0.8252083342269318, (6, 3): 0.7063454817037141, (7, 11): 0.7063454817037141, (7, 10): 0.7063454817037141, (7, 9): 0.7063454817037141, (7, 8): 0.7063454817037141, (7, 7): 0.7063454817037141, (7, 6): 0.7063454817037141, (7, 4): 0.7063454817037141, (7, 3): 0.7063454817037141, (7, 2): 0.7063454817037141, (7, 1): 0.7063454817037141, (8, 11): 0.8252083342269318, (8, 10): 0.7063454817037141, (8, 9): 0.7063454817037141, (8, 8): 0.7063454817037141, (8, 7): 0.7063454817037141, (8, 6): 0.7063454817037141, (8, 5): 0.7063454817037141, (8, 4): 0.7063454817037141, (8, 3): 0.7063454817037141, (8, 2): 0.7063454817037141, (8, 1): 0.7063454817037141, (9, 11): 0.8252083342269318, (9, 10): 0.7063454817037141, (9, 9): 0.7063454817037141, (9, 8): 0.7063454817037141, (9, 7): 0.7063454817037141, (9, 6): 0.7063454817037141, (9, 4): 0.6224774454351312, (9, 3): 0.7063454817037141, (9, 2): 0.7063454817037141, (9, 1): 0.7063454817037141, (10, 11): 0.8252083342269318, (10, 10): 0.7063454817037141, (10, 9): 0.7063454817037141, (10, 8): 0.7063454817037141, (10, 7): 0.7063454817037141, (10, 6): 0.7063454817037141, (10, 4): 0.6224774454351312, (10, 3): 0.7063454817037141, (10, 2): 0.7063454817037141, (10, 1): 0.7063454817037141, (11, 11): 0.0, (11, 10): 0.7063454817037141, (11, 9): 0.7063454817037141, (11, 8): 0.7063454817037141, (11, 7): 0.7063454817037141, (11, 6): 0.7063454817037141, (11, 4): 0.6224774454351312, (11, 3): 0.7063454817037141, (11, 2): 0.7063454817037141, (11, 1): 0.7063454817037141}"
"(<Abstr_type.PI_STAR: 3>, 0.0, 'explicit errors', 0, 0)",8,"{(1, 11): 0.5969645591509338, (1, 10): 0.7468406929096444, (1, 9): 0.7468406929096444, (1, 8): 0.84310122339807, (1, 7): 0.5380801136314098, (1, 5): 0.84310122339807, (1, 4): 0.5380801136314098, (1, 3): 0.5380801136314098, (1, 2): 0.5380801136314098, (1, 1): 0.5380801136314098, (2, 11): 0.7468406929096444, (2, 10): 0.7468406929096444, (2, 9): 0.7468406929096444, (2, 8): 0.84310122339807, (2, 7): 0.5380801136314098, (2, 5): 0.84310122339807, (2, 4): 0.5380801136314098, (2, 3): 0.5380801136314098, (2, 2): 0.5380801136314098, (2, 1): 0.5380801136314098, (3, 11): 0.7468406929096444, (3, 10): 0.7468406929096444, (3, 9): 0.7468406929096444, (3, 8): 0.84310122339807, (3, 7): 0.5380801136314098, (3, 6): 0.5380801136314098, (3, 5): 0.5380801136314098, (3, 4): 0.5380801136314098, (3, 3): 0.5380801136314098, (3, 2): 0.5380801136314098, (3, 1): 0.5380801136314098, (4, 11): 0.7468406929096444, (4, 10): 0.7468406929096444, (4, 9): 0.7468406929096444, (4, 8): 0.84310122339807, (4, 7): 0.5380801136314098, (4, 5): 0.5969645591509338, (4, 4): 0.5380801136314098, (4, 3): 0.5380801136314098, (4, 2): 0.84310122339807, (4, 1): 0.5380801136314098, (5, 11): 0.7468406929096444, (5, 10): 0.7468406929096444, (5, 9): 0.7468406929096444, (5, 8): 0.84310122339807, (5, 7): 0.5380801136314098, (5, 5): 0.84310122339807, (5, 4): 0.7468406929096444, (5, 3): 0.84310122339807, (5, 2): 0.5380801136314098, (5, 1): 0.5380801136314098, (6, 8): 0.84310122339807, (6, 3): 0.5380801136314098, (7, 11): 0.5380801136314098, (7, 10): 0.5380801136314098, (7, 9): 0.5380801136314098, (7, 8): 0.5380801136314098, (7, 7): 0.5380801136314098, (7, 6): 0.5380801136314098, (7, 4): 0.5380801136314098, (7, 3): 0.5380801136314098, (7, 2): 0.5380801136314098, (7, 1): 0.5380801136314098, (8, 11): 0.84310122339807, (8, 10): 0.5380801136314098, (8, 9): 0.5380801136314098, (8, 8): 0.5380801136314098, (8, 7): 0.5380801136314098, (8, 6): 0.5380801136314098, (8, 5): 0.5380801136314098, (8, 4): 0.5380801136314098, (8, 3): 0.5380801136314098, (8, 2): 0.5380801136314098, (8, 1): 0.5380801136314098, (9, 11): 0.84310122339807, (9, 10): 0.5380801136314098, (9, 9): 0.5380801136314098, (9, 8): 0.5380801136314098, (9, 7): 0.5380801136314098, (9, 6): 0.5380801136314098, (9, 4): 0.5969645591509338, (9, 3): 0.5380801136314098, (9, 2): 0.5380801136314098, (9, 1): 0.5380801136314098, (10, 11): 0.84310122339807, (10, 10): 0.5380801136314098, (10, 9): 0.5380801136314098, (10, 8): 0.5380801136314098, (10, 7): 0.5380801136314098, (10, 6): 0.5380801136314098, (10, 4): 0.5969645591509338, (10, 3): 0.5380801136314098, (10, 2): 0.5380801136314098, (10, 1): 0.5380801136314098, (11, 11): 0.0, (11, 10): 0.5380801136314098, (11, 9): 0.5380801136314098, (11, 8): 0.5380801136314098, (11, 7): 0.5380801136314098, (11, 6): 0.5380801136314098, (11, 4): 0.5969645591509338, (11, 3): 0.5380801136314098, (11, 2): 0.5380801136314098, (11, 1): 0.5380801136314098}"
"(<Abstr_type.PI_STAR: 3>, 0.0, 'explicit errors', 0, 0)",9,"{(1, 11): 0.7354474792212656, (1, 10): 0.8616000688637828, (1, 9): 0.8616000688637828, (1, 8): 0.8874985879428153, (1, 7): 0.8185588936003302, (1, 5): 0.8874985879428153, (1, 4): 0.8185588936003302, (1, 3): 0.8185588936003302, (1, 2): 0.8185588936003302, (1, 1): 0.8185588936003302, (2, 11): 0.8616000688637828, (2, 10): 0.8616000688637828, (2, 9): 0.8616000688637828, (2, 8): 0.8874985879428153, (2, 7): 0.8185588936003302, (2, 5): 0.8874985879428153, (2, 4): 0.8185588936003302, (2, 3): 0.8185588936003302, (2, 2): 0.8185588936003302, (2, 1): 0.8185588936003302, (3, 11): 0.8616000688637828, (3, 10): 0.8616000688637828, (3, 9): 0.8616000688637828, (3, 8): 0.8874985879428153, (3, 7): 0.8185588936003302, (3, 6): 0.8185588936003302, (3, 5): 0.8185588936003302, (3, 4): 0.8185588936003302, (3, 3): 0.8185588936003302, (3, 2): 0.8185588936003302, (3, 1): 0.8185588936003302, (4, 11): 0.8616000688637828, (4, 10): 0.8616000688637828, (4, 9): 0.8616000688637828, (4, 8): 0.8874985879428153, (4, 7): 0.8185588936003302, (4, 5): 0.7354474792212656, (4, 4): 0.8185588936003302, (4, 3): 0.8185588936003302, (4, 2): 0.8874985879428153, (4, 1): 0.8185588936003302, (5, 11): 0.8616000688637828, (5, 10): 0.8616000688637828, (5, 9): 0.8616000688637828, (5, 8): 0.8874985879428153, (5, 7): 0.8185588936003302, (5, 5): 0.8874985879428153, (5, 4): 0.8616000688637828, (5, 3): 0.8874985879428153, (5, 2): 0.8185588936003302, (5, 1): 0.8185588936003302, (6, 8): 0.8874985879428153, (6, 3): 0.8185588936003302, (7, 11): 0.8185588936003302, (7, 10): 0.8185588936003302, (7, 9): 0.8185588936003302, (7, 8): 0.8185588936003302, (7, 7): 0.8185588936003302, (7, 6): 0.8185588936003302, (7, 4): 0.8185588936003302, (7, 3): 0.8185588936003302, (7, 2): 0.8185588936003302, (7, 1): 0.8185588936003302, (8, 11): 0.8874985879428153, (8, 10): 0.8185588936003302, (8, 9): 0.8185588936003302, (8, 8): 0.8185588936003302, (8, 7): 0.8185588936003302, (8, 6): 0.8185588936003302, (8, 5): 0.8185588936003302, (8, 4): 0.8185588936003302, (8, 3): 0.8185588936003302, (8, 2): 0.8185588936003302, (8, 1): 0.8185588936003302, (9, 11): 0.8874985879428153, (9, 10): 0.8185588936003302, (9, 9): 0.8185588936003302, (9, 8): 0.8185588936003302, (9, 7): 0.8185588936003302, (9, 6): 0.8185588936003302, (9, 4): 0.7354474792212656, (9, 3): 0.8185588936003302, (9, 2): 0.8185588936003302, (9, 1): 0.8185588936003302, (10, 11): 0.8874985879428153, (10, 10): 0.8185588936003302, (10, 9): 0.8185588936003302, (10, 8): 0.8185588936003302, (10, 7): 0.8185588936003302, (10, 6): 0.8185588936003302, (10, 4): 0.7354474792212656, (10, 3): 0.8185588936003302, (10, 2): 0.8185588936003302, (10, 1): 0.8185588936003302, (11, 11): 0.0, (11, 10): 0.8185588936003302, (11, 9): 0.8185588936003302, (11, 8): 0.8185588936003302, (11, 7): 0.8185588936003302, (11, 6): 0.8185588936003302, (11, 4): 0.7354474792212656, (11, 3): 0.8185588936003302, (11, 2): 0.8185588936003302, (11, 1): 0.8185588936003302}"
"(<Abstr_type.PI_STAR: 3>, 0.0, 'explicit errors', 1, 0)",0,"{(1, 11): 0.7948721013154663, (1, 10): 0.7948721013154663, (1, 9): 0.7948721013154663, (1, 8): 0.8932397298066727, (1, 7): 0.815476524809691, (1, 5): 0.8932397298066727, (1, 4): 0.815476524809691, (1, 3): 0.815476524809691, (1, 2): 0.815476524809691, (1, 1): 0.815476524809691, (2, 11): 0.7948721013154663, (2, 10): 0.7948721013154663, (2, 9): 0.815476524809691, (2, 8): 0.8932397298066727, (2, 7): 0.815476524809691, (2, 5): 0.8932397298066727, (2, 4): 0.8932397298066727, (2, 3): 0.815476524809691, (2, 2): 0.815476524809691, (2, 1): 0.815476524809691, (3, 11): 0.7948721013154663, (3, 10): 0.7948721013154663, (3, 9): 0.7948721013154663, (3, 8): 0.8932397298066727, (3, 7): 0.815476524809691, (3, 6): 0.815476524809691, (3, 5): 0.7948721013154663, (3, 4): 0.815476524809691, (3, 3): 0.815476524809691, (3, 2): 0.8932397298066727, (3, 1): 0.815476524809691, (4, 11): 0.7948721013154663, (4, 10): 0.7948721013154663, (4, 9): 0.7948721013154663, (4, 8): 0.8932397298066727, (4, 7): 0.815476524809691, (4, 5): 0.7137220135859562, (4, 4): 0.815476524809691, (4, 3): 0.8932397298066727, (4, 2): 0.815476524809691, (4, 1): 0.815476524809691, (5, 11): 0.7948721013154663, (5, 10): 0.7948721013154663, (5, 9): 0.7948721013154663, (5, 8): 0.8932397298066727, (5, 7): 0.815476524809691, (5, 5): 0.7948721013154663, (5, 4): 0.7948721013154663, (5, 3): 0.8932397298066727, (5, 2): 0.815476524809691, (5, 1): 0.815476524809691, (6, 8): 0.8932397298066727, (6, 3): 0.8932397298066727, (7, 11): 0.8932397298066727, (7, 10): 0.815476524809691, (7, 9): 0.815476524809691, (7, 8): 0.815476524809691, (7, 7): 0.815476524809691, (7, 6): 0.815476524809691, (7, 4): 0.8932397298066727, (7, 3): 0.815476524809691, (7, 2): 0.815476524809691, (7, 1): 0.815476524809691, (8, 11): 0.8932397298066727, (8, 10): 0.815476524809691, (8, 9): 0.815476524809691, (8, 8): 0.815476524809691, (8, 7): 0.815476524809691, (8, 6): 0.815476524809691, (8, 5): 0.815476524809691, (8, 4): 0.815476524809691, (8, 3): 0.815476524809691, (8, 2): 0.7948721013154663, (8, 1): 0.815476524809691, (9, 11): 0.8932397298066727, (9, 10): 0.815476524809691, (9, 9): 0.815476524809691, (9, 8): 0.815476524809691, (9, 7): 0.815476524809691, (9, 6): 0.815476524809691, (9, 4): 0.7137220135859562, (9, 3): 0.815476524809691, (9, 2): 0.815476524809691, (9, 1): 0.815476524809691, (10, 11): 0.8932397298066727, (10, 10): 0.815476524809691, (10, 9): 0.815476524809691, (10, 8): 0.815476524809691, (10, 7): 0.815476524809691, (10, 6): 0.815476524809691, (10, 4): 0.7137220135859562, (10, 3): 0.815476524809691, (10, 2): 0.815476524809691, (10, 1): 0.815476524809691, (11, 11): 0.0, (11, 10): 0.815476524809691, (11, 9): 0.815476524809691, (11, 8): 0.815476524809691, (11, 7): 0.815476524809691, (11, 6): 0.815476524809691, (11, 4): 0.7137220135859562, (11, 3): 0.815476524809691, (11, 2): 0.815476524809691, (11, 1): 0.815476524809691}"
"(<Abstr_type.PI_STAR: 3>, 0.0, 'explicit errors', 1, 0)",1,"{(1, 11): 0.7275550093788078, (1, 10): 0.7275550093788078, (1, 9): 0.7275550093788078, (1, 8): 0.879608222970507, (1, 7): 0.761054110444131, (1, 5): 0.879608222970507, (1, 4): 0.761054110444131, (1, 3): 0.761054110444131, (1, 2): 0.761054110444131, (1, 1): 0.761054110444131, (2, 11): 0.7275550093788078, (2, 10): 0.7275550093788078, (2, 9): 0.761054110444131, (2, 8): 0.879608222970507, (2, 7): 0.761054110444131, (2, 5): 0.879608222970507, (2, 4): 0.879608222970507, (2, 3): 0.761054110444131, (2, 2): 0.761054110444131, (2, 1): 0.761054110444131, (3, 11): 0.7275550093788078, (3, 10): 0.7275550093788078, (3, 9): 0.7275550093788078, (3, 8): 0.879608222970507, (3, 7): 0.761054110444131, (3, 6): 0.761054110444131, (3, 5): 0.7275550093788078, (3, 4): 0.761054110444131, (3, 3): 0.761054110444131, (3, 2): 0.879608222970507, (3, 1): 0.761054110444131, (4, 11): 0.7275550093788078, (4, 10): 0.7275550093788078, (4, 9): 0.7275550093788078, (4, 8): 0.879608222970507, (4, 7): 0.761054110444131, (4, 5): 0.695000722454818, (4, 4): 0.761054110444131, (4, 3): 0.879608222970507, (4, 2): 0.761054110444131, (4, 1): 0.761054110444131, (5, 11): 0.7275550093788078, (5, 10): 0.7275550093788078, (5, 9): 0.7275550093788078, (5, 8): 0.879608222970507, (5, 7): 0.761054110444131, (5, 5): 0.7275550093788078, (5, 4): 0.7275550093788078, (5, 3): 0.879608222970507, (5, 2): 0.761054110444131, (5, 1): 0.761054110444131, (6, 8): 0.879608222970507, (6, 3): 0.879608222970507, (7, 11): 0.879608222970507, (7, 10): 0.761054110444131, (7, 9): 0.761054110444131, (7, 8): 0.761054110444131, (7, 7): 0.761054110444131, (7, 6): 0.761054110444131, (7, 4): 0.879608222970507, (7, 3): 0.761054110444131, (7, 2): 0.761054110444131, (7, 1): 0.761054110444131, (8, 11): 0.879608222970507, (8, 10): 0.761054110444131, (8, 9): 0.761054110444131, (8, 8): 0.761054110444131, (8, 7): 0.761054110444131, (8, 6): 0.761054110444131, (8, 5): 0.761054110444131, (8, 4): 0.761054110444131, (8, 3): 0.761054110444131, (8, 2): 0.7275550093788078, (8, 1): 0.761054110444131, (9, 11): 0.879608222970507, (9, 10): 0.761054110444131, (9, 9): 0.761054110444131, (9, 8): 0.761054110444131, (9, 7): 0.761054110444131, (9, 6): 0.761054110444131, (9, 4): 0.695000722454818, (9, 3): 0.761054110444131, (9, 2): 0.761054110444131, (9, 1): 0.761054110444131, (10, 11): 0.879608222970507, (10, 10): 0.761054110444131, (10, 9): 0.761054110444131, (10, 8): 0.761054110444131, (10, 7): 0.761054110444131, (10, 6): 0.761054110444131, (10, 4): 0.695000722454818, (10, 3): 0.761054110444131, (10, 2): 0.761054110444131, (10, 1): 0.761054110444131, (11, 11): 0.0, (11, 10): 0.761054110444131, (11, 9): 0.761054110444131, (11, 8): 0.761054110444131, (11, 7): 0.761054110444131, (11, 6): 0.761054110444131, (11, 4): 0.695000722454818, (11, 3): 0.761054110444131, (11, 2): 0.761054110444131, (11, 1): 0.761054110444131}"
"(<Abstr_type.PI_STAR: 3>, 0.0, 'explicit errors', 1, 0)",2,"{(1, 11): 0.7196852368690905, (1, 10): 0.7196852368690905, (1, 9): 0.7196852368690905, (1, 8): 0.7796090490654374, (1, 7): 0.742240397635717, (1, 5): 0.7796090490654374, (1, 4): 0.742240397635717, (1, 3): 0.742240397635717, (1, 2): 0.742240397635717, (1, 1): 0.742240397635717, (2, 11): 0.7196852368690905, (2, 10): 0.7196852368690905, (2, 9): 0.742240397635717, (2, 8): 0.7796090490654374, (2, 7): 0.742240397635717, (2, 5): 0.7796090490654374, (2, 4): 0.7796090490654374, (2, 3): 0.742240397635717, (2, 2): 0.742240397635717, (2, 1): 0.742240397635717, (3, 11): 0.7196852368690905, (3, 10): 0.7196852368690905, (3, 9): 0.7196852368690905, (3, 8): 0.7796090490654374, (3, 7): 0.742240397635717, (3, 6): 0.742240397635717, (3, 5): 0.7196852368690905, (3, 4): 0.742240397635717, (3, 3): 0.742240397635717, (3, 2): 0.7796090490654374, (3, 1): 0.742240397635717, (4, 11): 0.7196852368690905, (4, 10): 0.7196852368690905, (4, 9): 0.7196852368690905, (4, 8): 0.7796090490654374, (4, 7): 0.742240397635717, (4, 5): 0.6378748279828644, (4, 4): 0.742240397635717, (4, 3): 0.7796090490654374, (4, 2): 0.742240397635717, (4, 1): 0.742240397635717, (5, 11): 0.7196852368690905, (5, 10): 0.7196852368690905, (5, 9): 0.7196852368690905, (5, 8): 0.7796090490654374, (5, 7): 0.742240397635717, (5, 5): 0.7196852368690905, (5, 4): 0.7196852368690905, (5, 3): 0.7796090490654374, (5, 2): 0.742240397635717, (5, 1): 0.742240397635717, (6, 8): 0.7796090490654374, (6, 3): 0.7796090490654374, (7, 11): 0.7796090490654374, (7, 10): 0.742240397635717, (7, 9): 0.742240397635717, (7, 8): 0.742240397635717, (7, 7): 0.742240397635717, (7, 6): 0.742240397635717, (7, 4): 0.7796090490654374, (7, 3): 0.742240397635717, (7, 2): 0.742240397635717, (7, 1): 0.742240397635717, (8, 11): 0.7796090490654374, (8, 10): 0.742240397635717, (8, 9): 0.742240397635717, (8, 8): 0.742240397635717, (8, 7): 0.742240397635717, (8, 6): 0.742240397635717, (8, 5): 0.742240397635717, (8, 4): 0.742240397635717, (8, 3): 0.742240397635717, (8, 2): 0.7196852368690905, (8, 1): 0.742240397635717, (9, 11): 0.7796090490654374, (9, 10): 0.742240397635717, (9, 9): 0.742240397635717, (9, 8): 0.742240397635717, (9, 7): 0.742240397635717, (9, 6): 0.742240397635717, (9, 4): 0.6378748279828644, (9, 3): 0.742240397635717, (9, 2): 0.742240397635717, (9, 1): 0.742240397635717, (10, 11): 0.7796090490654374, (10, 10): 0.742240397635717, (10, 9): 0.742240397635717, (10, 8): 0.742240397635717, (10, 7): 0.742240397635717, (10, 6): 0.742240397635717, (10, 4): 0.6378748279828644, (10, 3): 0.742240397635717, (10, 2): 0.742240397635717, (10, 1): 0.742240397635717, (11, 11): 0.0, (11, 10): 0.742240397635717, (11, 9): 0.742240397635717, (11, 8): 0.742240397635717, (11, 7): 0.742240397635717, (11, 6): 0.742240397635717, (11, 4): 0.6378748279828644, (11, 3): 0.742240397635717, (11, 2): 0.742240397635717, (11, 1): 0.742240397635717}"
"(<Abstr_type.PI_STAR: 3>, 0.0, 'explicit errors', 1, 0)",3,"{(1, 11): 0.8070444994976141, (1, 10): 0.8070444994976141, (1, 9): 0.8070444994976141, (1, 8): 0.9234568425285147, (1, 7): 0.8375905009313881, (1, 5): 0.9234568425285147, (1, 4): 0.8375905009313881, (1, 3): 0.8375905009313881, (1, 2): 0.8375905009313881, (1, 1): 0.8375905009313881, (2, 11): 0.8070444994976141, (2, 10): 0.8070444994976141, (2, 9): 0.8375905009313881, (2, 8): 0.9234568425285147, (2, 7): 0.8375905009313881, (2, 5): 0.9234568425285147, (2, 4): 0.9234568425285147, (2, 3): 0.8375905009313881, (2, 2): 0.8375905009313881, (2, 1): 0.8375905009313881, (3, 11): 0.8070444994976141, (3, 10): 0.8070444994976141, (3, 9): 0.8070444994976141, (3, 8): 0.9234568425285147, (3, 7): 0.8375905009313881, (3, 6): 0.8375905009313881, (3, 5): 0.8070444994976141, (3, 4): 0.8375905009313881, (3, 3): 0.8375905009313881, (3, 2): 0.9234568425285147, (3, 1): 0.8375905009313881, (4, 11): 0.8070444994976141, (4, 10): 0.8070444994976141, (4, 9): 0.8070444994976141, (4, 8): 0.9234568425285147, (4, 7): 0.8375905009313881, (4, 5): 0.75986771845344, (4, 4): 0.8375905009313881, (4, 3): 0.9234568425285147, (4, 2): 0.8375905009313881, (4, 1): 0.8375905009313881, (5, 11): 0.8070444994976141, (5, 10): 0.8070444994976141, (5, 9): 0.8070444994976141, (5, 8): 0.9234568425285147, (5, 7): 0.8375905009313881, (5, 5): 0.8070444994976141, (5, 4): 0.8070444994976141, (5, 3): 0.9234568425285147, (5, 2): 0.8375905009313881, (5, 1): 0.8375905009313881, (6, 8): 0.9234568425285147, (6, 3): 0.9234568425285147, (7, 11): 0.9234568425285147, (7, 10): 0.8375905009313881, (7, 9): 0.8375905009313881, (7, 8): 0.8375905009313881, (7, 7): 0.8375905009313881, (7, 6): 0.8375905009313881, (7, 4): 0.9234568425285147, (7, 3): 0.8375905009313881, (7, 2): 0.8375905009313881, (7, 1): 0.8375905009313881, (8, 11): 0.9234568425285147, (8, 10): 0.8375905009313881, (8, 9): 0.8375905009313881, (8, 8): 0.8375905009313881, (8, 7): 0.8375905009313881, (8, 6): 0.8375905009313881, (8, 5): 0.8375905009313881, (8, 4): 0.8375905009313881, (8, 3): 0.8375905009313881, (8, 2): 0.8070444994976141, (8, 1): 0.8375905009313881, (9, 11): 0.9234568425285147, (9, 10): 0.8375905009313881, (9, 9): 0.8375905009313881, (9, 8): 0.8375905009313881, (9, 7): 0.8375905009313881, (9, 6): 0.8375905009313881, (9, 4): 0.75986771845344, (9, 3): 0.8375905009313881, (9, 2): 0.8375905009313881, (9, 1): 0.8375905009313881, (10, 11): 0.9234568425285147, (10, 10): 0.8375905009313881, (10, 9): 0.8375905009313881, (10, 8): 0.8375905009313881, (10, 7): 0.8375905009313881, (10, 6): 0.8375905009313881, (10, 4): 0.75986771845344, (10, 3): 0.8375905009313881, (10, 2): 0.8375905009313881, (10, 1): 0.8375905009313881, (11, 11): 0.0, (11, 10): 0.8375905009313881, (11, 9): 0.8375905009313881, (11, 8): 0.8375905009313881, (11, 7): 0.8375905009313881, (11, 6): 0.8375905009313881, (11, 4): 0.75986771845344, (11, 3): 0.8375905009313881, (11, 2): 0.8375905009313881, (11, 1): 0.8375905009313881}"
"(<Abstr_type.PI_STAR: 3>, 0.0, 'explicit errors', 1, 0)",4,"{(1, 11): 0.7286489631613778, (1, 10): 0.7286489631613778, (1, 9): 0.7286489631613778, (1, 8): 0.8230786157052764, (1, 7): 0.7467102823254138, (1, 5): 0.8230786157052764, (1, 4): 0.7467102823254138, (1, 3): 0.7467102823254138, (1, 2): 0.7467102823254138, (1, 1): 0.7467102823254138, (2, 11): 0.7286489631613778, (2, 10): 0.7286489631613778, (2, 9): 0.7467102823254138, (2, 8): 0.8230786157052764, (2, 7): 0.7467102823254138, (2, 5): 0.8230786157052764, (2, 4): 0.8230786157052764, (2, 3): 0.7467102823254138, (2, 2): 0.7467102823254138, (2, 1): 0.7467102823254138, (3, 11): 0.7286489631613778, (3, 10): 0.7286489631613778, (3, 9): 0.7286489631613778, (3, 8): 0.8230786157052764, (3, 7): 0.7467102823254138, (3, 6): 0.7467102823254138, (3, 5): 0.7286489631613778, (3, 4): 0.7467102823254138, (3, 3): 0.7467102823254138, (3, 2): 0.8230786157052764, (3, 1): 0.7467102823254138, (4, 11): 0.7286489631613778, (4, 10): 0.7286489631613778, (4, 9): 0.7286489631613778, (4, 8): 0.8230786157052764, (4, 7): 0.7467102823254138, (4, 5): 0.7135143830494578, (4, 4): 0.7467102823254138, (4, 3): 0.8230786157052764, (4, 2): 0.7467102823254138, (4, 1): 0.7467102823254138, (5, 11): 0.7286489631613778, (5, 10): 0.7286489631613778, (5, 9): 0.7286489631613778, (5, 8): 0.8230786157052764, (5, 7): 0.7467102823254138, (5, 5): 0.7286489631613778, (5, 4): 0.7286489631613778, (5, 3): 0.8230786157052764, (5, 2): 0.7467102823254138, (5, 1): 0.7467102823254138, (6, 8): 0.8230786157052764, (6, 3): 0.8230786157052764, (7, 11): 0.8230786157052764, (7, 10): 0.7467102823254138, (7, 9): 0.7467102823254138, (7, 8): 0.7467102823254138, (7, 7): 0.7467102823254138, (7, 6): 0.7467102823254138, (7, 4): 0.8230786157052764, (7, 3): 0.7467102823254138, (7, 2): 0.7467102823254138, (7, 1): 0.7467102823254138, (8, 11): 0.8230786157052764, (8, 10): 0.7467102823254138, (8, 9): 0.7467102823254138, (8, 8): 0.7467102823254138, (8, 7): 0.7467102823254138, (8, 6): 0.7467102823254138, (8, 5): 0.7467102823254138, (8, 4): 0.7467102823254138, (8, 3): 0.7467102823254138, (8, 2): 0.7286489631613778, (8, 1): 0.7467102823254138, (9, 11): 0.8230786157052764, (9, 10): 0.7467102823254138, (9, 9): 0.7467102823254138, (9, 8): 0.7467102823254138, (9, 7): 0.7467102823254138, (9, 6): 0.7467102823254138, (9, 4): 0.7135143830494578, (9, 3): 0.7467102823254138, (9, 2): 0.7467102823254138, (9, 1): 0.7467102823254138, (10, 11): 0.8230786157052764, (10, 10): 0.7467102823254138, (10, 9): 0.7467102823254138, (10, 8): 0.7467102823254138, (10, 7): 0.7467102823254138, (10, 6): 0.7467102823254138, (10, 4): 0.7135143830494578, (10, 3): 0.7467102823254138, (10, 2): 0.7467102823254138, (10, 1): 0.7467102823254138, (11, 11): 0.0, (11, 10): 0.7467102823254138, (11, 9): 0.7467102823254138, (11, 8): 0.7467102823254138, (11, 7): 0.7467102823254138, (11, 6): 0.7467102823254138, (11, 4): 0.7135143830494578, (11, 3): 0.7467102823254138, (11, 2): 0.7467102823254138, (11, 1): 0.7467102823254138}"
"(<Abstr_type.PI_STAR: 3>, 0.0, 'explicit errors', 1, 0)",5,"{(1, 11): 0.7589516607592466, (1, 10): 0.7589516607592466, (1, 9): 0.7589516607592466, (1, 8): 0.8189588816798961, (1, 7): 0.7522164228794469, (1, 5): 0.8189588816798961, (1, 4): 0.7522164228794469, (1, 3): 0.7522164228794469, (1, 2): 0.7522164228794469, (1, 1): 0.7522164228794469, (2, 11): 0.7589516607592466, (2, 10): 0.7589516607592466, (2, 9): 0.7522164228794469, (2, 8): 0.8189588816798961, (2, 7): 0.7522164228794469, (2, 5): 0.8189588816798961, (2, 4): 0.8189588816798961, (2, 3): 0.7522164228794469, (2, 2): 0.7522164228794469, (2, 1): 0.7522164228794469, (3, 11): 0.7589516607592466, (3, 10): 0.7589516607592466, (3, 9): 0.7589516607592466, (3, 8): 0.8189588816798961, (3, 7): 0.7522164228794469, (3, 6): 0.7522164228794469, (3, 5): 0.7589516607592466, (3, 4): 0.7522164228794469, (3, 3): 0.7522164228794469, (3, 2): 0.8189588816798961, (3, 1): 0.7522164228794469, (4, 11): 0.7589516607592466, (4, 10): 0.7589516607592466, (4, 9): 0.7589516607592466, (4, 8): 0.8189588816798961, (4, 7): 0.7522164228794469, (4, 5): 0.7221557918985263, (4, 4): 0.7522164228794469, (4, 3): 0.8189588816798961, (4, 2): 0.7522164228794469, (4, 1): 0.7522164228794469, (5, 11): 0.7589516607592466, (5, 10): 0.7589516607592466, (5, 9): 0.7589516607592466, (5, 8): 0.8189588816798961, (5, 7): 0.7522164228794469, (5, 5): 0.7589516607592466, (5, 4): 0.7589516607592466, (5, 3): 0.8189588816798961, (5, 2): 0.7522164228794469, (5, 1): 0.7522164228794469, (6, 8): 0.8189588816798961, (6, 3): 0.8189588816798961, (7, 11): 0.8189588816798961, (7, 10): 0.7522164228794469, (7, 9): 0.7522164228794469, (7, 8): 0.7522164228794469, (7, 7): 0.7522164228794469, (7, 6): 0.7522164228794469, (7, 4): 0.8189588816798961, (7, 3): 0.7522164228794469, (7, 2): 0.7522164228794469, (7, 1): 0.7522164228794469, (8, 11): 0.8189588816798961, (8, 10): 0.7522164228794469, (8, 9): 0.7522164228794469, (8, 8): 0.7522164228794469, (8, 7): 0.7522164228794469, (8, 6): 0.7522164228794469, (8, 5): 0.7522164228794469, (8, 4): 0.7522164228794469, (8, 3): 0.7522164228794469, (8, 2): 0.7589516607592466, (8, 1): 0.7522164228794469, (9, 11): 0.8189588816798961, (9, 10): 0.7522164228794469, (9, 9): 0.7522164228794469, (9, 8): 0.7522164228794469, (9, 7): 0.7522164228794469, (9, 6): 0.7522164228794469, (9, 4): 0.7221557918985263, (9, 3): 0.7522164228794469, (9, 2): 0.7522164228794469, (9, 1): 0.7522164228794469, (10, 11): 0.8189588816798961, (10, 10): 0.7522164228794469, (10, 9): 0.7522164228794469, (10, 8): 0.7522164228794469, (10, 7): 0.7522164228794469, (10, 6): 0.7522164228794469, (10, 4): 0.7221557918985263, (10, 3): 0.7522164228794469, (10, 2): 0.7522164228794469, (10, 1): 0.7522164228794469, (11, 11): 0.0, (11, 10): 0.7522164228794469, (11, 9): 0.7522164228794469, (11, 8): 0.7522164228794469, (11, 7): 0.7522164228794469, (11, 6): 0.7522164228794469, (11, 4): 0.7221557918985263, (11, 3): 0.7522164228794469, (11, 2): 0.7522164228794469, (11, 1): 0.7522164228794469}"
"(<Abstr_type.PI_STAR: 3>, 0.0, 'explicit errors', 1, 0)",6,"{(1, 11): 0.6937732621556517, (1, 10): 0.6937732621556517, (1, 9): 0.6937732621556517, (1, 8): 0.7516413049572749, (1, 7): 0.6956457887474996, (1, 5): 0.7516413049572749, (1, 4): 0.6956457887474996, (1, 3): 0.6956457887474996, (1, 2): 0.6956457887474996, (1, 1): 0.6956457887474996, (2, 11): 0.6937732621556517, (2, 10): 0.6937732621556517, (2, 9): 0.6956457887474996, (2, 8): 0.7516413049572749, (2, 7): 0.6956457887474996, (2, 5): 0.7516413049572749, (2, 4): 0.7516413049572749, (2, 3): 0.6956457887474996, (2, 2): 0.6956457887474996, (2, 1): 0.6956457887474996, (3, 11): 0.6937732621556517, (3, 10): 0.6937732621556517, (3, 9): 0.6937732621556517, (3, 8): 0.7516413049572749, (3, 7): 0.6956457887474996, (3, 6): 0.6956457887474996, (3, 5): 0.6937732621556517, (3, 4): 0.6956457887474996, (3, 3): 0.6956457887474996, (3, 2): 0.7516413049572749, (3, 1): 0.6956457887474996, (4, 11): 0.6937732621556517, (4, 10): 0.6937732621556517, (4, 9): 0.6937732621556517, (4, 8): 0.7516413049572749, (4, 7): 0.6956457887474996, (4, 5): 0.6663049370070855, (4, 4): 0.6956457887474996, (4, 3): 0.7516413049572749, (4, 2): 0.6956457887474996, (4, 1): 0.6956457887474996, (5, 11): 0.6937732621556517, (5, 10): 0.6937732621556517, (5, 9): 0.6937732621556517, (5, 8): 0.7516413049572749, (5, 7): 0.6956457887474996, (5, 5): 0.6937732621556517, (5, 4): 0.6937732621556517, (5, 3): 0.7516413049572749, (5, 2): 0.6956457887474996, (5, 1): 0.6956457887474996, (6, 8): 0.7516413049572749, (6, 3): 0.7516413049572749, (7, 11): 0.7516413049572749, (7, 10): 0.6956457887474996, (7, 9): 0.6956457887474996, (7, 8): 0.6956457887474996, (7, 7): 0.6956457887474996, (7, 6): 0.6956457887474996, (7, 4): 0.7516413049572749, (7, 3): 0.6956457887474996, (7, 2): 0.6956457887474996, (7, 1): 0.6956457887474996, (8, 11): 0.7516413049572749, (8, 10): 0.6956457887474996, (8, 9): 0.6956457887474996, (8, 8): 0.6956457887474996, (8, 7): 0.6956457887474996, (8, 6): 0.6956457887474996, (8, 5): 0.6956457887474996, (8, 4): 0.6956457887474996, (8, 3): 0.6956457887474996, (8, 2): 0.6937732621556517, (8, 1): 0.6956457887474996, (9, 11): 0.7516413049572749, (9, 10): 0.6956457887474996, (9, 9): 0.6956457887474996, (9, 8): 0.6956457887474996, (9, 7): 0.6956457887474996, (9, 6): 0.6956457887474996, (9, 4): 0.6663049370070855, (9, 3): 0.6956457887474996, (9, 2): 0.6956457887474996, (9, 1): 0.6956457887474996, (10, 11): 0.7516413049572749, (10, 10): 0.6956457887474996, (10, 9): 0.6956457887474996, (10, 8): 0.6956457887474996, (10, 7): 0.6956457887474996, (10, 6): 0.6956457887474996, (10, 4): 0.6663049370070855, (10, 3): 0.6956457887474996, (10, 2): 0.6956457887474996, (10, 1): 0.6956457887474996, (11, 11): 0.0, (11, 10): 0.6956457887474996, (11, 9): 0.6956457887474996, (11, 8): 0.6956457887474996, (11, 7): 0.6956457887474996, (11, 6): 0.6956457887474996, (11, 4): 0.6663049370070855, (11, 3): 0.6956457887474996, (11, 2): 0.6956457887474996, (11, 1): 0.6956457887474996}"
"(<Abstr_type.PI_STAR: 3>, 0.0, 'explicit errors', 1, 0)",7,"{(1, 11): 0.7152603468547628, (1, 10): 0.7152603468547628, (1, 9): 0.7152603468547628, (1, 8): 0.8690664406687627, (1, 7): 0.7597839856341702, (1, 5): 0.8690664406687627, (1, 4): 0.7597839856341702, (1, 3): 0.7597839856341702, (1, 2): 0.7597839856341702, (1, 1): 0.7597839856341702, (2, 11): 0.7152603468547628, (2, 10): 0.7152603468547628, (2, 9): 0.7597839856341702, (2, 8): 0.8690664406687627, (2, 7): 0.7597839856341702, (2, 5): 0.8690664406687627, (2, 4): 0.8690664406687627, (2, 3): 0.7597839856341702, (2, 2): 0.7597839856341702, (2, 1): 0.7597839856341702, (3, 11): 0.7152603468547628, (3, 10): 0.7152603468547628, (3, 9): 0.7152603468547628, (3, 8): 0.8690664406687627, (3, 7): 0.7597839856341702, (3, 6): 0.7597839856341702, (3, 5): 0.7152603468547628, (3, 4): 0.7597839856341702, (3, 3): 0.7597839856341702, (3, 2): 0.8690664406687627, (3, 1): 0.7597839856341702, (4, 11): 0.7152603468547628, (4, 10): 0.7152603468547628, (4, 9): 0.7152603468547628, (4, 8): 0.8690664406687627, (4, 7): 0.7597839856341702, (4, 5): 0.6772301769521938, (4, 4): 0.7597839856341702, (4, 3): 0.8690664406687627, (4, 2): 0.7597839856341702, (4, 1): 0.7597839856341702, (5, 11): 0.7152603468547628, (5, 10): 0.7152603468547628, (5, 9): 0.7152603468547628, (5, 8): 0.8690664406687627, (5, 7): 0.7597839856341702, (5, 5): 0.7152603468547628, (5, 4): 0.7152603468547628, (5, 3): 0.8690664406687627, (5, 2): 0.7597839856341702, (5, 1): 0.7597839856341702, (6, 8): 0.8690664406687627, (6, 3): 0.8690664406687627, (7, 11): 0.8690664406687627, (7, 10): 0.7597839856341702, (7, 9): 0.7597839856341702, (7, 8): 0.7597839856341702, (7, 7): 0.7597839856341702, (7, 6): 0.7597839856341702, (7, 4): 0.8690664406687627, (7, 3): 0.7597839856341702, (7, 2): 0.7597839856341702, (7, 1): 0.7597839856341702, (8, 11): 0.8690664406687627, (8, 10): 0.7597839856341702, (8, 9): 0.7597839856341702, (8, 8): 0.7597839856341702, (8, 7): 0.7597839856341702, (8, 6): 0.7597839856341702, (8, 5): 0.7597839856341702, (8, 4): 0.7597839856341702, (8, 3): 0.7597839856341702, (8, 2): 0.7152603468547628, (8, 1): 0.7597839856341702, (9, 11): 0.8690664406687627, (9, 10): 0.7597839856341702, (9, 9): 0.7597839856341702, (9, 8): 0.7597839856341702, (9, 7): 0.7597839856341702, (9, 6): 0.7597839856341702, (9, 4): 0.6772301769521938, (9, 3): 0.7597839856341702, (9, 2): 0.7597839856341702, (9, 1): 0.7597839856341702, (10, 11): 0.8690664406687627, (10, 10): 0.7597839856341702, (10, 9): 0.7597839856341702, (10, 8): 0.7597839856341702, (10, 7): 0.7597839856341702, (10, 6): 0.7597839856341702, (10, 4): 0.6772301769521938, (10, 3): 0.7597839856341702, (10, 2): 0.7597839856341702, (10, 1): 0.7597839856341702, (11, 11): 0.0, (11, 10): 0.7597839856341702, (11, 9): 0.7597839856341702, (11, 8): 0.7597839856341702, (11, 7): 0.7597839856341702, (11, 6): 0.7597839856341702, (11, 4): 0.6772301769521938, (11, 3): 0.7597839856341702, (11, 2): 0.7597839856341702, (11, 1): 0.7597839856341702}"
"(<Abstr_type.PI_STAR: 3>, 0.0, 'explicit errors', 1, 0)",8,"{(1, 11): 0.7307469517943415, (1, 10): 0.7307469517943415, (1, 9): 0.7307469517943415, (1, 8): 0.8401247091940384, (1, 7): 0.7645518507225778, (1, 5): 0.8401247091940384, (1, 4): 0.7645518507225778, (1, 3): 0.7645518507225778, (1, 2): 0.7645518507225778, (1, 1): 0.7645518507225778, (2, 11): 0.7307469517943415, (2, 10): 0.7307469517943415, (2, 9): 0.7645518507225778, (2, 8): 0.8401247091940384, (2, 7): 0.7645518507225778, (2, 5): 0.8401247091940384, (2, 4): 0.8401247091940384, (2, 3): 0.7645518507225778, (2, 2): 0.7645518507225778, (2, 1): 0.7645518507225778, (3, 11): 0.7307469517943415, (3, 10): 0.7307469517943415, (3, 9): 0.7307469517943415, (3, 8): 0.8401247091940384, (3, 7): 0.7645518507225778, (3, 6): 0.7645518507225778, (3, 5): 0.7307469517943415, (3, 4): 0.7645518507225778, (3, 3): 0.7645518507225778, (3, 2): 0.8401247091940384, (3, 1): 0.7645518507225778, (4, 11): 0.7307469517943415, (4, 10): 0.7307469517943415, (4, 9): 0.7307469517943415, (4, 8): 0.8401247091940384, (4, 7): 0.7645518507225778, (4, 5): 0.7242019432133883, (4, 4): 0.7645518507225778, (4, 3): 0.8401247091940384, (4, 2): 0.7645518507225778, (4, 1): 0.7645518507225778, (5, 11): 0.7307469517943415, (5, 10): 0.7307469517943415, (5, 9): 0.7307469517943415, (5, 8): 0.8401247091940384, (5, 7): 0.7645518507225778, (5, 5): 0.7307469517943415, (5, 4): 0.7307469517943415, (5, 3): 0.8401247091940384, (5, 2): 0.7645518507225778, (5, 1): 0.7645518507225778, (6, 8): 0.8401247091940384, (6, 3): 0.8401247091940384, (7, 11): 0.8401247091940384, (7, 10): 0.7645518507225778, (7, 9): 0.7645518507225778, (7, 8): 0.7645518507225778, (7, 7): 0.7645518507225778, (7, 6): 0.7645518507225778, (7, 4): 0.8401247091940384, (7, 3): 0.7645518507225778, (7, 2): 0.7645518507225778, (7, 1): 0.7645518507225778, (8, 11): 0.8401247091940384, (8, 10): 0.7645518507225778, (8, 9): 0.7645518507225778, (8, 8): 0.7645518507225778, (8, 7): 0.7645518507225778, (8, 6): 0.7645518507225778, (8, 5): 0.7645518507225778, (8, 4): 0.7645518507225778, (8, 3): 0.7645518507225778, (8, 2): 0.7307469517943415, (8, 1): 0.7645518507225778, (9, 11): 0.8401247091940384, (9, 10): 0.7645518507225778, (9, 9): 0.7645518507225778, (9, 8): 0.7645518507225778, (9, 7): 0.7645518507225778, (9, 6): 0.7645518507225778, (9, 4): 0.7242019432133883, (9, 3): 0.7645518507225778, (9, 2): 0.7645518507225778, (9, 1): 0.7645518507225778, (10, 11): 0.8401247091940384, (10, 10): 0.7645518507225778, (10, 9): 0.7645518507225778, (10, 8): 0.7645518507225778, (10, 7): 0.7645518507225778, (10, 6): 0.7645518507225778, (10, 4): 0.7242019432133883, (10, 3): 0.7645518507225778, (10, 2): 0.7645518507225778, (10, 1): 0.7645518507225778, (11, 11): 0.0, (11, 10): 0.7645518507225778, (11, 9): 0.7645518507225778, (11, 8): 0.7645518507225778, (11, 7): 0.7645518507225778, (11, 6): 0.7645518507225778, (11, 4): 0.7242019432133883, (11, 3): 0.7645518507225778, (11, 2): 0.7645518507225778, (11, 1): 0.7645518507225778}"
"(<Abstr_type.PI_STAR: 3>, 0.0, 'explicit errors', 1, 0)",9,"{(1, 11): 0.7820592321037457, (1, 10): 0.7820592321037457, (1, 9): 0.7820592321037457, (1, 8): 0.8973102225108854, (1, 7): 0.8193570102561538, (1, 5): 0.8973102225108854, (1, 4): 0.8193570102561538, (1, 3): 0.8193570102561538, (1, 2): 0.8193570102561538, (1, 1): 0.8193570102561538, (2, 11): 0.7820592321037457, (2, 10): 0.7820592321037457, (2, 9): 0.8193570102561538, (2, 8): 0.8973102225108854, (2, 7): 0.8193570102561538, (2, 5): 0.8973102225108854, (2, 4): 0.8973102225108854, (2, 3): 0.8193570102561538, (2, 2): 0.8193570102561538, (2, 1): 0.8193570102561538, (3, 11): 0.7820592321037457, (3, 10): 0.7820592321037457, (3, 9): 0.7820592321037457, (3, 8): 0.8973102225108854, (3, 7): 0.8193570102561538, (3, 6): 0.8193570102561538, (3, 5): 0.7820592321037457, (3, 4): 0.8193570102561538, (3, 3): 0.8193570102561538, (3, 2): 0.8973102225108854, (3, 1): 0.8193570102561538, (4, 11): 0.7820592321037457, (4, 10): 0.7820592321037457, (4, 9): 0.7820592321037457, (4, 8): 0.8973102225108854, (4, 7): 0.8193570102561538, (4, 5): 0.7677967018694488, (4, 4): 0.8193570102561538, (4, 3): 0.8973102225108854, (4, 2): 0.8193570102561538, (4, 1): 0.8193570102561538, (5, 11): 0.7820592321037457, (5, 10): 0.7820592321037457, (5, 9): 0.7820592321037457, (5, 8): 0.8973102225108854, (5, 7): 0.8193570102561538, (5, 5): 0.7820592321037457, (5, 4): 0.7820592321037457, (5, 3): 0.8973102225108854, (5, 2): 0.8193570102561538, (5, 1): 0.8193570102561538, (6, 8): 0.8973102225108854, (6, 3): 0.8973102225108854, (7, 11): 0.8973102225108854, (7, 10): 0.8193570102561538, (7, 9): 0.8193570102561538, (7, 8): 0.8193570102561538, (7, 7): 0.8193570102561538, (7, 6): 0.8193570102561538, (7, 4): 0.8973102225108854, (7, 3): 0.8193570102561538, (7, 2): 0.8193570102561538, (7, 1): 0.8193570102561538, (8, 11): 0.8973102225108854, (8, 10): 0.8193570102561538, (8, 9): 0.8193570102561538, (8, 8): 0.8193570102561538, (8, 7): 0.8193570102561538, (8, 6): 0.8193570102561538, (8, 5): 0.8193570102561538, (8, 4): 0.8193570102561538, (8, 3): 0.8193570102561538, (8, 2): 0.7820592321037457, (8, 1): 0.8193570102561538, (9, 11): 0.8973102225108854, (9, 10): 0.8193570102561538, (9, 9): 0.8193570102561538, (9, 8): 0.8193570102561538, (9, 7): 0.8193570102561538, (9, 6): 0.8193570102561538, (9, 4): 0.7677967018694488, (9, 3): 0.8193570102561538, (9, 2): 0.8193570102561538, (9, 1): 0.8193570102561538, (10, 11): 0.8973102225108854, (10, 10): 0.8193570102561538, (10, 9): 0.8193570102561538, (10, 8): 0.8193570102561538, (10, 7): 0.8193570102561538, (10, 6): 0.8193570102561538, (10, 4): 0.7677967018694488, (10, 3): 0.8193570102561538, (10, 2): 0.8193570102561538, (10, 1): 0.8193570102561538, (11, 11): 0.0, (11, 10): 0.8193570102561538, (11, 9): 0.8193570102561538, (11, 8): 0.8193570102561538, (11, 7): 0.8193570102561538, (11, 6): 0.8193570102561538, (11, 4): 0.7677967018694488, (11, 3): 0.8193570102561538, (11, 2): 0.8193570102561538, (11, 1): 0.8193570102561538}"
"(<Abstr_type.PI_STAR: 3>, 0.0, 'explicit errors', 2, 0)",0,"{(1, 11): 0.6070313116718618, (1, 10): 0.531590331303247, (1, 9): 0.531590331303247, (1, 8): 0.7088611771059294, (1, 7): 0.6070313116718618, (1, 5): 0.7088611771059294, (1, 4): 0.6070313116718618, (1, 3): 0.6070313116718618, (1, 2): 0.6070313116718618, (1, 1): 0.6070313116718618, (2, 11): 0.531590331303247, (2, 10): 0.531590331303247, (2, 9): 0.531590331303247, (2, 8): 0.7088611771059294, (2, 7): 0.6070313116718618, (2, 5): 0.7088611771059294, (2, 4): 0.6070313116718618, (2, 3): 0.6070313116718618, (2, 2): 0.6070313116718618, (2, 1): 0.6070313116718618, (3, 11): 0.531590331303247, (3, 10): 0.531590331303247, (3, 9): 0.531590331303247, (3, 8): 0.7088611771059294, (3, 7): 0.6070313116718618, (3, 6): 0.6070313116718618, (3, 5): 0.6070313116718618, (3, 4): 0.6070313116718618, (3, 3): 0.6070313116718618, (3, 2): 0.6070313116718618, (3, 1): 0.6070313116718618, (4, 11): 0.531590331303247, (4, 10): 0.531590331303247, (4, 9): 0.6070313116718618, (4, 8): 0.7088611771059294, (4, 7): 0.6070313116718618, (4, 5): 0.5136789116898208, (4, 4): 0.6070313116718618, (4, 3): 0.7088611771059294, (4, 2): 0.6070313116718618, (4, 1): 0.6070313116718618, (5, 11): 0.531590331303247, (5, 10): 0.531590331303247, (5, 9): 0.531590331303247, (5, 8): 0.7088611771059294, (5, 7): 0.6070313116718618, (5, 5): 0.531590331303247, (5, 4): 0.531590331303247, (5, 3): 0.7088611771059294, (5, 2): 0.6070313116718618, (5, 1): 0.6070313116718618, (6, 8): 0.7088611771059294, (6, 3): 0.7088611771059294, (7, 11): 0.7088611771059294, (7, 10): 0.6070313116718618, (7, 9): 0.6070313116718618, (7, 8): 0.6070313116718618, (7, 7): 0.6070313116718618, (7, 6): 0.6070313116718618, (7, 4): 0.7088611771059294, (7, 3): 0.6070313116718618, (7, 2): 0.6070313116718618, (7, 1): 0.6070313116718618, (8, 11): 0.7088611771059294, (8, 10): 0.6070313116718618, (8, 9): 0.6070313116718618, (8, 8): 0.6070313116718618, (8, 7): 0.6070313116718618, (8, 6): 0.6070313116718618, (8, 5): 0.6070313116718618, (8, 4): 0.6070313116718618, (8, 3): 0.6070313116718618, (8, 2): 0.6070313116718618, (8, 1): 0.6070313116718618, (9, 11): 0.6070313116718618, (9, 10): 0.6070313116718618, (9, 9): 0.6070313116718618, (9, 8): 0.7088611771059294, (9, 7): 0.6070313116718618, (9, 6): 0.6070313116718618, (9, 4): 0.5136789116898208, (9, 3): 0.6070313116718618, (9, 2): 0.6070313116718618, (9, 1): 0.6070313116718618, (10, 11): 0.7088611771059294, (10, 10): 0.6070313116718618, (10, 9): 0.6070313116718618, (10, 8): 0.6070313116718618, (10, 7): 0.6070313116718618, (10, 6): 0.6070313116718618, (10, 4): 0.5136789116898208, (10, 3): 0.6070313116718618, (10, 2): 0.6070313116718618, (10, 1): 0.6070313116718618, (11, 11): 0.0, (11, 10): 0.6070313116718618, (11, 9): 0.6070313116718618, (11, 8): 0.6070313116718618, (11, 7): 0.6070313116718618, (11, 6): 0.6070313116718618, (11, 4): 0.5136789116898208, (11, 3): 0.6070313116718618, (11, 2): 0.6070313116718618, (11, 1): 0.6070313116718618}"
"(<Abstr_type.PI_STAR: 3>, 0.0, 'explicit errors', 2, 0)",1,"{(1, 11): 0.47113651526703426, (1, 10): 0.43899692894177444, (1, 9): 0.43899692894177444, (1, 8): 0.548124057861909, (1, 7): 0.47113651526703426, (1, 5): 0.548124057861909, (1, 4): 0.47113651526703426, (1, 3): 0.47113651526703426, (1, 2): 0.47113651526703426, (1, 1): 0.47113651526703426, (2, 11): 0.43899692894177444, (2, 10): 0.43899692894177444, (2, 9): 0.43899692894177444, (2, 8): 0.548124057861909, (2, 7): 0.47113651526703426, (2, 5): 0.548124057861909, (2, 4): 0.47113651526703426, (2, 3): 0.47113651526703426, (2, 2): 0.47113651526703426, (2, 1): 0.47113651526703426, (3, 11): 0.43899692894177444, (3, 10): 0.43899692894177444, (3, 9): 0.43899692894177444, (3, 8): 0.548124057861909, (3, 7): 0.47113651526703426, (3, 6): 0.47113651526703426, (3, 5): 0.47113651526703426, (3, 4): 0.47113651526703426, (3, 3): 0.47113651526703426, (3, 2): 0.47113651526703426, (3, 1): 0.47113651526703426, (4, 11): 0.43899692894177444, (4, 10): 0.43899692894177444, (4, 9): 0.47113651526703426, (4, 8): 0.548124057861909, (4, 7): 0.47113651526703426, (4, 5): 0.4578292913687362, (4, 4): 0.47113651526703426, (4, 3): 0.548124057861909, (4, 2): 0.47113651526703426, (4, 1): 0.47113651526703426, (5, 11): 0.43899692894177444, (5, 10): 0.43899692894177444, (5, 9): 0.43899692894177444, (5, 8): 0.548124057861909, (5, 7): 0.47113651526703426, (5, 5): 0.43899692894177444, (5, 4): 0.43899692894177444, (5, 3): 0.548124057861909, (5, 2): 0.47113651526703426, (5, 1): 0.47113651526703426, (6, 8): 0.548124057861909, (6, 3): 0.548124057861909, (7, 11): 0.548124057861909, (7, 10): 0.47113651526703426, (7, 9): 0.47113651526703426, (7, 8): 0.47113651526703426, (7, 7): 0.47113651526703426, (7, 6): 0.47113651526703426, (7, 4): 0.548124057861909, (7, 3): 0.47113651526703426, (7, 2): 0.47113651526703426, (7, 1): 0.47113651526703426, (8, 11): 0.548124057861909, (8, 10): 0.47113651526703426, (8, 9): 0.47113651526703426, (8, 8): 0.47113651526703426, (8, 7): 0.47113651526703426, (8, 6): 0.47113651526703426, (8, 5): 0.47113651526703426, (8, 4): 0.47113651526703426, (8, 3): 0.47113651526703426, (8, 2): 0.47113651526703426, (8, 1): 0.47113651526703426, (9, 11): 0.47113651526703426, (9, 10): 0.47113651526703426, (9, 9): 0.47113651526703426, (9, 8): 0.548124057861909, (9, 7): 0.47113651526703426, (9, 6): 0.47113651526703426, (9, 4): 0.4578292913687362, (9, 3): 0.47113651526703426, (9, 2): 0.47113651526703426, (9, 1): 0.47113651526703426, (10, 11): 0.548124057861909, (10, 10): 0.47113651526703426, (10, 9): 0.47113651526703426, (10, 8): 0.47113651526703426, (10, 7): 0.47113651526703426, (10, 6): 0.47113651526703426, (10, 4): 0.4578292913687362, (10, 3): 0.47113651526703426, (10, 2): 0.47113651526703426, (10, 1): 0.47113651526703426, (11, 11): 0.0, (11, 10): 0.47113651526703426, (11, 9): 0.47113651526703426, (11, 8): 0.47113651526703426, (11, 7): 0.47113651526703426, (11, 6): 0.47113651526703426, (11, 4): 0.4578292913687362, (11, 3): 0.47113651526703426, (11, 2): 0.47113651526703426, (11, 1): 0.47113651526703426}"
"(<Abstr_type.PI_STAR: 3>, 0.0, 'explicit errors', 2, 0)",2,"{(1, 11): 0.5424345214365673, (1, 10): 0.49458752709236253, (1, 9): 0.49458752709236253, (1, 8): 0.6363005828339898, (1, 7): 0.5424345214365673, (1, 5): 0.6363005828339898, (1, 4): 0.5424345214365673, (1, 3): 0.5424345214365673, (1, 2): 0.5424345214365673, (1, 1): 0.5424345214365673, (2, 11): 0.49458752709236253, (2, 10): 0.49458752709236253, (2, 9): 0.49458752709236253, (2, 8): 0.6363005828339898, (2, 7): 0.5424345214365673, (2, 5): 0.6363005828339898, (2, 4): 0.5424345214365673, (2, 3): 0.5424345214365673, (2, 2): 0.5424345214365673, (2, 1): 0.5424345214365673, (3, 11): 0.49458752709236253, (3, 10): 0.49458752709236253, (3, 9): 0.49458752709236253, (3, 8): 0.6363005828339898, (3, 7): 0.5424345214365673, (3, 6): 0.5424345214365673, (3, 5): 0.5424345214365673, (3, 4): 0.5424345214365673, (3, 3): 0.5424345214365673, (3, 2): 0.5424345214365673, (3, 1): 0.5424345214365673, (4, 11): 0.49458752709236253, (4, 10): 0.49458752709236253, (4, 9): 0.5424345214365673, (4, 8): 0.6363005828339898, (4, 7): 0.5424345214365673, (4, 5): 0.4762419931359748, (4, 4): 0.5424345214365673, (4, 3): 0.6363005828339898, (4, 2): 0.5424345214365673, (4, 1): 0.5424345214365673, (5, 11): 0.49458752709236253, (5, 10): 0.49458752709236253, (5, 9): 0.49458752709236253, (5, 8): 0.6363005828339898, (5, 7): 0.5424345214365673, (5, 5): 0.49458752709236253, (5, 4): 0.49458752709236253, (5, 3): 0.6363005828339898, (5, 2): 0.5424345214365673, (5, 1): 0.5424345214365673, (6, 8): 0.6363005828339898, (6, 3): 0.6363005828339898, (7, 11): 0.6363005828339898, (7, 10): 0.5424345214365673, (7, 9): 0.5424345214365673, (7, 8): 0.5424345214365673, (7, 7): 0.5424345214365673, (7, 6): 0.5424345214365673, (7, 4): 0.6363005828339898, (7, 3): 0.5424345214365673, (7, 2): 0.5424345214365673, (7, 1): 0.5424345214365673, (8, 11): 0.6363005828339898, (8, 10): 0.5424345214365673, (8, 9): 0.5424345214365673, (8, 8): 0.5424345214365673, (8, 7): 0.5424345214365673, (8, 6): 0.5424345214365673, (8, 5): 0.5424345214365673, (8, 4): 0.5424345214365673, (8, 3): 0.5424345214365673, (8, 2): 0.5424345214365673, (8, 1): 0.5424345214365673, (9, 11): 0.5424345214365673, (9, 10): 0.5424345214365673, (9, 9): 0.5424345214365673, (9, 8): 0.6363005828339898, (9, 7): 0.5424345214365673, (9, 6): 0.5424345214365673, (9, 4): 0.4762419931359748, (9, 3): 0.5424345214365673, (9, 2): 0.5424345214365673, (9, 1): 0.5424345214365673, (10, 11): 0.6363005828339898, (10, 10): 0.5424345214365673, (10, 9): 0.5424345214365673, (10, 8): 0.5424345214365673, (10, 7): 0.5424345214365673, (10, 6): 0.5424345214365673, (10, 4): 0.4762419931359748, (10, 3): 0.5424345214365673, (10, 2): 0.5424345214365673, (10, 1): 0.5424345214365673, (11, 11): 0.0, (11, 10): 0.5424345214365673, (11, 9): 0.5424345214365673, (11, 8): 0.5424345214365673, (11, 7): 0.5424345214365673, (11, 6): 0.5424345214365673, (11, 4): 0.4762419931359748, (11, 3): 0.5424345214365673, (11, 2): 0.5424345214365673, (11, 1): 0.5424345214365673}"
"(<Abstr_type.PI_STAR: 3>, 0.0, 'explicit errors', 2, 0)",3,"{(1, 11): 0.5823395868626056, (1, 10): 0.5311089033408638, (1, 9): 0.5311089033408638, (1, 8): 0.6578478741587626, (1, 7): 0.5823395868626056, (1, 5): 0.6578478741587626, (1, 4): 0.5823395868626056, (1, 3): 0.5823395868626056, (1, 2): 0.5823395868626056, (1, 1): 0.5823395868626056, (2, 11): 0.5311089033408638, (2, 10): 0.5311089033408638, (2, 9): 0.5311089033408638, (2, 8): 0.6578478741587626, (2, 7): 0.5823395868626056, (2, 5): 0.6578478741587626, (2, 4): 0.5823395868626056, (2, 3): 0.5823395868626056, (2, 2): 0.5823395868626056, (2, 1): 0.5823395868626056, (3, 11): 0.5311089033408638, (3, 10): 0.5311089033408638, (3, 9): 0.5311089033408638, (3, 8): 0.6578478741587626, (3, 7): 0.5823395868626056, (3, 6): 0.5823395868626056, (3, 5): 0.5823395868626056, (3, 4): 0.5823395868626056, (3, 3): 0.5823395868626056, (3, 2): 0.5823395868626056, (3, 1): 0.5823395868626056, (4, 11): 0.5311089033408638, (4, 10): 0.5311089033408638, (4, 9): 0.5823395868626056, (4, 8): 0.6578478741587626, (4, 7): 0.5823395868626056, (4, 5): 0.5442075384455755, (4, 4): 0.5823395868626056, (4, 3): 0.6578478741587626, (4, 2): 0.5823395868626056, (4, 1): 0.5823395868626056, (5, 11): 0.5311089033408638, (5, 10): 0.5311089033408638, (5, 9): 0.5311089033408638, (5, 8): 0.6578478741587626, (5, 7): 0.5823395868626056, (5, 5): 0.5311089033408638, (5, 4): 0.5311089033408638, (5, 3): 0.6578478741587626, (5, 2): 0.5823395868626056, (5, 1): 0.5823395868626056, (6, 8): 0.6578478741587626, (6, 3): 0.6578478741587626, (7, 11): 0.6578478741587626, (7, 10): 0.5823395868626056, (7, 9): 0.5823395868626056, (7, 8): 0.5823395868626056, (7, 7): 0.5823395868626056, (7, 6): 0.5823395868626056, (7, 4): 0.6578478741587626, (7, 3): 0.5823395868626056, (7, 2): 0.5823395868626056, (7, 1): 0.5823395868626056, (8, 11): 0.6578478741587626, (8, 10): 0.5823395868626056, (8, 9): 0.5823395868626056, (8, 8): 0.5823395868626056, (8, 7): 0.5823395868626056, (8, 6): 0.5823395868626056, (8, 5): 0.5823395868626056, (8, 4): 0.5823395868626056, (8, 3): 0.5823395868626056, (8, 2): 0.5823395868626056, (8, 1): 0.5823395868626056, (9, 11): 0.5823395868626056, (9, 10): 0.5823395868626056, (9, 9): 0.5823395868626056, (9, 8): 0.6578478741587626, (9, 7): 0.5823395868626056, (9, 6): 0.5823395868626056, (9, 4): 0.5442075384455755, (9, 3): 0.5823395868626056, (9, 2): 0.5823395868626056, (9, 1): 0.5823395868626056, (10, 11): 0.6578478741587626, (10, 10): 0.5823395868626056, (10, 9): 0.5823395868626056, (10, 8): 0.5823395868626056, (10, 7): 0.5823395868626056, (10, 6): 0.5823395868626056, (10, 4): 0.5442075384455755, (10, 3): 0.5823395868626056, (10, 2): 0.5823395868626056, (10, 1): 0.5823395868626056, (11, 11): 0.0, (11, 10): 0.5823395868626056, (11, 9): 0.5823395868626056, (11, 8): 0.5823395868626056, (11, 7): 0.5823395868626056, (11, 6): 0.5823395868626056, (11, 4): 0.5442075384455755, (11, 3): 0.5823395868626056, (11, 2): 0.5823395868626056, (11, 1): 0.5823395868626056}"
"(<Abstr_type.PI_STAR: 3>, 0.0, 'explicit errors', 2, 0)",4,"{(1, 11): 0.7377523783499434, (1, 10): 0.6164864505934321, (1, 9): 0.6164864505934321, (1, 8): 0.801941214079348, (1, 7): 0.7377523783499434, (1, 5): 0.801941214079348, (1, 4): 0.7377523783499434, (1, 3): 0.7377523783499434, (1, 2): 0.7377523783499434, (1, 1): 0.7377523783499434, (2, 11): 0.6164864505934321, (2, 10): 0.6164864505934321, (2, 9): 0.6164864505934321, (2, 8): 0.801941214079348, (2, 7): 0.7377523783499434, (2, 5): 0.801941214079348, (2, 4): 0.7377523783499434, (2, 3): 0.7377523783499434, (2, 2): 0.7377523783499434, (2, 1): 0.7377523783499434, (3, 11): 0.6164864505934321, (3, 10): 0.6164864505934321, (3, 9): 0.6164864505934321, (3, 8): 0.801941214079348, (3, 7): 0.7377523783499434, (3, 6): 0.7377523783499434, (3, 5): 0.7377523783499434, (3, 4): 0.7377523783499434, (3, 3): 0.7377523783499434, (3, 2): 0.7377523783499434, (3, 1): 0.7377523783499434, (4, 11): 0.6164864505934321, (4, 10): 0.6164864505934321, (4, 9): 0.7377523783499434, (4, 8): 0.801941214079348, (4, 7): 0.7377523783499434, (4, 5): 0.5361797613840882, (4, 4): 0.7377523783499434, (4, 3): 0.801941214079348, (4, 2): 0.7377523783499434, (4, 1): 0.7377523783499434, (5, 11): 0.6164864505934321, (5, 10): 0.6164864505934321, (5, 9): 0.6164864505934321, (5, 8): 0.801941214079348, (5, 7): 0.7377523783499434, (5, 5): 0.6164864505934321, (5, 4): 0.6164864505934321, (5, 3): 0.801941214079348, (5, 2): 0.7377523783499434, (5, 1): 0.7377523783499434, (6, 8): 0.801941214079348, (6, 3): 0.801941214079348, (7, 11): 0.801941214079348, (7, 10): 0.7377523783499434, (7, 9): 0.7377523783499434, (7, 8): 0.7377523783499434, (7, 7): 0.7377523783499434, (7, 6): 0.7377523783499434, (7, 4): 0.801941214079348, (7, 3): 0.7377523783499434, (7, 2): 0.7377523783499434, (7, 1): 0.7377523783499434, (8, 11): 0.801941214079348, (8, 10): 0.7377523783499434, (8, 9): 0.7377523783499434, (8, 8): 0.7377523783499434, (8, 7): 0.7377523783499434, (8, 6): 0.7377523783499434, (8, 5): 0.7377523783499434, (8, 4): 0.7377523783499434, (8, 3): 0.7377523783499434, (8, 2): 0.7377523783499434, (8, 1): 0.7377523783499434, (9, 11): 0.7377523783499434, (9, 10): 0.7377523783499434, (9, 9): 0.7377523783499434, (9, 8): 0.801941214079348, (9, 7): 0.7377523783499434, (9, 6): 0.7377523783499434, (9, 4): 0.5361797613840882, (9, 3): 0.7377523783499434, (9, 2): 0.7377523783499434, (9, 1): 0.7377523783499434, (10, 11): 0.801941214079348, (10, 10): 0.7377523783499434, (10, 9): 0.7377523783499434, (10, 8): 0.7377523783499434, (10, 7): 0.7377523783499434, (10, 6): 0.7377523783499434, (10, 4): 0.5361797613840882, (10, 3): 0.7377523783499434, (10, 2): 0.7377523783499434, (10, 1): 0.7377523783499434, (11, 11): 0.0, (11, 10): 0.7377523783499434, (11, 9): 0.7377523783499434, (11, 8): 0.7377523783499434, (11, 7): 0.7377523783499434, (11, 6): 0.7377523783499434, (11, 4): 0.5361797613840882, (11, 3): 0.7377523783499434, (11, 2): 0.7377523783499434, (11, 1): 0.7377523783499434}"
"(<Abstr_type.PI_STAR: 3>, 0.0, 'explicit errors', 2, 0)",5,"{(1, 11): 0.5854224110226203, (1, 10): 0.5734683293449698, (1, 9): 0.5734683293449698, (1, 8): 0.6468607502230955, (1, 7): 0.5854224110226203, (1, 5): 0.6468607502230955, (1, 4): 0.5854224110226203, (1, 3): 0.5854224110226203, (1, 2): 0.5854224110226203, (1, 1): 0.5854224110226203, (2, 11): 0.5734683293449698, (2, 10): 0.5734683293449698, (2, 9): 0.5734683293449698, (2, 8): 0.6468607502230955, (2, 7): 0.5854224110226203, (2, 5): 0.6468607502230955, (2, 4): 0.5854224110226203, (2, 3): 0.5854224110226203, (2, 2): 0.5854224110226203, (2, 1): 0.5854224110226203, (3, 11): 0.5734683293449698, (3, 10): 0.5734683293449698, (3, 9): 0.5734683293449698, (3, 8): 0.6468607502230955, (3, 7): 0.5854224110226203, (3, 6): 0.5854224110226203, (3, 5): 0.5854224110226203, (3, 4): 0.5854224110226203, (3, 3): 0.5854224110226203, (3, 2): 0.5854224110226203, (3, 1): 0.5854224110226203, (4, 11): 0.5734683293449698, (4, 10): 0.5734683293449698, (4, 9): 0.5854224110226203, (4, 8): 0.6468607502230955, (4, 7): 0.5854224110226203, (4, 5): 0.531445596488734, (4, 4): 0.5854224110226203, (4, 3): 0.6468607502230955, (4, 2): 0.5854224110226203, (4, 1): 0.5854224110226203, (5, 11): 0.5734683293449698, (5, 10): 0.5734683293449698, (5, 9): 0.5734683293449698, (5, 8): 0.6468607502230955, (5, 7): 0.5854224110226203, (5, 5): 0.5734683293449698, (5, 4): 0.5734683293449698, (5, 3): 0.6468607502230955, (5, 2): 0.5854224110226203, (5, 1): 0.5854224110226203, (6, 8): 0.6468607502230955, (6, 3): 0.6468607502230955, (7, 11): 0.6468607502230955, (7, 10): 0.5854224110226203, (7, 9): 0.5854224110226203, (7, 8): 0.5854224110226203, (7, 7): 0.5854224110226203, (7, 6): 0.5854224110226203, (7, 4): 0.6468607502230955, (7, 3): 0.5854224110226203, (7, 2): 0.5854224110226203, (7, 1): 0.5854224110226203, (8, 11): 0.6468607502230955, (8, 10): 0.5854224110226203, (8, 9): 0.5854224110226203, (8, 8): 0.5854224110226203, (8, 7): 0.5854224110226203, (8, 6): 0.5854224110226203, (8, 5): 0.5854224110226203, (8, 4): 0.5854224110226203, (8, 3): 0.5854224110226203, (8, 2): 0.5854224110226203, (8, 1): 0.5854224110226203, (9, 11): 0.5854224110226203, (9, 10): 0.5854224110226203, (9, 9): 0.5854224110226203, (9, 8): 0.6468607502230955, (9, 7): 0.5854224110226203, (9, 6): 0.5854224110226203, (9, 4): 0.531445596488734, (9, 3): 0.5854224110226203, (9, 2): 0.5854224110226203, (9, 1): 0.5854224110226203, (10, 11): 0.6468607502230955, (10, 10): 0.5854224110226203, (10, 9): 0.5854224110226203, (10, 8): 0.5854224110226203, (10, 7): 0.5854224110226203, (10, 6): 0.5854224110226203, (10, 4): 0.531445596488734, (10, 3): 0.5854224110226203, (10, 2): 0.5854224110226203, (10, 1): 0.5854224110226203, (11, 11): 0.0, (11, 10): 0.5854224110226203, (11, 9): 0.5854224110226203, (11, 8): 0.5854224110226203, (11, 7): 0.5854224110226203, (11, 6): 0.5854224110226203, (11, 4): 0.531445596488734, (11, 3): 0.5854224110226203, (11, 2): 0.5854224110226203, (11, 1): 0.5854224110226203}"
"(<Abstr_type.PI_STAR: 3>, 0.0, 'explicit errors', 2, 0)",6,"{(1, 11): 0.6931441123673183, (1, 10): 0.6821836679684974, (1, 9): 0.6821836679684974, (1, 8): 0.7641164240159883, (1, 7): 0.6931441123673183, (1, 5): 0.7641164240159883, (1, 4): 0.6931441123673183, (1, 3): 0.6931441123673183, (1, 2): 0.6931441123673183, (1, 1): 0.6931441123673183, (2, 11): 0.6821836679684974, (2, 10): 0.6821836679684974, (2, 9): 0.6821836679684974, (2, 8): 0.7641164240159883, (2, 7): 0.6931441123673183, (2, 5): 0.7641164240159883, (2, 4): 0.6931441123673183, (2, 3): 0.6931441123673183, (2, 2): 0.6931441123673183, (2, 1): 0.6931441123673183, (3, 11): 0.6821836679684974, (3, 10): 0.6821836679684974, (3, 9): 0.6821836679684974, (3, 8): 0.7641164240159883, (3, 7): 0.6931441123673183, (3, 6): 0.6931441123673183, (3, 5): 0.6931441123673183, (3, 4): 0.6931441123673183, (3, 3): 0.6931441123673183, (3, 2): 0.6931441123673183, (3, 1): 0.6931441123673183, (4, 11): 0.6821836679684974, (4, 10): 0.6821836679684974, (4, 9): 0.6931441123673183, (4, 8): 0.7641164240159883, (4, 7): 0.6931441123673183, (4, 5): 0.6364866953503485, (4, 4): 0.6931441123673183, (4, 3): 0.7641164240159883, (4, 2): 0.6931441123673183, (4, 1): 0.6931441123673183, (5, 11): 0.6821836679684974, (5, 10): 0.6821836679684974, (5, 9): 0.6821836679684974, (5, 8): 0.7641164240159883, (5, 7): 0.6931441123673183, (5, 5): 0.6821836679684974, (5, 4): 0.6821836679684974, (5, 3): 0.7641164240159883, (5, 2): 0.6931441123673183, (5, 1): 0.6931441123673183, (6, 8): 0.7641164240159883, (6, 3): 0.7641164240159883, (7, 11): 0.7641164240159883, (7, 10): 0.6931441123673183, (7, 9): 0.6931441123673183, (7, 8): 0.6931441123673183, (7, 7): 0.6931441123673183, (7, 6): 0.6931441123673183, (7, 4): 0.7641164240159883, (7, 3): 0.6931441123673183, (7, 2): 0.6931441123673183, (7, 1): 0.6931441123673183, (8, 11): 0.7641164240159883, (8, 10): 0.6931441123673183, (8, 9): 0.6931441123673183, (8, 8): 0.6931441123673183, (8, 7): 0.6931441123673183, (8, 6): 0.6931441123673183, (8, 5): 0.6931441123673183, (8, 4): 0.6931441123673183, (8, 3): 0.6931441123673183, (8, 2): 0.6931441123673183, (8, 1): 0.6931441123673183, (9, 11): 0.6931441123673183, (9, 10): 0.6931441123673183, (9, 9): 0.6931441123673183, (9, 8): 0.7641164240159883, (9, 7): 0.6931441123673183, (9, 6): 0.6931441123673183, (9, 4): 0.6364866953503485, (9, 3): 0.6931441123673183, (9, 2): 0.6931441123673183, (9, 1): 0.6931441123673183, (10, 11): 0.7641164240159883, (10, 10): 0.6931441123673183, (10, 9): 0.6931441123673183, (10, 8): 0.6931441123673183, (10, 7): 0.6931441123673183, (10, 6): 0.6931441123673183, (10, 4): 0.6364866953503485, (10, 3): 0.6931441123673183, (10, 2): 0.6931441123673183, (10, 1): 0.6931441123673183, (11, 11): 0.0, (11, 10): 0.6931441123673183, (11, 9): 0.6931441123673183, (11, 8): 0.6931441123673183, (11, 7): 0.6931441123673183, (11, 6): 0.6931441123673183, (11, 4): 0.6364866953503485, (11, 3): 0.6931441123673183, (11, 2): 0.6931441123673183, (11, 1): 0.6931441123673183}"
"(<Abstr_type.PI_STAR: 3>, 0.0, 'explicit errors', 2, 0)",7,"{(1, 11): 0.6212240342673895, (1, 10): 0.5271686251287199, (1, 9): 0.5271686251287199, (1, 8): 0.725782964349187, (1, 7): 0.6212240342673895, (1, 5): 0.725782964349187, (1, 4): 0.6212240342673895, (1, 3): 0.6212240342673895, (1, 2): 0.6212240342673895, (1, 1): 0.6212240342673895, (2, 11): 0.5271686251287199, (2, 10): 0.5271686251287199, (2, 9): 0.5271686251287199, (2, 8): 0.725782964349187, (2, 7): 0.6212240342673895, (2, 5): 0.725782964349187, (2, 4): 0.6212240342673895, (2, 3): 0.6212240342673895, (2, 2): 0.6212240342673895, (2, 1): 0.6212240342673895, (3, 11): 0.5271686251287199, (3, 10): 0.5271686251287199, (3, 9): 0.5271686251287199, (3, 8): 0.725782964349187, (3, 7): 0.6212240342673895, (3, 6): 0.6212240342673895, (3, 5): 0.6212240342673895, (3, 4): 0.6212240342673895, (3, 3): 0.6212240342673895, (3, 2): 0.6212240342673895, (3, 1): 0.6212240342673895, (4, 11): 0.5271686251287199, (4, 10): 0.5271686251287199, (4, 9): 0.6212240342673895, (4, 8): 0.725782964349187, (4, 7): 0.6212240342673895, (4, 5): 0.39197964124994494, (4, 4): 0.6212240342673895, (4, 3): 0.725782964349187, (4, 2): 0.6212240342673895, (4, 1): 0.6212240342673895, (5, 11): 0.5271686251287199, (5, 10): 0.5271686251287199, (5, 9): 0.5271686251287199, (5, 8): 0.725782964349187, (5, 7): 0.6212240342673895, (5, 5): 0.5271686251287199, (5, 4): 0.5271686251287199, (5, 3): 0.725782964349187, (5, 2): 0.6212240342673895, (5, 1): 0.6212240342673895, (6, 8): 0.725782964349187, (6, 3): 0.725782964349187, (7, 11): 0.725782964349187, (7, 10): 0.6212240342673895, (7, 9): 0.6212240342673895, (7, 8): 0.6212240342673895, (7, 7): 0.6212240342673895, (7, 6): 0.6212240342673895, (7, 4): 0.725782964349187, (7, 3): 0.6212240342673895, (7, 2): 0.6212240342673895, (7, 1): 0.6212240342673895, (8, 11): 0.725782964349187, (8, 10): 0.6212240342673895, (8, 9): 0.6212240342673895, (8, 8): 0.6212240342673895, (8, 7): 0.6212240342673895, (8, 6): 0.6212240342673895, (8, 5): 0.6212240342673895, (8, 4): 0.6212240342673895, (8, 3): 0.6212240342673895, (8, 2): 0.6212240342673895, (8, 1): 0.6212240342673895, (9, 11): 0.6212240342673895, (9, 10): 0.6212240342673895, (9, 9): 0.6212240342673895, (9, 8): 0.725782964349187, (9, 7): 0.6212240342673895, (9, 6): 0.6212240342673895, (9, 4): 0.39197964124994494, (9, 3): 0.6212240342673895, (9, 2): 0.6212240342673895, (9, 1): 0.6212240342673895, (10, 11): 0.725782964349187, (10, 10): 0.6212240342673895, (10, 9): 0.6212240342673895, (10, 8): 0.6212240342673895, (10, 7): 0.6212240342673895, (10, 6): 0.6212240342673895, (10, 4): 0.39197964124994494, (10, 3): 0.6212240342673895, (10, 2): 0.6212240342673895, (10, 1): 0.6212240342673895, (11, 11): 0.0, (11, 10): 0.6212240342673895, (11, 9): 0.6212240342673895, (11, 8): 0.6212240342673895, (11, 7): 0.6212240342673895, (11, 6): 0.6212240342673895, (11, 4): 0.39197964124994494, (11, 3): 0.6212240342673895, (11, 2): 0.6212240342673895, (11, 1): 0.6212240342673895}"
"(<Abstr_type.PI_STAR: 3>, 0.0, 'explicit errors', 2, 0)",8,"{(1, 11): 0.6496815783969856, (1, 10): 0.6847944072042764, (1, 9): 0.6847944072042764, (1, 8): 0.7143810781661817, (1, 7): 0.6496815783969856, (1, 5): 0.7143810781661817, (1, 4): 0.6496815783969856, (1, 3): 0.6496815783969856, (1, 2): 0.6496815783969856, (1, 1): 0.6496815783969856, (2, 11): 0.6847944072042764, (2, 10): 0.6847944072042764, (2, 9): 0.6847944072042764, (2, 8): 0.7143810781661817, (2, 7): 0.6496815783969856, (2, 5): 0.7143810781661817, (2, 4): 0.6496815783969856, (2, 3): 0.6496815783969856, (2, 2): 0.6496815783969856, (2, 1): 0.6496815783969856, (3, 11): 0.6847944072042764, (3, 10): 0.6847944072042764, (3, 9): 0.6847944072042764, (3, 8): 0.7143810781661817, (3, 7): 0.6496815783969856, (3, 6): 0.6496815783969856, (3, 5): 0.6496815783969856, (3, 4): 0.6496815783969856, (3, 3): 0.6496815783969856, (3, 2): 0.6496815783969856, (3, 1): 0.6496815783969856, (4, 11): 0.6847944072042764, (4, 10): 0.6847944072042764, (4, 9): 0.6496815783969856, (4, 8): 0.7143810781661817, (4, 7): 0.6496815783969856, (4, 5): 0.6767769116595762, (4, 4): 0.6496815783969856, (4, 3): 0.7143810781661817, (4, 2): 0.6496815783969856, (4, 1): 0.6496815783969856, (5, 11): 0.6847944072042764, (5, 10): 0.6847944072042764, (5, 9): 0.6847944072042764, (5, 8): 0.7143810781661817, (5, 7): 0.6496815783969856, (5, 5): 0.6847944072042764, (5, 4): 0.6847944072042764, (5, 3): 0.7143810781661817, (5, 2): 0.6496815783969856, (5, 1): 0.6496815783969856, (6, 8): 0.7143810781661817, (6, 3): 0.7143810781661817, (7, 11): 0.7143810781661817, (7, 10): 0.6496815783969856, (7, 9): 0.6496815783969856, (7, 8): 0.6496815783969856, (7, 7): 0.6496815783969856, (7, 6): 0.6496815783969856, (7, 4): 0.7143810781661817, (7, 3): 0.6496815783969856, (7, 2): 0.6496815783969856, (7, 1): 0.6496815783969856, (8, 11): 0.7143810781661817, (8, 10): 0.6496815783969856, (8, 9): 0.6496815783969856, (8, 8): 0.6496815783969856, (8, 7): 0.6496815783969856, (8, 6): 0.6496815783969856, (8, 5): 0.6496815783969856, (8, 4): 0.6496815783969856, (8, 3): 0.6496815783969856, (8, 2): 0.6496815783969856, (8, 1): 0.6496815783969856, (9, 11): 0.6496815783969856, (9, 10): 0.6496815783969856, (9, 9): 0.6496815783969856, (9, 8): 0.7143810781661817, (9, 7): 0.6496815783969856, (9, 6): 0.6496815783969856, (9, 4): 0.6767769116595762, (9, 3): 0.6496815783969856, (9, 2): 0.6496815783969856, (9, 1): 0.6496815783969856, (10, 11): 0.7143810781661817, (10, 10): 0.6496815783969856, (10, 9): 0.6496815783969856, (10, 8): 0.6496815783969856, (10, 7): 0.6496815783969856, (10, 6): 0.6496815783969856, (10, 4): 0.6767769116595762, (10, 3): 0.6496815783969856, (10, 2): 0.6496815783969856, (10, 1): 0.6496815783969856, (11, 11): 0.0, (11, 10): 0.6496815783969856, (11, 9): 0.6496815783969856, (11, 8): 0.6496815783969856, (11, 7): 0.6496815783969856, (11, 6): 0.6496815783969856, (11, 4): 0.6767769116595762, (11, 3): 0.6496815783969856, (11, 2): 0.6496815783969856, (11, 1): 0.6496815783969856}"
"(<Abstr_type.PI_STAR: 3>, 0.0, 'explicit errors', 2, 0)",9,"{(1, 11): 0.791744109102482, (1, 10): 0.7479106602802985, (1, 9): 0.7479106602802985, (1, 8): 0.8354807449531634, (1, 7): 0.791744109102482, (1, 5): 0.8354807449531634, (1, 4): 0.791744109102482, (1, 3): 0.791744109102482, (1, 2): 0.791744109102482, (1, 1): 0.791744109102482, (2, 11): 0.7479106602802985, (2, 10): 0.7479106602802985, (2, 9): 0.7479106602802985, (2, 8): 0.8354807449531634, (2, 7): 0.791744109102482, (2, 5): 0.8354807449531634, (2, 4): 0.791744109102482, (2, 3): 0.791744109102482, (2, 2): 0.791744109102482, (2, 1): 0.791744109102482, (3, 11): 0.7479106602802985, (3, 10): 0.7479106602802985, (3, 9): 0.7479106602802985, (3, 8): 0.8354807449531634, (3, 7): 0.791744109102482, (3, 6): 0.791744109102482, (3, 5): 0.791744109102482, (3, 4): 0.791744109102482, (3, 3): 0.791744109102482, (3, 2): 0.791744109102482, (3, 1): 0.791744109102482, (4, 11): 0.7479106602802985, (4, 10): 0.7479106602802985, (4, 9): 0.791744109102482, (4, 8): 0.8354807449531634, (4, 7): 0.791744109102482, (4, 5): 0.6267742212632751, (4, 4): 0.791744109102482, (4, 3): 0.8354807449531634, (4, 2): 0.791744109102482, (4, 1): 0.791744109102482, (5, 11): 0.7479106602802985, (5, 10): 0.7479106602802985, (5, 9): 0.7479106602802985, (5, 8): 0.8354807449531634, (5, 7): 0.791744109102482, (5, 5): 0.7479106602802985, (5, 4): 0.7479106602802985, (5, 3): 0.8354807449531634, (5, 2): 0.791744109102482, (5, 1): 0.791744109102482, (6, 8): 0.8354807449531634, (6, 3): 0.8354807449531634, (7, 11): 0.8354807449531634, (7, 10): 0.791744109102482, (7, 9): 0.791744109102482, (7, 8): 0.791744109102482, (7, 7): 0.791744109102482, (7, 6): 0.791744109102482, (7, 4): 0.8354807449531634, (7, 3): 0.791744109102482, (7, 2): 0.791744109102482, (7, 1): 0.791744109102482, (8, 11): 0.8354807449531634, (8, 10): 0.791744109102482, (8, 9): 0.791744109102482, (8, 8): 0.791744109102482, (8, 7): 0.791744109102482, (8, 6): 0.791744109102482, (8, 5): 0.791744109102482, (8, 4): 0.791744109102482, (8, 3): 0.791744109102482, (8, 2): 0.791744109102482, (8, 1): 0.791744109102482, (9, 11): 0.791744109102482, (9, 10): 0.791744109102482, (9, 9): 0.791744109102482, (9, 8): 0.8354807449531634, (9, 7): 0.791744109102482, (9, 6): 0.791744109102482, (9, 4): 0.6267742212632751, (9, 3): 0.791744109102482, (9, 2): 0.791744109102482, (9, 1): 0.791744109102482, (10, 11): 0.8354807449531634, (10, 10): 0.791744109102482, (10, 9): 0.791744109102482, (10, 8): 0.791744109102482, (10, 7): 0.791744109102482, (10, 6): 0.791744109102482, (10, 4): 0.6267742212632751, (10, 3): 0.791744109102482, (10, 2): 0.791744109102482, (10, 1): 0.791744109102482, (11, 11): 0.0, (11, 10): 0.791744109102482, (11, 9): 0.791744109102482, (11, 8): 0.791744109102482, (11, 7): 0.791744109102482, (11, 6): 0.791744109102482, (11, 4): 0.6267742212632751, (11, 3): 0.791744109102482, (11, 2): 0.791744109102482, (11, 1): 0.791744109102482}"
