"(<Abstr_type.A_STAR: 2>, 0.0, <Corr_type.UNI_RAND: 1>, 0.1, 0)",0,"{(1, 11): 0.18291818682069738, (1, 10): 0.2603232035882606, (1, 9): 0.32896366082192147, (1, 8): 0.33648078054956476, (1, 7): 0.4334654117780963, (1, 5): 0.2815083939401282, (1, 4): 0.3052893006637275, (1, 3): 0.26166080510120765, (1, 2): 0.1807957774035313, (1, 1): 0.071124893448613, (2, 11): 0.2603232035882606, (2, 10): 0.32896366082192147, (2, 9): 0.3000077881967846, (2, 8): 0.3333837212469627, (2, 7): 0.36934584962556094, (2, 5): 0.34735247337142006, (2, 4): 0.33133819172398243, (2, 3): 0.3052893006637275, (2, 2): 0.26166080510120765, (2, 1): 0.1807957774035313, (3, 11): 0.32896366082192147, (3, 10): 0.3000077881967846, (3, 9): 0.2695072651625756, (3, 8): 0.32739339251080074, (3, 7): 0.32896366082192147, (3, 6): 0.36934584962556094, (3, 5): 0.4334654117780963, (3, 4): 0.33648078054956476, (3, 3): 0.33133819172398243, (3, 2): 0.3052893006637275, (3, 1): 0.26166080510120765, (4, 11): 0.3000077881967846, (4, 10): 0.2695072651625756, (4, 9): 0.12252097587328328, (4, 8): 0.16846870442361386, (4, 7): 0.2753307451724008, (4, 5): 0.30192680791300325, (4, 4): 0.31034792655897503, (4, 3): 0.34735247337142006, (4, 2): 0.33133819172398243, (4, 1): 0.3052893006637275, (5, 11): 0.2695072651625756, (5, 10): 0.12252097587328328, (5, 9): 0.27205205762716295, (5, 8): 0.36856429889824044, (5, 7): 0.3381367053322045, (5, 5): 0.18291818682069738, (5, 4): 0.30192680791300325, (5, 3): 0.31034792655897503, (5, 2): 0.33648078054956476, (5, 1): 0.33133819172398243, (6, 8): 0.7007776701499565, (6, 3): 0.32885645585533924, (7, 11): 0.7232936668037784, (7, 10): 0.7244307651424018, (7, 9): 0.7448828519058541, (7, 8): 0.7408554949074341, (7, 7): 0.7413384542882995, (7, 6): 0.5613303911897198, (7, 4): 0.32739339251080074, (7, 3): 0.3369813085502817, (7, 2): 0.36934584962556094, (7, 1): 0.4334654117780963, (8, 11): 0.8409742431544174, (8, 10): 0.4334654117780963, (8, 9): 0.7244307651424018, (8, 8): 0.7448828519058541, (8, 7): 0.7408554949074341, (8, 6): 0.7413384542882995, (8, 5): 0.4334654117780963, (8, 4): 0.3381367053322045, (8, 3): 0.36856429889824044, (8, 2): 0.3369813085502817, (8, 1): 0.36934584962556094, (9, 11): 0.87273960362322, (9, 10): 0.9305166022934126, (9, 9): 0.888097986652269, (9, 8): 0.7244307651424018, (9, 7): 0.7448828519058541, (9, 6): 0.7408554949074341, (9, 4): 0.3306986659492412, (9, 3): 0.3369813085502817, (9, 2): 0.36934584962556094, (9, 1): 0.4334654117780963, (10, 11): 0.36856429889824044, (10, 10): 0.9685019447225222, (10, 9): 0.9305166022934126, (10, 8): 0.888097986652269, (10, 7): 0.7244307651424018, (10, 6): 0.7448828519058541, (10, 4): 0.3330989587100137, (10, 3): 0.36934584962556094, (10, 2): 0.4334654117780963, (10, 1): 0.33648078054956476, (11, 11): 0.0, (11, 10): 0.9999999999999993, (11, 9): 0.9685019447225222, (11, 8): 0.9305166022934126, (11, 7): 0.888097986652269, (11, 6): 0.7244307651424018, (11, 4): 0.32507590217981924, (11, 3): 0.36934584962556094, (11, 2): 0.33648078054956476, (11, 1): 0.33133819172398243}"
"(<Abstr_type.A_STAR: 2>, 0.0, <Corr_type.UNI_RAND: 1>, 0.1, 0)",1,"{(1, 11): 0.3025096422525918, (1, 10): 0.41383112842478864, (1, 9): 0.512967705273983, (1, 8): 0.5246054564531475, (1, 7): 0.564684433285001, (1, 5): 0.3995099252029989, (1, 4): 0.45543858027942824, (1, 3): 0.3730990532924106, (1, 2): 0.22960519194648932, (1, 1): 0.07873470572740371, (2, 11): 0.41383112842478864, (2, 10): 0.512967705273983, (2, 9): 0.4989999456581809, (2, 8): 0.6083916235651907, (2, 7): 0.535226604156611, (2, 5): 0.5157267408059273, (2, 4): 0.5102415306386165, (2, 3): 0.45543858027942824, (2, 2): 0.3730990532924106, (2, 1): 0.22960519194648932, (3, 11): 0.512967705273983, (3, 10): 0.4989999456581809, (3, 9): 0.33337129798954235, (3, 8): 0.7110877599119498, (3, 7): 0.512967705273983, (3, 6): 0.535226604156611, (3, 5): 0.564684433285001, (3, 4): 0.5246054564531475, (3, 3): 0.5102415306386165, (3, 2): 0.45543858027942824, (3, 1): 0.3730990532924106, (4, 11): 0.4989999456581809, (4, 10): 0.33337129798954235, (4, 9): 0.41990258079969844, (4, 8): 0.8885945189194281, (4, 7): 0.31595755992792113, (4, 5): 0.5101157004269232, (4, 4): 0.5445004078951619, (4, 3): 0.5157267408059273, (4, 2): 0.5102415306386165, (4, 1): 0.45543858027942824, (5, 11): 0.33337129798954235, (5, 10): 0.41990258079969844, (5, 9): 0.5921459483519314, (5, 8): 0.9210675003042764, (5, 7): 0.5981236301274524, (5, 5): 0.3025096422525918, (5, 4): 0.5101157004269232, (5, 3): 0.5445004078951619, (5, 2): 0.5246054564531475, (5, 1): 0.5102415306386165, (6, 8): 0.8578876678880064, (6, 3): 0.5933496609058658, (7, 11): 0.48505177170314073, (7, 10): 0.8784197386626084, (7, 9): 0.8674914004307755, (7, 8): 0.8673381174181456, (7, 7): 0.8645716272199244, (7, 6): 0.6306859991099185, (7, 4): 0.7110877599119498, (7, 3): 0.6307116416683871, (7, 2): 0.535226604156611, (7, 1): 0.564684433285001, (8, 11): 0.8471702165633519, (8, 10): 0.564684433285001, (8, 9): 0.8784197386626084, (8, 8): 0.8674914004307755, (8, 7): 0.8673381174181456, (8, 6): 0.8645716272199244, (8, 5): 0.564684433285001, (8, 4): 0.5981236301274524, (8, 3): 0.9210675003042764, (8, 2): 0.6307116416683871, (8, 1): 0.535226604156611, (9, 11): 0.8953864358863236, (9, 10): 0.9075654509080715, (9, 9): 0.9010192523257263, (9, 8): 0.8784197386626084, (9, 7): 0.8674914004307755, (9, 6): 0.8673381174181456, (9, 4): 0.5374778220573291, (9, 3): 0.6307116416683871, (9, 2): 0.535226604156611, (9, 1): 0.564684433285001, (10, 11): 0.9210675003042764, (10, 10): 0.9468865121109726, (10, 9): 0.9075654509080715, (10, 8): 0.9010192523257263, (10, 7): 0.8784197386626084, (10, 6): 0.8674914004307755, (10, 4): 0.4471061122331748, (10, 3): 0.535226604156611, (10, 2): 0.564684433285001, (10, 1): 0.5246054564531475, (11, 11): 0.0, (11, 10): 0.9999999999999993, (11, 9): 0.9468865121109726, (11, 8): 0.9075654509080715, (11, 7): 0.9010192523257263, (11, 6): 0.8784197386626084, (11, 4): 0.41027511809429346, (11, 3): 0.535226604156611, (11, 2): 0.5246054564531475, (11, 1): 0.5102415306386165}"
"(<Abstr_type.A_STAR: 2>, 0.0, <Corr_type.UNI_RAND: 1>, 0.1, 0)",2,"{(1, 11): 0.4510055920904113, (1, 10): 0.6086667459203277, (1, 9): 0.8189907015779614, (1, 8): 0.7616510805231584, (1, 7): 0.8389607058498848, (1, 5): 0.678830798249485, (1, 4): 0.6791386820689876, (1, 3): 0.5553581026561902, (1, 2): 0.37710743297004523, (1, 1): 0.1336878196857552, (2, 11): 0.6086667459203277, (2, 10): 0.8189907015779614, (2, 9): 0.8198740086011549, (2, 8): 0.8687147780727608, (2, 7): 0.8242537919071676, (2, 5): 0.7550466552250202, (2, 4): 0.7434088294204937, (2, 3): 0.6791386820689876, (2, 2): 0.5553581026561902, (2, 1): 0.37710743297004523, (3, 11): 0.8189907015779614, (3, 10): 0.8198740086011549, (3, 9): 0.8168978632623956, (3, 8): 0.8942624155121833, (3, 7): 0.8189907015779614, (3, 6): 0.8242537919071676, (3, 5): 0.8389607058498848, (3, 4): 0.7616510805231584, (3, 3): 0.7434088294204937, (3, 2): 0.6791386820689876, (3, 1): 0.5553581026561902, (4, 11): 0.8198740086011549, (4, 10): 0.8168978632623956, (4, 9): 0.835102574150818, (4, 8): 0.9071157306148403, (4, 7): 0.8464759329173694, (4, 5): 0.6561496894119824, (4, 4): 0.6640649817850225, (4, 3): 0.7550466552250202, (4, 2): 0.7434088294204937, (4, 1): 0.6791386820689876, (5, 11): 0.8168978632623956, (5, 10): 0.835102574150818, (5, 9): 0.8282709371255471, (5, 8): 0.9223416659698763, (5, 7): 0.8566784578287818, (5, 5): 0.4510055920904113, (5, 4): 0.6561496894119824, (5, 3): 0.6640649817850225, (5, 2): 0.7616510805231584, (5, 1): 0.7434088294204937, (6, 8): 0.8586213504934729, (6, 3): 0.8106910848560791, (7, 11): 0.6509889500035779, (7, 10): 0.8850877872694496, (7, 9): 0.8765026541341991, (7, 8): 0.8680921103740643, (7, 7): 0.8583905568604081, (7, 6): 0.59352316056565, (7, 4): 0.8942624155121833, (7, 3): 0.839266269693829, (7, 2): 0.8242537919071676, (7, 1): 0.8389607058498848, (8, 11): 0.8829016042582012, (8, 10): 0.8389607058498848, (8, 9): 0.8850877872694496, (8, 8): 0.8765026541341991, (8, 7): 0.8680921103740643, (8, 6): 0.8583905568604081, (8, 5): 0.8389607058498848, (8, 4): 0.8566784578287818, (8, 3): 0.9223416659698763, (8, 2): 0.839266269693829, (8, 1): 0.8242537919071676, (9, 11): 0.8932685633913877, (9, 10): 0.9163469783962956, (9, 9): 0.9048101355540806, (9, 8): 0.8850877872694496, (9, 7): 0.8765026541341991, (9, 6): 0.8680921103740643, (9, 4): 0.8469025805584794, (9, 3): 0.839266269693829, (9, 2): 0.8242537919071676, (9, 1): 0.8389607058498848, (10, 11): 0.9223416659698763, (10, 10): 0.9537889876880925, (10, 9): 0.9163469783962956, (10, 8): 0.9048101355540806, (10, 7): 0.8850877872694496, (10, 6): 0.8765026541341991, (10, 4): 0.8373409625752604, (10, 3): 0.8242537919071676, (10, 2): 0.8389607058498848, (10, 1): 0.7616510805231584, (11, 11): 0.0, (11, 10): 0.9999999999999994, (11, 9): 0.9537889876880925, (11, 8): 0.9163469783962956, (11, 7): 0.9048101355540806, (11, 6): 0.8850877872694496, (11, 4): 0.7697620727692741, (11, 3): 0.8242537919071676, (11, 2): 0.7616510805231584, (11, 1): 0.7434088294204937}"
"(<Abstr_type.A_STAR: 2>, 0.0, <Corr_type.UNI_RAND: 1>, 0.1, 0)",3,"{(1, 11): 0.2609132256282293, (1, 10): 0.6303327265273877, (1, 9): 0.7145019730726524, (1, 8): 0.6060620126767121, (1, 7): 0.7669687722540245, (1, 5): 0.3196578258658492, (1, 4): 0.5646178743615885, (1, 3): 0.5058899003638699, (1, 2): 0.3780905633934755, (1, 1): 0.161111051709727, (2, 11): 0.6303327265273877, (2, 10): 0.7145019730726524, (2, 9): 0.7145378687145991, (2, 8): 0.6151650884494705, (2, 7): 0.6203631161007224, (2, 5): 0.6480046096591922, (2, 4): 0.6133475940300371, (2, 3): 0.5646178743615885, (2, 2): 0.5058899003638699, (2, 1): 0.3780905633934755, (3, 11): 0.7145019730726524, (3, 10): 0.7145378687145991, (3, 9): 0.6978942313145028, (3, 8): 0.7539980444582065, (3, 7): 0.7145019730726524, (3, 6): 0.6203631161007224, (3, 5): 0.7669687722540245, (3, 4): 0.6060620126767121, (3, 3): 0.6133475940300371, (3, 2): 0.5646178743615885, (3, 1): 0.5058899003638699, (4, 11): 0.7145378687145991, (4, 10): 0.6978942313145028, (4, 9): 0.7858981958466377, (4, 8): 0.9118937162671815, (4, 7): 0.8883155414210401, (4, 5): 0.5855266862369344, (4, 4): 0.5772785596640261, (4, 3): 0.6480046096591922, (4, 2): 0.6133475940300371, (4, 1): 0.5646178743615885, (5, 11): 0.6978942313145028, (5, 10): 0.7858981958466377, (5, 9): 0.7707460859803593, (5, 8): 0.9162997522213132, (5, 7): 0.7184922292452212, (5, 5): 0.2609132256282293, (5, 4): 0.5855266862369344, (5, 3): 0.5772785596640261, (5, 2): 0.6060620126767121, (5, 1): 0.6133475940300371, (6, 8): 0.8367264813708168, (6, 3): 0.6624651072841163, (7, 11): 0.8321448099009628, (7, 10): 0.8738201934597487, (7, 9): 0.8577333037188745, (7, 8): 0.8455938146256818, (7, 7): 0.8350757846119586, (7, 6): 0.6153689700349628, (7, 4): 0.7539980444582065, (7, 3): 0.6982973265691826, (7, 2): 0.6203631161007224, (7, 1): 0.7669687722540245, (8, 11): 0.8694851778556472, (8, 10): 0.7669687722540245, (8, 9): 0.8738201934597487, (8, 8): 0.8577333037188745, (8, 7): 0.8455938146256818, (8, 6): 0.8350757846119586, (8, 5): 0.7669687722540245, (8, 4): 0.7184922292452212, (8, 3): 0.9162997522213132, (8, 2): 0.6982973265691826, (8, 1): 0.6203631161007224, (9, 11): 0.8849787289759244, (9, 10): 0.8948404802295385, (9, 9): 0.8877426609458496, (9, 8): 0.8738201934597487, (9, 7): 0.8577333037188745, (9, 6): 0.8455938146256818, (9, 4): 0.6601304890033814, (9, 3): 0.6982973265691826, (9, 2): 0.6203631161007224, (9, 1): 0.7669687722540245, (10, 11): 0.9162997522213132, (10, 10): 0.9538986807881792, (10, 9): 0.8948404802295385, (10, 8): 0.8877426609458496, (10, 7): 0.8738201934597487, (10, 6): 0.8577333037188745, (10, 4): 0.4999747093089809, (10, 3): 0.6203631161007224, (10, 2): 0.7669687722540245, (10, 1): 0.6060620126767121, (11, 11): 0.0, (11, 10): 0.9999999999999994, (11, 9): 0.9538986807881792, (11, 8): 0.8948404802295385, (11, 7): 0.8877426609458496, (11, 6): 0.8738201934597487, (11, 4): 0.6127348235727319, (11, 3): 0.6203631161007224, (11, 2): 0.6060620126767121, (11, 1): 0.6133475940300371}"
"(<Abstr_type.A_STAR: 2>, 0.0, <Corr_type.UNI_RAND: 1>, 0.1, 0)",4,"{(1, 11): 0.40187753543985955, (1, 10): 0.4655960820729705, (1, 9): 0.5011585488780433, (1, 8): 0.49054299172852966, (1, 7): 0.48329765958147386, (1, 5): 0.21579437683708502, (1, 4): 0.4313473505788124, (1, 3): 0.3575337791798342, (1, 2): 0.19882001216028017, (1, 1): 0.04892122176548729, (2, 11): 0.4655960820729705, (2, 10): 0.5011585488780433, (2, 9): 0.4658916968612882, (2, 8): 0.47029520213936693, (2, 7): 0.47485448241800293, (2, 5): 0.4714998748530345, (2, 4): 0.45767502021265755, (2, 3): 0.4313473505788124, (2, 2): 0.3575337791798342, (2, 1): 0.19882001216028017, (3, 11): 0.5011585488780433, (3, 10): 0.4658916968612882, (3, 9): 0.466655322153349, (3, 8): 0.4948239319482529, (3, 7): 0.5011585488780433, (3, 6): 0.47485448241800293, (3, 5): 0.48329765958147386, (3, 4): 0.49054299172852966, (3, 3): 0.45767502021265755, (3, 2): 0.4313473505788124, (3, 1): 0.3575337791798342, (4, 11): 0.4658916968612882, (4, 10): 0.466655322153349, (4, 9): 0.5286027930597706, (4, 8): 0.5487120099372147, (4, 7): 0.5889742076904843, (4, 5): 0.4760336348215956, (4, 4): 0.46656214018745773, (4, 3): 0.4714998748530345, (4, 2): 0.45767502021265755, (4, 1): 0.4313473505788124, (5, 11): 0.466655322153349, (5, 10): 0.5286027930597706, (5, 9): 0.4829956329176566, (5, 8): 0.5756334207623427, (5, 7): 0.5281957988987993, (5, 5): 0.40187753543985955, (5, 4): 0.4760336348215956, (5, 3): 0.46656214018745773, (5, 2): 0.49054299172852966, (5, 1): 0.45767502021265755, (6, 8): 0.6647729799379973, (6, 3): 0.5029310919800293, (7, 11): 0.6864841106013382, (7, 10): 0.7955008108145913, (7, 9): 0.7172631721986171, (7, 8): 0.6825358511080879, (7, 7): 0.6650575675945851, (7, 6): 0.36369427166365836, (7, 4): 0.4948239319482529, (7, 3): 0.5054585037306586, (7, 2): 0.47485448241800293, (7, 1): 0.48329765958147386, (8, 11): 0.6695060236216875, (8, 10): 0.48329765958147386, (8, 9): 0.7955008108145913, (8, 8): 0.7172631721986171, (8, 7): 0.6825358511080879, (8, 6): 0.6650575675945851, (8, 5): 0.48329765958147386, (8, 4): 0.5281957988987993, (8, 3): 0.5756334207623427, (8, 2): 0.5054585037306586, (8, 1): 0.47485448241800293, (9, 11): 0.8643925889394579, (9, 10): 0.9077449172618975, (9, 9): 0.8799064359012956, (9, 8): 0.7955008108145913, (9, 7): 0.7172631721986171, (9, 6): 0.6825358511080879, (9, 4): 0.4831752063528241, (9, 3): 0.5054585037306586, (9, 2): 0.47485448241800293, (9, 1): 0.48329765958147386, (10, 11): 0.5756334207623427, (10, 10): 0.9380305135359965, (10, 9): 0.9077449172618975, (10, 8): 0.8799064359012956, (10, 7): 0.7955008108145913, (10, 6): 0.7172631721986171, (10, 4): 0.45920622441005643, (10, 3): 0.47485448241800293, (10, 2): 0.48329765958147386, (10, 1): 0.49054299172852966, (11, 11): 0.0, (11, 10): 0.9999999999999993, (11, 9): 0.9380305135359965, (11, 8): 0.9077449172618975, (11, 7): 0.8799064359012956, (11, 6): 0.7955008108145913, (11, 4): 0.4618991224755228, (11, 3): 0.47485448241800293, (11, 2): 0.49054299172852966, (11, 1): 0.45767502021265755}"
"(<Abstr_type.A_STAR: 2>, 0.0, <Corr_type.UNI_RAND: 1>, 0.1, 1)",0,"{(1, 11): 0.39130935233871966, (1, 10): 0.2061629758899565, (1, 9): 0.4266225192705975, (1, 8): 0.4781262028104726, (1, 7): 0.3300198687880431, (1, 5): 0.3039381387890399, (1, 4): 0.3004660070301418, (1, 3): 0.3004660070301418, (1, 2): 0.33097953892339127, (1, 1): 0.24397634292479778, (2, 11): 0.2061629758899565, (2, 10): 0.4266225192705975, (2, 9): 0.5778783664358934, (2, 8): 0.5234235560794722, (2, 7): 0.3300198687880431, (2, 5): 0.30764394457341104, (2, 4): 0.29993386437964875, (2, 3): 0.3004660070301418, (2, 2): 0.45528030320040563, (2, 1): 0.33097953892339127, (3, 11): 0.4266225192705975, (3, 10): 0.5778783664358934, (3, 9): 0.57683280938954, (3, 8): 0.5586051227559998, (3, 7): 0.3568019246890665, (3, 6): 0.3300198687880431, (3, 5): 0.3260274505349803, (3, 4): 0.3085030883810991, (3, 3): 0.29993386437964875, (3, 2): 0.39130935233871966, (3, 1): 0.45528030320040563, (4, 11): 0.5778783664358934, (4, 10): 0.57683280938954, (4, 9): 0.6200790570376107, (4, 8): 0.598676485134041, (4, 7): 0.4055005794178912, (4, 5): 0.24641138618761818, (4, 4): 0.29993386437964875, (4, 3): 0.30764394457341104, (4, 2): 0.29993386437964875, (4, 1): 0.3004660070301418, (5, 11): 0.57683280938954, (5, 10): 0.5631510618229123, (5, 9): 0.39991645791178576, (5, 8): 0.45528030320040563, (5, 7): 0.44301262033298894, (5, 5): 0.39130935233871966, (5, 4): 0.2061629758899565, (5, 3): 0.30297331800574806, (5, 2): 0.3085030883810991, (5, 1): 0.29993386437964875, (6, 8): 0.5512456752175826, (6, 3): 0.4781262028104726, (7, 11): 0.6815069508275902, (7, 10): 0.6200790570376107, (7, 9): 0.6003999637591088, (7, 8): 0.5919458215481418, (7, 7): 0.6815069508275902, (7, 6): 0.5106154688777864, (7, 4): 0.5586051227559998, (7, 3): 0.6200790570376107, (7, 2): 0.3300198687880431, (7, 1): 0.3260274505349803, (8, 11): 0.9810313230586044, (8, 10): 0.8635520763707313, (8, 9): 0.6200790570376107, (8, 8): 0.6003999637591088, (8, 7): 0.5919458215481418, (8, 6): 0.5425523114793638, (8, 5): 0.5106154688777864, (8, 4): 0.44301262033298894, (8, 3): 0.4055005794178912, (8, 2): 0.3568019246890665, (8, 1): 0.3300198687880431, (9, 11): 0.9904609072890271, (9, 10): 0.9804341521930828, (9, 9): 0.8635520763707313, (9, 8): 0.6200790570376107, (9, 7): 0.6003999637591088, (9, 6): 0.5919458215481418, (9, 4): 0.2578230982813478, (9, 3): 0.3568019246890665, (9, 2): 0.3300198687880431, (9, 1): 0.3260274505349803, (10, 11): 0.9904609072890271, (10, 10): 0.9895546796862559, (10, 9): 0.8037999349153225, (10, 8): 0.8635520763707313, (10, 7): 0.6200790570376107, (10, 6): 0.6003999637591088, (10, 4): 0.31085585061710663, (10, 3): 0.3300198687880431, (10, 2): 0.3260274505349803, (10, 1): 0.8037999349153225, (11, 11): 0.0, (11, 10): 0.9999999932135224, (11, 9): 0.9895546796862559, (11, 8): 0.9804341521930828, (11, 7): 0.8635520763707313, (11, 6): 0.6200790570376107, (11, 4): 0.316013268461116, (11, 3): 0.3260274505349803, (11, 2): 0.3085030883810991, (11, 1): 0.29993386437964875}"
"(<Abstr_type.A_STAR: 2>, 0.0, <Corr_type.UNI_RAND: 1>, 0.1, 1)",1,"{(1, 11): 0.2911824848861463, (1, 10): 0.3363466992763221, (1, 9): 0.5146578806678992, (1, 8): 0.5785640264688009, (1, 7): 0.577443998899977, (1, 5): 0.08819791967664152, (1, 4): 0.2942073468637604, (1, 3): 0.2942073468637604, (1, 2): 0.33763472720663434, (1, 1): 0.11902396660520706, (2, 11): 0.3363466992763221, (2, 10): 0.5146578806678992, (2, 9): 0.5773913636591775, (2, 8): 0.5737290405406201, (2, 7): 0.577443998899977, (2, 5): 0.481762612556465, (2, 4): 0.42087310626777924, (2, 3): 0.2942073468637604, (2, 2): 0.5029116272565906, (2, 1): 0.33763472720663434, (3, 11): 0.5146578806678992, (3, 10): 0.5773913636591775, (3, 9): 0.580210139784587, (3, 8): 0.5815807940502321, (3, 7): 0.5694773413396237, (3, 6): 0.577443998899977, (3, 5): 0.5339921202998069, (3, 4): 0.4563752279896486, (3, 3): 0.42087310626777924, (3, 2): 0.2911824848861463, (3, 1): 0.5029116272565906, (4, 11): 0.5773913636591775, (4, 10): 0.580210139784587, (4, 9): 0.5975338509020749, (4, 8): 0.5927349737127795, (4, 7): 0.5846403211258219, (4, 5): 0.2825978597782781, (4, 4): 0.42087310626777924, (4, 3): 0.481762612556465, (4, 2): 0.42087310626777924, (4, 1): 0.2942073468637604, (5, 11): 0.580210139784587, (5, 10): 0.5885600002903194, (5, 9): 0.5903291240230868, (5, 8): 0.5029116272565906, (5, 7): 0.5639058753932947, (5, 5): 0.2911824848861463, (5, 4): 0.3363466992763221, (5, 3): 0.5618802603682852, (5, 2): 0.4563752279896486, (5, 1): 0.42087310626777924, (6, 8): 0.600818430470408, (6, 3): 0.5785640264688009, (7, 11): 0.8180614570700395, (7, 10): 0.5975338509020749, (7, 9): 0.5919384097231032, (7, 8): 0.6000100707208647, (7, 7): 0.8180614570700395, (7, 6): 0.594609923063968, (7, 4): 0.5815807940502321, (7, 3): 0.5975338509020749, (7, 2): 0.577443998899977, (7, 1): 0.5339921202998069, (8, 11): 0.9808801137746834, (8, 10): 0.9641232624000148, (8, 9): 0.5975338509020749, (8, 8): 0.5919384097231032, (8, 7): 0.6000100707208647, (8, 6): 0.5981468646945463, (8, 5): 0.594609923063968, (8, 4): 0.5639058753932947, (8, 3): 0.5846403211258219, (8, 2): 0.5694773413396237, (8, 1): 0.577443998899977, (9, 11): 0.9908687787288982, (9, 10): 0.9802843461321754, (9, 9): 0.9641232624000148, (9, 8): 0.5975338509020749, (9, 7): 0.5919384097231032, (9, 6): 0.6000100707208647, (9, 4): 0.481099782807993, (9, 3): 0.5694773413396237, (9, 2): 0.577443998899977, (9, 1): 0.5339921202998069, (10, 11): 0.9908687787288982, (10, 10): 0.9890022300448427, (10, 9): 0.9425234409006841, (10, 8): 0.9641232624000148, (10, 7): 0.5975338509020749, (10, 6): 0.5919384097231032, (10, 4): 0.3881581257940411, (10, 3): 0.577443998899977, (10, 2): 0.5339921202998069, (10, 1): 0.9425234409006841, (11, 11): 0.0, (11, 10): 0.9999999998644187, (11, 9): 0.9890022300448427, (11, 8): 0.9802843461321754, (11, 7): 0.9641232624000148, (11, 6): 0.5975338509020749, (11, 4): 0.3109318060790403, (11, 3): 0.5339921202998069, (11, 2): 0.4563752279896486, (11, 1): 0.42087310626777924}"
"(<Abstr_type.A_STAR: 2>, 0.0, <Corr_type.UNI_RAND: 1>, 0.1, 1)",2,"{(1, 11): 0.41291477355118145, (1, 10): 0.4052168061511342, (1, 9): 0.4002284564807821, (1, 8): 0.5788047080855492, (1, 7): 0.4585846423708515, (1, 5): 0.25341763614386503, (1, 4): 0.3233926861794743, (1, 3): 0.3233926861794743, (1, 2): 0.400437223890637, (1, 1): 0.285376786683357, (2, 11): 0.4052168061511342, (2, 10): 0.4002284564807821, (2, 9): 0.4294718189982839, (2, 8): 0.4375464449511376, (2, 7): 0.4585846423708515, (2, 5): 0.31125445093139514, (2, 4): 0.3242018712298723, (2, 3): 0.3233926861794743, (2, 2): 0.4306162862211817, (2, 1): 0.400437223890637, (3, 11): 0.4002284564807821, (3, 10): 0.4294718189982839, (3, 9): 0.6241515980312823, (3, 8): 0.526944402516463, (3, 7): 0.42440277919201186, (3, 6): 0.4585846423708515, (3, 5): 0.3192500149228241, (3, 4): 0.34251152456456374, (3, 3): 0.3242018712298723, (3, 2): 0.41291477355118145, (3, 1): 0.4306162862211817, (4, 11): 0.4294718189982839, (4, 10): 0.6241515980312823, (4, 9): 0.7785053968689355, (4, 8): 0.6548219728387946, (4, 7): 0.4796785569889214, (4, 5): 0.15887550022591806, (4, 4): 0.3242018712298723, (4, 3): 0.31125445093139514, (4, 2): 0.3242018712298723, (4, 1): 0.3233926861794743, (5, 11): 0.6241515980312823, (5, 10): 0.6453001301382859, (5, 9): 0.6471565723861705, (5, 8): 0.4306162862211817, (5, 7): 0.5088883004870094, (5, 5): 0.41291477355118145, (5, 4): 0.4052168061511342, (5, 3): 0.4664716831317286, (5, 2): 0.34251152456456374, (5, 1): 0.3242018712298723, (6, 8): 0.6042521900561845, (6, 3): 0.5788047080855492, (7, 11): 0.658809109584118, (7, 10): 0.7785053968689355, (7, 9): 0.6940894630066125, (7, 8): 0.6692706033825632, (7, 7): 0.658809109584118, (7, 6): 0.552728003620228, (7, 4): 0.526944402516463, (7, 3): 0.7785053968689355, (7, 2): 0.4585846423708515, (7, 1): 0.3192500149228241, (8, 11): 0.9819087115511682, (8, 10): 0.9426459049210391, (8, 9): 0.7785053968689355, (8, 8): 0.6940894630066125, (8, 7): 0.6692706033825632, (8, 6): 0.6130802318139607, (8, 5): 0.552728003620228, (8, 4): 0.5088883004870094, (8, 3): 0.4796785569889214, (8, 2): 0.42440277919201186, (8, 1): 0.4585846423708515, (9, 11): 0.9953732712836261, (9, 10): 0.9797908139426678, (9, 9): 0.9426459049210391, (9, 8): 0.7785053968689355, (9, 7): 0.6940894630066125, (9, 6): 0.6692706033825632, (9, 4): 0.34758988116192635, (9, 3): 0.42440277919201186, (9, 2): 0.4585846423708515, (9, 1): 0.3192500149228241, (10, 11): 0.9953732712836261, (10, 10): 0.9898324522581415, (10, 9): 0.9233062886063684, (10, 8): 0.9426459049210391, (10, 7): 0.7785053968689355, (10, 6): 0.6940894630066125, (10, 4): 0.2984342197199508, (10, 3): 0.4585846423708515, (10, 2): 0.3192500149228241, (10, 1): 0.9233062886063684, (11, 11): 0.0, (11, 10): 0.9999999999999991, (11, 9): 0.9898324522581415, (11, 8): 0.9797908139426678, (11, 7): 0.9426459049210391, (11, 6): 0.7785053968689355, (11, 4): 0.15646326146216066, (11, 3): 0.3192500149228241, (11, 2): 0.34251152456456374, (11, 1): 0.3242018712298723}"
"(<Abstr_type.A_STAR: 2>, 0.0, <Corr_type.UNI_RAND: 1>, 0.1, 1)",3,"{(1, 11): 0.20663084378412291, (1, 10): 0.2033351406016748, (1, 9): 0.2213386506810112, (1, 8): 0.34316407699260226, (1, 7): 0.2473872017858994, (1, 5): 0.11660080873351635, (1, 4): 0.17678674371756797, (1, 3): 0.17678674371756797, (1, 2): 0.16915219569930567, (1, 1): 0.16484802173378704, (2, 11): 0.2033351406016748, (2, 10): 0.2213386506810112, (2, 9): 0.2850004331260814, (2, 8): 0.23423830921887057, (2, 7): 0.2473872017858994, (2, 5): 0.17539304677998407, (2, 4): 0.17719331533129598, (2, 3): 0.17678674371756797, (2, 2): 0.2318734505331086, (2, 1): 0.16915219569930567, (3, 11): 0.2213386506810112, (3, 10): 0.2850004331260814, (3, 9): 0.517765084399455, (3, 8): 0.3200844125585387, (3, 7): 0.23360838578720033, (3, 6): 0.2473872017858994, (3, 5): 0.19709885851113482, (3, 4): 0.17466320075618727, (3, 3): 0.17719331533129598, (3, 2): 0.20663084378412291, (3, 1): 0.2318734505331086, (4, 11): 0.2850004331260814, (4, 10): 0.517765084399455, (4, 9): 0.6166249394891338, (4, 8): 0.49144683388916943, (4, 7): 0.21717172532636117, (4, 5): 0.08751983224062933, (4, 4): 0.17719331533129598, (4, 3): 0.17539304677998407, (4, 2): 0.17719331533129598, (4, 1): 0.17678674371756797, (5, 11): 0.517765084399455, (5, 10): 0.5319528517766517, (5, 9): 0.603469586462639, (5, 8): 0.2318734505331086, (5, 7): 0.2540869009747976, (5, 5): 0.20663084378412291, (5, 4): 0.2033351406016748, (5, 3): 0.21896850824374015, (5, 2): 0.17466320075618727, (5, 1): 0.17719331533129598, (6, 8): 0.36037844168715366, (6, 3): 0.34316407699260226, (7, 11): 0.31540666457143257, (7, 10): 0.6166249394891338, (7, 9): 0.5586918008776702, (7, 8): 0.47511347267506543, (7, 7): 0.31540666457143257, (7, 6): 0.2988702902936437, (7, 4): 0.3200844125585387, (7, 3): 0.6166249394891338, (7, 2): 0.2473872017858994, (7, 1): 0.19709885851113482, (8, 11): 0.2325099960369944, (8, 10): 0.8880417069380035, (8, 9): 0.6166249394891338, (8, 8): 0.5586918008776702, (8, 7): 0.47511347267506543, (8, 6): 0.3397612424205552, (8, 5): 0.2988702902936437, (8, 4): 0.2540869009747976, (8, 3): 0.21717172532636117, (8, 2): 0.23360838578720033, (8, 1): 0.2473872017858994, (9, 11): 0.9915059737907109, (9, 10): 0.9804009246923963, (9, 9): 0.8880417069380035, (9, 8): 0.6166249394891338, (9, 7): 0.5586918008776702, (9, 6): 0.47511347267506543, (9, 4): 0.23327083066671536, (9, 3): 0.23360838578720033, (9, 2): 0.2473872017858994, (9, 1): 0.19709885851113482, (10, 11): 0.9915059737907109, (10, 10): 0.9885545637947447, (10, 9): 0.8518842425700223, (10, 8): 0.8880417069380035, (10, 7): 0.6166249394891338, (10, 6): 0.5586918008776702, (10, 4): 0.19036152360794, (10, 3): 0.2473872017858994, (10, 2): 0.19709885851113482, (10, 1): 0.8518842425700223, (11, 11): 0.0, (11, 10): 0.9999999998546153, (11, 9): 0.9885545637947447, (11, 8): 0.9804009246923963, (11, 7): 0.8880417069380035, (11, 6): 0.6166249394891338, (11, 4): 0.17032071526566417, (11, 3): 0.19709885851113482, (11, 2): 0.17466320075618727, (11, 1): 0.17719331533129598}"
"(<Abstr_type.A_STAR: 2>, 0.0, <Corr_type.UNI_RAND: 1>, 0.1, 1)",4,"{(1, 11): 0.6515489707462314, (1, 10): 0.7420128117774584, (1, 9): 0.7546332348219467, (1, 8): 0.8259736207732951, (1, 7): 0.7320165187151233, (1, 5): 0.5162855398764876, (1, 4): 0.5720083149607236, (1, 3): 0.5720083149607236, (1, 2): 0.6665754654085746, (1, 1): 0.45779019899529416, (2, 11): 0.7420128117774584, (2, 10): 0.7546332348219467, (2, 9): 0.7902077316088446, (2, 8): 0.769421948317353, (2, 7): 0.7320165187151233, (2, 5): 0.5900445287450469, (2, 4): 0.6047637293124974, (2, 3): 0.5720083149607236, (2, 2): 0.7294125071084602, (2, 1): 0.6665754654085746, (3, 11): 0.7546332348219467, (3, 10): 0.7902077316088446, (3, 9): 0.8027574159063454, (3, 8): 0.7771121085750116, (3, 7): 0.7279530819200334, (3, 6): 0.7320165187151233, (3, 5): 0.5954439130877005, (3, 4): 0.6181749741676442, (3, 3): 0.6047637293124974, (3, 2): 0.6515489707462314, (3, 1): 0.7294125071084602, (4, 11): 0.7902077316088446, (4, 10): 0.8027574159063454, (4, 9): 0.8545786995800229, (4, 8): 0.8128101672460455, (4, 7): 0.7517683418877792, (4, 5): 0.5520644327921158, (4, 4): 0.6047637293124974, (4, 3): 0.5900445287450469, (4, 2): 0.6047637293124974, (4, 1): 0.5720083149607236, (5, 11): 0.8027574159063454, (5, 10): 0.6715723096613783, (5, 9): 0.6964727428929459, (5, 8): 0.7294125071084602, (5, 7): 0.7734733544775826, (5, 5): 0.6515489707462314, (5, 4): 0.7420128117774584, (5, 3): 0.8072135348108771, (5, 2): 0.6181749741676442, (5, 1): 0.6047637293124974, (6, 8): 0.8059072484475093, (6, 3): 0.8259736207732951, (7, 11): 0.8686949034779724, (7, 10): 0.8545786995800229, (7, 9): 0.8266539481582401, (7, 8): 0.8183522631597914, (7, 7): 0.8686949034779724, (7, 6): 0.7953525524806246, (7, 4): 0.7771121085750116, (7, 3): 0.8545786995800229, (7, 2): 0.7320165187151233, (7, 1): 0.5954439130877005, (8, 11): 0.9814719135840576, (8, 10): 0.948227400824633, (8, 9): 0.8545786995800229, (8, 8): 0.8266539481582401, (8, 7): 0.8183522631597914, (8, 6): 0.8099894254901355, (8, 5): 0.7953525524806246, (8, 4): 0.7734733544775826, (8, 3): 0.7517683418877792, (8, 2): 0.7279530819200334, (8, 1): 0.7320165187151233, (9, 11): 0.9913831422907531, (9, 10): 0.979915027234449, (9, 9): 0.948227400824633, (9, 8): 0.8545786995800229, (9, 7): 0.8266539481582401, (9, 6): 0.8183522631597914, (9, 4): 0.7014400617275866, (9, 3): 0.7279530819200334, (9, 2): 0.7320165187151233, (9, 1): 0.5954439130877005, (10, 11): 0.9913831422907531, (10, 10): 0.9884594775683416, (10, 9): 0.9207061732664634, (10, 8): 0.948227400824633, (10, 7): 0.8545786995800229, (10, 6): 0.8266539481582401, (10, 4): 0.6492318658093879, (10, 3): 0.7320165187151233, (10, 2): 0.5954439130877005, (10, 1): 0.9207061732664634, (11, 11): 0.0, (11, 10): 0.9999999930615716, (11, 9): 0.9884594775683416, (11, 8): 0.979915027234449, (11, 7): 0.948227400824633, (11, 6): 0.8545786995800229, (11, 4): 0.44614704750575895, (11, 3): 0.5954439130877005, (11, 2): 0.6181749741676442, (11, 1): 0.6047637293124974}"
"(<Abstr_type.A_STAR: 2>, 0.0, <Corr_type.UNI_RAND: 1>, 0.1, 2)",0,"{(1, 11): 0.5707410968086652, (1, 10): 0.704214422386517, (1, 9): 0.6259083224428613, (1, 8): 0.4511992957809769, (1, 7): 0.7012042619435496, (1, 5): 0.7095608152534373, (1, 4): 0.7228292932251142, (1, 3): 0.6614218206241153, (1, 2): 0.5606267113774803, (1, 1): 0.3286450198642072, (2, 11): 0.6558191902270996, (2, 10): 0.6259083224428613, (2, 9): 0.6179779594477709, (2, 8): 0.5102367154739673, (2, 7): 0.6869504304954973, (2, 5): 0.7330144711548292, (2, 4): 0.7097238300477822, (2, 3): 0.7228292932251142, (2, 2): 0.6614218206241153, (2, 1): 0.5606267113774803, (3, 11): 0.6259083224428613, (3, 10): 0.6179779594477709, (3, 9): 0.630261125079892, (3, 8): 0.6558191902270996, (3, 7): 0.6383260584691118, (3, 6): 0.6357713189188189, (3, 5): 0.7012042619435496, (3, 4): 0.7059031976795317, (3, 3): 0.7097238300477822, (3, 2): 0.7228292932251142, (3, 1): 0.6614218206241153, (4, 11): 0.6179779594477709, (4, 10): 0.630261125079892, (4, 9): 0.6384153854565121, (4, 8): 0.6821862480478762, (4, 7): 0.6357713189188189, (4, 5): 0.7056915110484335, (4, 4): 0.7097238300477822, (4, 3): 0.7228292932251142, (4, 2): 0.7097238300477822, (4, 1): 0.7228292932251142, (5, 11): 0.630261125079892, (5, 10): 0.6384153854565121, (5, 9): 0.587181969777721, (5, 8): 0.704214422386517, (5, 7): 0.6547651128897838, (5, 5): 0.5707410968086652, (5, 4): 0.5465885195789064, (5, 3): 0.6532261636362429, (5, 2): 0.7059031976795317, (5, 1): 0.7097238300477822, (6, 8): 0.757032937576123, (6, 3): 0.4511992957809769, (7, 11): 0.9702989999999978, (7, 10): 0.7330144711548292, (7, 9): 0.7012042619435496, (7, 8): 0.6978403589638568, (7, 7): 0.7271611462174594, (7, 6): 0.6803992623324359, (7, 4): 0.6558191902270996, (7, 3): 0.7097238300477822, (7, 2): 0.6869504304954973, (7, 1): 0.7012042619435496, (8, 11): 0.9800999999999983, (8, 10): 0.7981012087764737, (8, 9): 0.7330144711548292, (8, 8): 0.7271244460190203, (8, 7): 0.6978403589638568, (8, 6): 0.7271611462174594, (8, 5): 0.6803992623324359, (8, 4): 0.6547651128897838, (8, 3): 0.6357713189188189, (8, 2): 0.6383260584691118, (8, 1): 0.6869504304954973, (9, 11): 0.9899999999999989, (9, 10): 0.757032937576123, (9, 9): 0.7981012087764737, (9, 8): 0.7330144711548292, (9, 7): 0.7271244460190203, (9, 6): 0.6978403589638568, (9, 4): 0.438264030359447, (9, 3): 0.6532261636362429, (9, 2): 0.6869504304954973, (9, 1): 0.7012042619435496, (10, 11): 0.9999999999999994, (10, 10): 0.7012042619435496, (10, 9): 0.7937726482328638, (10, 8): 0.7981012087764737, (10, 7): 0.7330144711548292, (10, 6): 0.7271244460190203, (10, 4): 0.6850484205422118, (10, 3): 0.6869504304954973, (10, 2): 0.7012042619435496, (10, 1): 0.7059031976795317, (11, 11): 0.0, (11, 10): 0.6641542647661516, (11, 9): 0.5605111024311036, (11, 8): 0.7937726482328638, (11, 7): 0.7981012087764737, (11, 6): 0.7330144711548292, (11, 4): 0.6872619744204852, (11, 3): 0.7012042619435496, (11, 2): 0.7059031976795317, (11, 1): 0.7097238300477822}"
"(<Abstr_type.A_STAR: 2>, 0.0, <Corr_type.UNI_RAND: 1>, 0.1, 2)",1,"{(1, 11): 0.27392606306634076, (1, 10): 0.42048395575070474, (1, 9): 0.2627510251377707, (1, 8): 0.22648437780572103, (1, 7): 0.33781560713329234, (1, 5): 0.43826508434153594, (1, 4): 0.29177185344767986, (1, 3): 0.20587555610159333, (1, 2): 0.19595661103562595, (1, 1): 0.1624777335233853, (2, 11): 0.2612646698574599, (2, 10): 0.2627510251377707, (2, 9): 0.27005467671260314, (2, 8): 0.24969892705600452, (2, 7): 0.22489628771542858, (2, 5): 0.6620698506194365, (2, 4): 0.296781027744233, (2, 3): 0.29177185344767986, (2, 2): 0.20587555610159333, (2, 1): 0.19595661103562595, (3, 11): 0.2627510251377707, (3, 10): 0.27005467671260314, (3, 9): 0.23670113240311463, (3, 8): 0.2612646698574599, (3, 7): 0.23947090319946482, (3, 6): 0.25268265360549913, (3, 5): 0.33781560713329234, (3, 4): 0.2520558226772952, (3, 3): 0.296781027744233, (3, 2): 0.29177185344767986, (3, 1): 0.20587555610159333, (4, 11): 0.27005467671260314, (4, 10): 0.23670113240311463, (4, 9): 0.25941778880013333, (4, 8): 0.28177824116199873, (4, 7): 0.25268265360549913, (4, 5): 0.26400085676634144, (4, 4): 0.296781027744233, (4, 3): 0.29177185344767986, (4, 2): 0.296781027744233, (4, 1): 0.29177185344767986, (5, 11): 0.23670113240311463, (5, 10): 0.25941778880013333, (5, 9): 0.2654748678860384, (5, 8): 0.42048395575070474, (5, 7): 0.24869967232406812, (5, 5): 0.27392606306634076, (5, 4): 0.28395993442630274, (5, 3): 0.29002058805507186, (5, 2): 0.2520558226772952, (5, 1): 0.296781027744233, (6, 8): 0.6235272805470626, (6, 3): 0.22648437780572103, (7, 11): 0.7818804987057127, (7, 10): 0.6620698506194365, (7, 9): 0.33781560713329234, (7, 8): 0.49417376996153595, (7, 7): 0.3466053129428362, (7, 6): 0.2640947105274058, (7, 4): 0.2612646698574599, (7, 3): 0.296781027744233, (7, 2): 0.22489628771542858, (7, 1): 0.33781560713329234, (8, 11): 0.9402764128486064, (8, 10): 0.7783689638835825, (8, 9): 0.6620698506194365, (8, 8): 0.5755136302775544, (8, 7): 0.49417376996153595, (8, 6): 0.3466053129428362, (8, 5): 0.2640947105274058, (8, 4): 0.24869967232406812, (8, 3): 0.25268265360549913, (8, 2): 0.23947090319946482, (8, 1): 0.22489628771542858, (9, 11): 0.988140886318999, (9, 10): 0.6235272805470626, (9, 9): 0.7783689638835825, (9, 8): 0.6620698506194365, (9, 7): 0.5755136302775544, (9, 6): 0.49417376996153595, (9, 4): 0.2018521309308547, (9, 3): 0.29002058805507186, (9, 2): 0.22489628771542858, (9, 1): 0.33781560713329234, (10, 11): 0.9998774116365259, (10, 10): 0.33781560713329234, (10, 9): 0.9422436304244378, (10, 8): 0.7783689638835825, (10, 7): 0.6620698506194365, (10, 6): 0.5755136302775544, (10, 4): 0.19448852729749452, (10, 3): 0.22489628771542858, (10, 2): 0.33781560713329234, (10, 1): 0.2520558226772952, (11, 11): 0.0, (11, 10): 0.9999999999999991, (11, 9): 0.9899999999999982, (11, 8): 0.9422436304244378, (11, 7): 0.7783689638835825, (11, 6): 0.6620698506194365, (11, 4): 0.19838266148009942, (11, 3): 0.33781560713329234, (11, 2): 0.2520558226772952, (11, 1): 0.296781027744233}"
"(<Abstr_type.A_STAR: 2>, 0.0, <Corr_type.UNI_RAND: 1>, 0.1, 2)",2,"{(1, 11): 0.5047501263757274, (1, 10): 0.8002415191522183, (1, 9): 0.5203589461273888, (1, 8): 0.6249256769773055, (1, 7): 0.6087650706696731, (1, 5): 0.661429813605712, (1, 4): 0.6119155125055168, (1, 3): 0.5619875678066054, (1, 2): 0.4580655838919066, (1, 1): 0.2243116868619431, (2, 11): 0.751130150897507, (2, 10): 0.5203589461273888, (2, 9): 0.6202496629412485, (2, 8): 0.5366592237372234, (2, 7): 0.6307622142753554, (2, 5): 0.7691000396490912, (2, 4): 0.6717170299543473, (2, 3): 0.6119155125055168, (2, 2): 0.5619875678066054, (2, 1): 0.4580655838919066, (3, 11): 0.5203589461273888, (3, 10): 0.6202496629412485, (3, 9): 0.7339848183323932, (3, 8): 0.751130150897507, (3, 7): 0.7368593282501572, (3, 6): 0.7172712605077556, (3, 5): 0.6087650706696731, (3, 4): 0.5968128927264901, (3, 3): 0.6717170299543473, (3, 2): 0.6119155125055168, (3, 1): 0.5619875678066054, (4, 11): 0.6202496629412485, (4, 10): 0.7339848183323932, (4, 9): 0.7529886354962487, (4, 8): 0.788985976500236, (4, 7): 0.7172712605077556, (4, 5): 0.6201035629619349, (4, 4): 0.6717170299543473, (4, 3): 0.6119155125055168, (4, 2): 0.6717170299543473, (4, 1): 0.6119155125055168, (5, 11): 0.7339848183323932, (5, 10): 0.7529886354962487, (5, 9): 0.7214774366485991, (5, 8): 0.8002415191522183, (5, 7): 0.6761145933167293, (5, 5): 0.5047501263757274, (5, 4): 0.2852976638243069, (5, 3): 0.6487071342242894, (5, 2): 0.5968128927264901, (5, 1): 0.6717170299543473, (6, 8): 0.8150744448493411, (6, 3): 0.6249256769773055, (7, 11): 0.9629041258774985, (7, 10): 0.7691000396490912, (7, 9): 0.6087650706696731, (7, 8): 0.7008297165228148, (7, 7): 0.660457228317568, (7, 6): 0.6477216155401051, (7, 4): 0.751130150897507, (7, 3): 0.6717170299543473, (7, 2): 0.6307622142753554, (7, 1): 0.6087650706696731, (8, 11): 0.9800999999520621, (8, 10): 0.7880557361825534, (8, 9): 0.7691000396490912, (8, 8): 0.7391458680472861, (8, 7): 0.7008297165228148, (8, 6): 0.660457228317568, (8, 5): 0.6477216155401051, (8, 4): 0.6761145933167293, (8, 3): 0.7172712605077556, (8, 2): 0.7368593282501572, (8, 1): 0.6307622142753554, (9, 11): 0.9899999999999987, (9, 10): 0.8150744448493411, (9, 9): 0.7880557361825534, (9, 8): 0.7691000396490912, (9, 7): 0.7391458680472861, (9, 6): 0.7008297165228148, (9, 4): 0.5645172951806283, (9, 3): 0.6487071342242894, (9, 2): 0.6307622142753554, (9, 1): 0.6087650706696731, (10, 11): 0.9999999999999993, (10, 10): 0.6087650706696731, (10, 9): 0.7956196037289833, (10, 8): 0.7880557361825534, (10, 7): 0.7691000396490912, (10, 6): 0.7391458680472861, (10, 4): 0.44848619774290466, (10, 3): 0.6307622142753554, (10, 2): 0.6087650706696731, (10, 1): 0.5968128927264901, (11, 11): 0.0, (11, 10): 0.9971018623468896, (11, 9): 0.9334798862319599, (11, 8): 0.7956196037289833, (11, 7): 0.7880557361825534, (11, 6): 0.7691000396490912, (11, 4): 0.6011058108699923, (11, 3): 0.6087650706696731, (11, 2): 0.5968128927264901, (11, 1): 0.6717170299543473}"
"(<Abstr_type.A_STAR: 2>, 0.0, <Corr_type.UNI_RAND: 1>, 0.1, 2)",3,"{(1, 11): 0.5902068617376105, (1, 10): 0.6529409400737599, (1, 9): 0.5662101472396625, (1, 8): 0.5949534049656827, (1, 7): 0.6291508330384316, (1, 5): 0.6477741942535252, (1, 4): 0.5884171717556127, (1, 3): 0.5995757589198222, (1, 2): 0.4759473161852452, (1, 1): 0.2265951312572123, (2, 11): 0.6396910691569727, (2, 10): 0.5662101472396625, (2, 9): 0.5277082449654086, (2, 8): 0.6187208087778067, (2, 7): 0.6046019667601062, (2, 5): 0.7541191042592479, (2, 4): 0.6485676222030128, (2, 3): 0.5884171717556127, (2, 2): 0.5995757589198222, (2, 1): 0.4759473161852452, (3, 11): 0.5662101472396625, (3, 10): 0.5277082449654086, (3, 9): 0.5415844939704597, (3, 8): 0.6396910691569727, (3, 7): 0.6270022907185974, (3, 6): 0.6223103727242949, (3, 5): 0.6291508330384316, (3, 4): 0.5982877011534765, (3, 3): 0.6485676222030128, (3, 2): 0.5884171717556127, (3, 1): 0.5995757589198222, (4, 11): 0.5277082449654086, (4, 10): 0.5415844939704597, (4, 9): 0.4719271677901756, (4, 8): 0.6445138382503718, (4, 7): 0.6223103727242949, (4, 5): 0.592842190164667, (4, 4): 0.6485676222030128, (4, 3): 0.5884171717556127, (4, 2): 0.6485676222030128, (4, 1): 0.5884171717556127, (5, 11): 0.5415844939704597, (5, 10): 0.4719271677901756, (5, 9): 0.5526202042334253, (5, 8): 0.6529409400737599, (5, 7): 0.6326527008385433, (5, 5): 0.5902068617376105, (5, 4): 0.5897422026418812, (5, 3): 0.5952480748323231, (5, 2): 0.5982877011534765, (5, 1): 0.6485676222030128, (6, 8): 0.6467750364367784, (6, 3): 0.5949534049656827, (7, 11): 0.9702989494287044, (7, 10): 0.7541191042592479, (7, 9): 0.6291508330384316, (7, 8): 0.6990774717655662, (7, 7): 0.6695822798054034, (7, 6): 0.6483919450001034, (7, 4): 0.6396910691569727, (7, 3): 0.6485676222030128, (7, 2): 0.6046019667601062, (7, 1): 0.6291508330384316, (8, 11): 0.9800999999999982, (8, 10): 0.8574087481334929, (8, 9): 0.7541191042592479, (8, 8): 0.7310486234449785, (8, 7): 0.6990774717655662, (8, 6): 0.6695822798054034, (8, 5): 0.6483919450001034, (8, 4): 0.6326527008385433, (8, 3): 0.6223103727242949, (8, 2): 0.6270022907185974, (8, 1): 0.6046019667601062, (9, 11): 0.9899999999999989, (9, 10): 0.6467750364367784, (9, 9): 0.8574087481334929, (9, 8): 0.7541191042592479, (9, 7): 0.7310486234449785, (9, 6): 0.6990774717655662, (9, 4): 0.3012787832684845, (9, 3): 0.5952480748323231, (9, 2): 0.6046019667601062, (9, 1): 0.6291508330384316, (10, 11): 0.9999999999999994, (10, 10): 0.6291508330384316, (10, 9): 0.9365205138845235, (10, 8): 0.8574087481334929, (10, 7): 0.7541191042592479, (10, 6): 0.7310486234449785, (10, 4): 0.5705817795079227, (10, 3): 0.6046019667601062, (10, 2): 0.6291508330384316, (10, 1): 0.5982877011534765, (11, 11): 0.0, (11, 10): 0.9999999999999993, (11, 9): 0.9899714963498608, (11, 8): 0.9365205138845235, (11, 7): 0.8574087481334929, (11, 6): 0.7541191042592479, (11, 4): 0.595299431993494, (11, 3): 0.6291508330384316, (11, 2): 0.5982877011534765, (11, 1): 0.6485676222030128}"
"(<Abstr_type.A_STAR: 2>, 0.0, <Corr_type.UNI_RAND: 1>, 0.1, 2)",4,"{(1, 11): 0.35238914866646176, (1, 10): 0.4859951788964745, (1, 9): 0.25205005617461723, (1, 8): 0.3116475320091687, (1, 7): 0.46695145190690596, (1, 5): 0.469275843624687, (1, 4): 0.42071172093933873, (1, 3): 0.3524456494346782, (1, 2): 0.25285605150273077, (1, 1): 0.1112463752421286, (2, 11): 0.444702220212058, (2, 10): 0.25205005617461723, (2, 9): 0.2861020859102611, (2, 8): 0.3169797490792626, (2, 7): 0.45624122552054114, (2, 5): 0.49598956858452964, (2, 4): 0.4666771389963116, (2, 3): 0.42071172093933873, (2, 2): 0.3524456494346782, (2, 1): 0.25285605150273077, (3, 11): 0.25205005617461723, (3, 10): 0.2861020859102611, (3, 9): 0.3488856816022704, (3, 8): 0.444702220212058, (3, 7): 0.42022374168676163, (3, 6): 0.4083456610146303, (3, 5): 0.46695145190690596, (3, 4): 0.4496676275779119, (3, 3): 0.4666771389963116, (3, 2): 0.42071172093933873, (3, 1): 0.3524456494346782, (4, 11): 0.2861020859102611, (4, 10): 0.3488856816022704, (4, 9): 0.4096587257319936, (4, 8): 0.4749057929088896, (4, 7): 0.4083456610146303, (4, 5): 0.4559895941166059, (4, 4): 0.4666771389963116, (4, 3): 0.42071172093933873, (4, 2): 0.4666771389963116, (4, 1): 0.42071172093933873, (5, 11): 0.3488856816022704, (5, 10): 0.4096587257319936, (5, 9): 0.44508074411504445, (5, 8): 0.4859951788964745, (5, 7): 0.433671233825867, (5, 5): 0.35238914866646176, (5, 4): 0.316797424533089, (5, 3): 0.39065128637938934, (5, 2): 0.4496676275779119, (5, 1): 0.4666771389963116, (6, 8): 0.5151126972810416, (6, 3): 0.3116475320091687, (7, 11): 0.6072305053598913, (7, 10): 0.49598956858452964, (7, 9): 0.46695145190690596, (7, 8): 0.49253110437514874, (7, 7): 0.4557856999581093, (7, 6): 0.4194270333064981, (7, 4): 0.444702220212058, (7, 3): 0.4666771389963116, (7, 2): 0.45624122552054114, (7, 1): 0.46695145190690596, (8, 11): 0.6726706199185322, (8, 10): 0.6121409479704527, (8, 9): 0.49598956858452964, (8, 8): 0.5113235240208639, (8, 7): 0.49253110437514874, (8, 6): 0.4557856999581093, (8, 5): 0.4194270333064981, (8, 4): 0.433671233825867, (8, 3): 0.4083456610146303, (8, 2): 0.42022374168676163, (8, 1): 0.45624122552054114, (9, 11): 0.9293554056068989, (9, 10): 0.5151126972810416, (9, 9): 0.6121409479704527, (9, 8): 0.49598956858452964, (9, 7): 0.5113235240208639, (9, 6): 0.49253110437514874, (9, 4): 0.25334770935808676, (9, 3): 0.39065128637938934, (9, 2): 0.45624122552054114, (9, 1): 0.46695145190690596, (10, 11): 0.9993447727638965, (10, 10): 0.46695145190690596, (10, 9): 0.8072021929860659, (10, 8): 0.6121409479704527, (10, 7): 0.49598956858452964, (10, 6): 0.5113235240208639, (10, 4): 0.3723231700452094, (10, 3): 0.45624122552054114, (10, 2): 0.46695145190690596, (10, 1): 0.4496676275779119, (11, 11): 0.0, (11, 10): 0.9999999999999991, (11, 9): 0.9899999999999982, (11, 8): 0.8072021929860659, (11, 7): 0.6121409479704527, (11, 6): 0.49598956858452964, (11, 4): 0.2896375162766859, (11, 3): 0.46695145190690596, (11, 2): 0.4496676275779119, (11, 1): 0.4666771389963116}"
"(<Abstr_type.A_STAR: 2>, 0.0, <Corr_type.UNI_RAND: 1>, 0.1, 3)",0,"{(1, 11): 0.3999407906038195, (1, 10): 0.5510290977886028, (1, 9): 0.7273039081190218, (1, 8): 0.7273039081190218, (1, 7): 0.6355143835563898, (1, 5): 0.31924180894433013, (1, 4): 0.3960716832160776, (1, 3): 0.4700082945997794, (1, 2): 0.3256961228065907, (1, 1): 0.1751727879018712, (2, 11): 0.5510290977886028, (2, 10): 0.7273039081190218, (2, 9): 0.9016537314000436, (2, 8): 0.819152722583611, (2, 7): 0.7256412114525095, (2, 5): 0.4700082945997794, (2, 4): 0.44717173227994544, (2, 3): 0.3960716832160776, (2, 2): 0.4700082945997794, (2, 1): 0.3256961228065907, (3, 11): 0.7273039081190218, (3, 10): 0.5765677850889774, (3, 9): 0.7200853013865318, (3, 8): 0.7494484507417224, (3, 7): 0.7556120951498408, (3, 6): 0.7256412114525095, (3, 5): 0.6355143835563898, (3, 4): 0.7494484507417224, (3, 3): 0.44717173227994544, (3, 2): 0.3960716832160776, (3, 1): 0.4700082945997794, (4, 11): 0.5765677850889774, (4, 10): 0.7200853013865318, (4, 9): 0.6976610788631815, (4, 8): 0.7906770955274316, (4, 7): 0.5262477403532776, (4, 5): 0.4428416354027125, (4, 4): 0.44717173227994544, (4, 3): 0.4783921078245517, (4, 2): 0.44717173227994544, (4, 1): 0.3960716832160776, (5, 11): 0.7200853013865318, (5, 10): 0.6492912624740226, (5, 9): 0.7216109804159787, (5, 8): 0.9016537314000436, (5, 7): 0.7845090051354348, (5, 5): 0.3999407906038195, (5, 4): 0.5510290977886028, (5, 3): 0.6492912624740226, (5, 2): 0.5121306411371133, (5, 1): 0.44717173227994544, (6, 8): 0.8588907183831289, (6, 3): 0.7284776042158341, (7, 11): 0.9702989999999538, (7, 10): 0.9366538048501638, (7, 9): 0.9016537314000436, (7, 8): 0.87920873060023, (7, 7): 0.8589212446686125, (7, 6): 0.7906770955274316, (7, 4): 0.7494484507417224, (7, 3): 0.7556120951498408, (7, 2): 0.7256412114525095, (7, 1): 0.6355143835563898, (8, 11): 0.9800999999999983, (8, 10): 0.9445142141694651, (8, 9): 0.9366538048501638, (8, 8): 0.9016537314000436, (8, 7): 0.87920873060023, (8, 6): 0.8589212446686125, (8, 5): 0.7906770955274316, (8, 4): 0.7845090051354348, (8, 3): 0.9564942388622553, (8, 2): 0.7556120951498408, (8, 1): 0.7256412114525095, (9, 11): 0.9899999999999989, (9, 10): 0.9564942388622553, (9, 9): 0.9445142141694651, (9, 8): 0.9366538048501638, (9, 7): 0.9016537314000436, (9, 6): 0.87920873060023, (9, 4): 0.7522065824990868, (9, 3): 0.7556120951498408, (9, 2): 0.7256412114525095, (9, 1): 0.5765677850889774, (10, 11): 0.9999999999999994, (10, 10): 0.9899999999912613, (10, 9): 0.9564942388622553, (10, 8): 0.9445142141694651, (10, 7): 0.9366538048501638, (10, 6): 0.9016537314000436, (10, 4): 0.6215111633272131, (10, 3): 0.7256412114525095, (10, 2): 0.6976610788631815, (10, 1): 0.5121306411371133, (11, 11): 0.0, (11, 10): 0.999999999994337, (11, 9): 0.9899999999912613, (11, 8): 0.9564942388622553, (11, 7): 0.9445142141694651, (11, 6): 0.9366538048501638, (11, 4): 0.46826770943616564, (11, 3): 0.6355143835563898, (11, 2): 0.5121306411371133, (11, 1): 0.44717173227994544}"
"(<Abstr_type.A_STAR: 2>, 0.0, <Corr_type.UNI_RAND: 1>, 0.1, 3)",1,"{(1, 11): 0.39589451609132725, (1, 10): 0.6518989790479461, (1, 9): 0.6062470221322448, (1, 8): 0.6062470221322448, (1, 7): 0.6817432771018508, (1, 5): 0.2566003981973238, (1, 4): 0.54646700874102, (1, 3): 0.41024195526166923, (1, 2): 0.2232612281638664, (1, 1): 0.07483164948658073, (2, 11): 0.6518989790479461, (2, 10): 0.6062470221322448, (2, 9): 0.851959054840753, (2, 8): 0.8111076861398363, (2, 7): 0.7467567399434394, (2, 5): 0.41024195526166923, (2, 4): 0.6346706423627227, (2, 3): 0.54646700874102, (2, 2): 0.41024195526166923, (2, 1): 0.2232612281638664, (3, 11): 0.6062470221322448, (3, 10): 0.6064505385899502, (3, 9): 0.7245039997904641, (3, 8): 0.7651818292602822, (3, 7): 0.8190755101606791, (3, 6): 0.7467567399434394, (3, 5): 0.6817432771018508, (3, 4): 0.7651818292602822, (3, 3): 0.6346706423627227, (3, 2): 0.54646700874102, (3, 1): 0.41024195526166923, (4, 11): 0.6064505385899502, (4, 10): 0.7245039997904641, (4, 9): 0.7098218985188903, (4, 8): 0.8208531284747616, (4, 7): 0.8069033372131698, (4, 5): 0.3231402471201541, (4, 4): 0.6346706423627227, (4, 3): 0.6775335596906968, (4, 2): 0.6346706423627227, (4, 1): 0.54646700874102, (5, 11): 0.7245039997904641, (5, 10): 0.695532161996945, (5, 9): 0.562990734422929, (5, 8): 0.851959054840753, (5, 7): 0.8235324281182873, (5, 5): 0.39589451609132725, (5, 4): 0.6518989790479461, (5, 3): 0.695532161996945, (5, 2): 0.6623274070706462, (5, 1): 0.6346706423627227, (6, 8): 0.8257859909063527, (6, 3): 0.7717561279048395, (7, 11): 0.7130024604179624, (7, 10): 0.907318986422046, (7, 9): 0.851959054840753, (7, 8): 0.8321446123008577, (7, 7): 0.8281748700698526, (7, 6): 0.8208531284747616, (7, 4): 0.7651818292602822, (7, 3): 0.8190755101606791, (7, 2): 0.7467567399434394, (7, 1): 0.6817432771018508, (8, 11): 0.98009817873541, (8, 10): 0.9450979797074646, (8, 9): 0.907318986422046, (8, 8): 0.851959054840753, (8, 7): 0.8321446123008577, (8, 6): 0.8281748700698526, (8, 5): 0.8208531284747616, (8, 4): 0.8235324281182873, (8, 3): 0.9216457413066446, (8, 2): 0.8190755101606791, (8, 1): 0.7467567399434394, (9, 11): 0.9899999999999871, (9, 10): 0.9216457413066446, (9, 9): 0.9450979797074646, (9, 8): 0.907318986422046, (9, 7): 0.851959054840753, (9, 6): 0.8321446123008577, (9, 4): 0.7321365491610986, (9, 3): 0.8190755101606791, (9, 2): 0.7467567399434394, (9, 1): 0.6064505385899502, (10, 11): 0.9999999999999993, (10, 10): 0.989999999999988, (10, 9): 0.9216457413066446, (10, 8): 0.9450979797074646, (10, 7): 0.907318986422046, (10, 6): 0.851959054840753, (10, 4): 0.7302361032220778, (10, 3): 0.7467567399434394, (10, 2): 0.7098218985188903, (10, 1): 0.6623274070706462, (11, 11): 0.0, (11, 10): 0.9999999999999558, (11, 9): 0.989999999999988, (11, 8): 0.9216457413066446, (11, 7): 0.9450979797074646, (11, 6): 0.907318986422046, (11, 4): 0.650398603089063, (11, 3): 0.6817432771018508, (11, 2): 0.6623274070706462, (11, 1): 0.6346706423627227}"
"(<Abstr_type.A_STAR: 2>, 0.0, <Corr_type.UNI_RAND: 1>, 0.1, 3)",2,"{(1, 11): 0.41880652076647906, (1, 10): 0.6238206236348861, (1, 9): 0.6521046446861144, (1, 8): 0.6521046446861144, (1, 7): 0.6292039342624839, (1, 5): 0.26712394580780535, (1, 4): 0.5507339627061965, (1, 3): 0.5668791413674279, (1, 2): 0.44040148780101396, (1, 1): 0.24013573194601695, (2, 11): 0.6238206236348861, (2, 10): 0.6521046446861144, (2, 9): 0.7753321352927636, (2, 8): 0.6370639427222151, (2, 7): 0.6705810516842837, (2, 5): 0.5668791413674279, (2, 4): 0.5834042047289102, (2, 3): 0.5507339627061965, (2, 2): 0.5668791413674279, (2, 1): 0.44040148780101396, (3, 11): 0.6521046446861144, (3, 10): 0.6696020059784724, (3, 9): 0.7004157665362397, (3, 8): 0.6555852788116437, (3, 7): 0.7422242979704109, (3, 6): 0.6705810516842837, (3, 5): 0.6292039342624839, (3, 4): 0.6555852788116437, (3, 3): 0.5834042047289102, (3, 2): 0.5507339627061965, (3, 1): 0.5668791413674279, (4, 11): 0.6696020059784724, (4, 10): 0.7004157665362397, (4, 9): 0.6498852209826321, (4, 8): 0.6657509679179232, (4, 7): 0.6551440356422145, (4, 5): 0.5852054400357227, (4, 4): 0.5834042047289102, (4, 3): 0.603465386711652, (4, 2): 0.5834042047289102, (4, 1): 0.5507339627061965, (5, 11): 0.7004157665362397, (5, 10): 0.6598882407052928, (5, 9): 0.6232942150925787, (5, 8): 0.7753321352927636, (5, 7): 0.6825860873444762, (5, 5): 0.41880652076647906, (5, 4): 0.6238206236348861, (5, 3): 0.6598882407052928, (5, 2): 0.6261106467342228, (5, 1): 0.5834042047289102, (6, 8): 0.703531269582646, (6, 3): 0.6989042769935373, (7, 11): 0.8423398465033892, (7, 10): 0.8862324865926074, (7, 9): 0.7753321352927636, (7, 8): 0.7247917501923453, (7, 7): 0.7012580582210209, (7, 6): 0.6657509679179232, (7, 4): 0.6555852788116437, (7, 3): 0.7422242979704109, (7, 2): 0.6705810516842837, (7, 1): 0.6292039342624839, (8, 11): 0.9308839327881584, (8, 10): 0.8806014285243496, (8, 9): 0.8862324865926074, (8, 8): 0.7753321352927636, (8, 7): 0.7247917501923453, (8, 6): 0.7012580582210209, (8, 5): 0.6657509679179232, (8, 4): 0.6825860873444762, (8, 3): 0.8805595533430868, (8, 2): 0.7422242979704109, (8, 1): 0.6705810516842837, (9, 11): 0.9378297138019721, (9, 10): 0.8805595533430868, (9, 9): 0.8806014285243496, (9, 8): 0.8862324865926074, (9, 7): 0.7753321352927636, (9, 6): 0.7247917501923453, (9, 4): 0.6595084116370189, (9, 3): 0.7422242979704109, (9, 2): 0.6705810516842837, (9, 1): 0.6696020059784724, (10, 11): 0.9408778596039518, (10, 10): 0.9538804642044107, (10, 9): 0.8805595533430868, (10, 8): 0.8806014285243496, (10, 7): 0.8862324865926074, (10, 6): 0.7753321352927636, (10, 4): 0.6442963460854516, (10, 3): 0.6705810516842837, (10, 2): 0.6498852209826321, (10, 1): 0.6261106467342228, (11, 11): 0.0, (11, 10): 0.9999999999999994, (11, 9): 0.9538804642044107, (11, 8): 0.8805595533430868, (11, 7): 0.8806014285243496, (11, 6): 0.8862324865926074, (11, 4): 0.6155677625156359, (11, 3): 0.6292039342624839, (11, 2): 0.6261106467342228, (11, 1): 0.5834042047289102}"
"(<Abstr_type.A_STAR: 2>, 0.0, <Corr_type.UNI_RAND: 1>, 0.1, 3)",3,"{(1, 11): 0.26174783493979, (1, 10): 0.49496236778434116, (1, 9): 0.68571909240388, (1, 8): 0.68571909240388, (1, 7): 0.5807773953987214, (1, 5): 0.1435306231118077, (1, 4): 0.3878487923232192, (1, 3): 0.39149658728246556, (1, 2): 0.24692420258869432, (1, 1): 0.10419280915079297, (2, 11): 0.49496236778434116, (2, 10): 0.68571909240388, (2, 9): 0.7421439896561698, (2, 8): 0.6869000224456993, (2, 7): 0.6242736914739285, (2, 5): 0.39149658728246556, (2, 4): 0.47266135927285696, (2, 3): 0.3878487923232192, (2, 2): 0.39149658728246556, (2, 1): 0.24692420258869432, (3, 11): 0.68571909240388, (3, 10): 0.683686101045061, (3, 9): 0.6798570599624038, (3, 8): 0.5607774387502309, (3, 7): 0.6067614318620671, (3, 6): 0.6242736914739285, (3, 5): 0.5807773953987214, (3, 4): 0.5607774387502309, (3, 3): 0.47266135927285696, (3, 2): 0.3878487923232192, (3, 1): 0.39149658728246556, (4, 11): 0.683686101045061, (4, 10): 0.6798570599624038, (4, 9): 0.6050236239913961, (4, 8): 0.6222932672074346, (4, 7): 0.5056837675444009, (4, 5): 0.5222722546225806, (4, 4): 0.47266135927285696, (4, 3): 0.4006782117188428, (4, 2): 0.47266135927285696, (4, 1): 0.3878487923232192, (5, 11): 0.6798570599624038, (5, 10): 0.5295355820788432, (5, 9): 0.390454633770988, (5, 8): 0.7421439896561698, (5, 7): 0.6286111529814966, (5, 5): 0.26174783493979, (5, 4): 0.49496236778434116, (5, 3): 0.5295355820788432, (5, 2): 0.4842411386496548, (5, 1): 0.47266135927285696, (6, 8): 0.7070603820226272, (6, 3): 0.5834140258456344, (7, 11): 0.8792460935224938, (7, 10): 0.9109749160382619, (7, 9): 0.7421439896561698, (7, 8): 0.7058541916095581, (7, 7): 0.6921780256639177, (7, 6): 0.6222932672074346, (7, 4): 0.5607774387502309, (7, 3): 0.6067614318620671, (7, 2): 0.6242736914739285, (7, 1): 0.5807773953987214, (8, 11): 0.9800999999922144, (8, 10): 0.9164078867636125, (8, 9): 0.9109749160382619, (8, 8): 0.7421439896561698, (8, 7): 0.7058541916095581, (8, 6): 0.6921780256639177, (8, 5): 0.6222932672074346, (8, 4): 0.6286111529814966, (8, 3): 0.8983848030769394, (8, 2): 0.6067614318620671, (8, 1): 0.6242736914739285, (9, 11): 0.9899999999999985, (9, 10): 0.8983848030769394, (9, 9): 0.9164078867636125, (9, 8): 0.9109749160382619, (9, 7): 0.7421439896561698, (9, 6): 0.7058541916095581, (9, 4): 0.5695192051674156, (9, 3): 0.6067614318620671, (9, 2): 0.6242736914739285, (9, 1): 0.683686101045061, (10, 11): 0.9999999999999993, (10, 10): 0.9836427357265662, (10, 9): 0.8983848030769394, (10, 8): 0.9164078867636125, (10, 7): 0.9109749160382619, (10, 6): 0.7421439896561698, (10, 4): 0.5293828283328946, (10, 3): 0.6242736914739285, (10, 2): 0.6050236239913961, (10, 1): 0.4842411386496548, (11, 11): 0.0, (11, 10): 0.971112238540385, (11, 9): 0.9836427357265662, (11, 8): 0.8983848030769394, (11, 7): 0.9164078867636125, (11, 6): 0.9109749160382619, (11, 4): 0.3314196720272372, (11, 3): 0.5807773953987214, (11, 2): 0.4842411386496548, (11, 1): 0.47266135927285696}"
"(<Abstr_type.A_STAR: 2>, 0.0, <Corr_type.UNI_RAND: 1>, 0.1, 3)",4,"{(1, 11): 0.3422202115600924, (1, 10): 0.6146945523800964, (1, 9): 0.7366891402402758, (1, 8): 0.7366891402402758, (1, 7): 0.7370444957807001, (1, 5): 0.6316773983647144, (1, 4): 0.5643806488449081, (1, 3): 0.6920229427866652, (1, 2): 0.4588335409169877, (1, 1): 0.18124161636927608, (2, 11): 0.6146945523800964, (2, 10): 0.7366891402402758, (2, 9): 0.8506129846022672, (2, 8): 0.771095981639635, (2, 7): 0.8016730216058553, (2, 5): 0.6920229427866652, (2, 4): 0.5606072857347473, (2, 3): 0.5643806488449081, (2, 2): 0.6920229427866652, (2, 1): 0.4588335409169877, (3, 11): 0.7366891402402758, (3, 10): 0.7175038565887984, (3, 9): 0.8202456244260072, (3, 8): 0.7744765192032022, (3, 7): 0.8283580376439038, (3, 6): 0.8016730216058553, (3, 5): 0.7370444957807001, (3, 4): 0.7744765192032022, (3, 3): 0.5606072857347473, (3, 2): 0.5643806488449081, (3, 1): 0.6920229427866652, (4, 11): 0.7175038565887984, (4, 10): 0.8202456244260072, (4, 9): 0.8078743144098741, (4, 8): 0.8178461775520229, (4, 7): 0.809833641873847, (4, 5): 0.2563378619736801, (4, 4): 0.5606072857347473, (4, 3): 0.23659608209337804, (4, 2): 0.5606072857347473, (4, 1): 0.5643806488449081, (5, 11): 0.8202456244260072, (5, 10): 0.5602789206148203, (5, 9): 0.5587624480935417, (5, 8): 0.8506129846022672, (5, 7): 0.8184531008830037, (5, 5): 0.3422202115600924, (5, 4): 0.6146945523800964, (5, 3): 0.5602789206148203, (5, 2): 0.5482869645581864, (5, 1): 0.5606072857347473, (6, 8): 0.8151871795645074, (6, 3): 0.7510773952743689, (7, 11): 0.862948233006646, (7, 10): 0.9475014478468434, (7, 9): 0.8506129846022672, (7, 8): 0.826414600515349, (7, 7): 0.8183384440344738, (7, 6): 0.8178461775520229, (7, 4): 0.7744765192032022, (7, 3): 0.8283580376439038, (7, 2): 0.8016730216058553, (7, 1): 0.7370444957807001, (8, 11): 0.978679386749967, (8, 10): 0.9579213232057513, (8, 9): 0.9475014478468434, (8, 8): 0.8506129846022672, (8, 7): 0.826414600515349, (8, 6): 0.8183384440344738, (8, 5): 0.8178461775520229, (8, 4): 0.8184531008830037, (8, 3): 0.9621148258639715, (8, 2): 0.8283580376439038, (8, 1): 0.8016730216058553, (9, 11): 0.9899999999920962, (9, 10): 0.9621148258639715, (9, 9): 0.9579213232057513, (9, 8): 0.9475014478468434, (9, 7): 0.8506129846022672, (9, 6): 0.826414600515349, (9, 4): 0.8158585509972891, (9, 3): 0.8283580376439038, (9, 2): 0.8016730216058553, (9, 1): 0.7175038565887984, (10, 11): 0.9999999999999994, (10, 10): 0.9899999999999142, (10, 9): 0.9621148258639715, (10, 8): 0.9579213232057513, (10, 7): 0.9475014478468434, (10, 6): 0.8506129846022672, (10, 4): 0.8083964699346482, (10, 3): 0.8016730216058553, (10, 2): 0.8078743144098741, (10, 1): 0.5482869645581864, (11, 11): 0.0, (11, 10): 0.9999999999998664, (11, 9): 0.9899999999999142, (11, 8): 0.9621148258639715, (11, 7): 0.9579213232057513, (11, 6): 0.9475014478468434, (11, 4): 0.6326954397919602, (11, 3): 0.7370444957807001, (11, 2): 0.5482869645581864, (11, 1): 0.5606072857347473}"
"(<Abstr_type.A_STAR: 2>, 0.0, <Corr_type.UNI_RAND: 1>, 0.1, 4)",0,"{(1, 11): 0.3581464963847055, (1, 10): 0.4559429399302703, (1, 9): 0.4617066432221543, (1, 8): 0.5812456155554191, (1, 7): 0.5067828014369737, (1, 5): 0.45191699078968756, (1, 4): 0.8788498466458219, (1, 3): 0.48467857118409646, (1, 2): 0.38995942084564145, (1, 1): 0.14996008897331836, (2, 11): 0.4559429399302703, (2, 10): 0.40051215685550073, (2, 9): 0.5908929164706704, (2, 8): 0.6207332084253901, (2, 7): 0.6209574488153891, (2, 5): 0.5005664093798845, (2, 4): 0.5005664093798845, (2, 3): 0.5812456155554191, (2, 2): 0.48467857118409646, (2, 1): 0.38995942084564145, (3, 11): 0.4617066432221543, (3, 10): 0.5908929164706704, (3, 9): 0.6160682675879864, (3, 8): 0.8730486586076064, (3, 7): 0.8695190701953103, (3, 6): 0.6209574488153891, (3, 5): 0.5067828014369737, (3, 4): 0.5495619634376534, (3, 3): 0.6245339833314871, (3, 2): 0.5812456155554191, (3, 1): 0.48467857118409646, (4, 11): 0.5908929164706704, (4, 10): 0.6160682675879864, (4, 9): 0.6615059956036221, (4, 8): 0.8788498466458219, (4, 7): 0.7203170621602191, (4, 5): 0.5495619634376534, (4, 4): 0.6245339833314871, (4, 3): 0.5005664093798845, (4, 2): 0.6245339833314871, (4, 1): 0.5812456155554191, (5, 11): 0.9474992739275166, (5, 10): 0.6615059956036221, (5, 9): 0.5878231863264278, (5, 8): 0.9108096085268294, (5, 7): 0.9048442155603743, (5, 5): 0.3581464963847055, (5, 4): 0.4559429399302703, (5, 3): 0.6245339833314871, (5, 2): 0.5495619634376534, (5, 1): 0.6245339833314871, (6, 8): 0.9254357572751795, (6, 3): 0.8383656022753447, (7, 11): 0.9701808565887577, (7, 10): 0.9572374828387176, (7, 9): 0.9474992739275166, (7, 8): 0.9371279019720302, (7, 7): 0.9265047836564725, (7, 6): 0.9159935381038087, (7, 4): 0.8730486586076064, (7, 3): 0.8695190701953103, (7, 2): 0.6615059956036221, (7, 1): 0.5067828014369737, (8, 11): 0.9800999999884757, (8, 10): 0.9639183132711511, (8, 9): 0.9572374828387176, (8, 8): 0.9474992739275166, (8, 7): 0.9371279019720302, (8, 6): 0.9265047836564725, (8, 5): 0.9159935381038087, (8, 4): 0.9048442155603743, (8, 3): 0.9558699607768621, (8, 2): 0.8695190701953103, (8, 1): 0.6209574488153891, (9, 11): 0.9899999999999989, (9, 10): 0.9742735064009673, (9, 9): 0.9639183132711511, (9, 8): 0.9572374828387176, (9, 7): 0.9474992739275166, (9, 6): 0.9371279019720302, (9, 4): 0.8665675334018349, (9, 3): 0.8695190701953103, (9, 2): 0.6209574488153891, (9, 1): 0.5067828014369737, (10, 11): 0.9999999999999994, (10, 10): 0.9558699607768621, (10, 9): 0.9742735064009673, (10, 8): 0.9639183132711511, (10, 7): 0.9572374828387176, (10, 6): 0.9474992739275166, (10, 4): 0.771448584221047, (10, 3): 0.6209574488153891, (10, 2): 0.5067828014369737, (10, 1): 0.5495619634376534, (11, 11): 0.0, (11, 10): 0.999999983750488, (11, 9): 0.9558699607768621, (11, 8): 0.9742735064009673, (11, 7): 0.9639183132711511, (11, 6): 0.5495619634376534, (11, 4): 0.49607437299520457, (11, 3): 0.5067828014369737, (11, 2): 0.5495619634376534, (11, 1): 0.6245339833314871}"
"(<Abstr_type.A_STAR: 2>, 0.0, <Corr_type.UNI_RAND: 1>, 0.1, 4)",1,"{(1, 11): 0.5371566219665551, (1, 10): 0.4540690690055887, (1, 9): 0.5232624041964281, (1, 8): 0.4139619443044499, (1, 7): 0.4407003753949817, (1, 5): 0.21008710945961082, (1, 4): 0.46135845744462645, (1, 3): 0.3618403579850523, (1, 2): 0.22471474630344065, (1, 1): 0.06238059276088851, (2, 11): 0.4540690690055887, (2, 10): 0.4749244132934843, (2, 9): 0.5123338492873845, (2, 8): 0.4468628468320625, (2, 7): 0.45438579577074056, (2, 5): 0.46715095345397684, (2, 4): 0.46715095345397684, (2, 3): 0.4139619443044499, (2, 2): 0.3618403579850523, (2, 1): 0.22471474630344065, (3, 11): 0.5232624041964281, (3, 10): 0.5123338492873845, (3, 9): 0.5148720199731086, (3, 8): 0.46826653030745197, (3, 7): 0.4615178599147606, (3, 6): 0.45438579577074056, (3, 5): 0.4407003753949817, (3, 4): 0.6315709763223923, (3, 3): 0.463816986068002, (3, 2): 0.4139619443044499, (3, 1): 0.3618403579850523, (4, 11): 0.5123338492873845, (4, 10): 0.5148720199731086, (4, 9): 0.5156140235003158, (4, 8): 0.46135845744462645, (4, 7): 0.3515350298235061, (4, 5): 0.6315709763223923, (4, 4): 0.463816986068002, (4, 3): 0.46715095345397684, (4, 2): 0.463816986068002, (4, 1): 0.4139619443044499, (5, 11): 0.5451354241019605, (5, 10): 0.5156140235003158, (5, 9): 0.559160442097477, (5, 8): 0.5579987758590461, (5, 7): 0.5393217531320423, (5, 5): 0.5371566219665551, (5, 4): 0.4540690690055887, (5, 3): 0.463816986068002, (5, 2): 0.6315709763223923, (5, 1): 0.463816986068002, (6, 8): 0.5565305368623015, (6, 3): 0.4582771364316059, (7, 11): 0.8404824904215437, (7, 10): 0.9267708505533189, (7, 9): 0.5451354241019605, (7, 8): 0.5348404737892074, (7, 7): 0.5482943041728939, (7, 6): 0.5483071557279023, (7, 4): 0.46826653030745197, (7, 3): 0.4615178599147606, (7, 2): 0.5156140235003158, (7, 1): 0.4407003753949817, (8, 11): 0.980099999999998, (8, 10): 0.9339272330138327, (8, 9): 0.9267708505533189, (8, 8): 0.5451354241019605, (8, 7): 0.5348404737892074, (8, 6): 0.5482943041728939, (8, 5): 0.5483071557279023, (8, 4): 0.5393217531320423, (8, 3): 0.49409867358682563, (8, 2): 0.4615178599147606, (8, 1): 0.45438579577074056, (9, 11): 0.9899999999999987, (9, 10): 0.9244593829035812, (9, 9): 0.9339272330138327, (9, 8): 0.9267708505533189, (9, 7): 0.5451354241019605, (9, 6): 0.5348404737892074, (9, 4): 0.46240702084750723, (9, 3): 0.4615178599147606, (9, 2): 0.45438579577074056, (9, 1): 0.4407003753949817, (10, 11): 0.9999999999999993, (10, 10): 0.49409867358682563, (10, 9): 0.9244593829035812, (10, 8): 0.9339272330138327, (10, 7): 0.9267708505533189, (10, 6): 0.5451354241019605, (10, 4): 0.4612574343797691, (10, 3): 0.45438579577074056, (10, 2): 0.4407003753949817, (10, 1): 0.6315709763223923, (11, 11): 0.0, (11, 10): 0.9915038738001035, (11, 9): 0.49409867358682563, (11, 8): 0.9244593829035812, (11, 7): 0.9339272330138327, (11, 6): 0.6315709763223923, (11, 4): 0.3589302528482005, (11, 3): 0.4407003753949817, (11, 2): 0.6315709763223923, (11, 1): 0.463816986068002}"
"(<Abstr_type.A_STAR: 2>, 0.0, <Corr_type.UNI_RAND: 1>, 0.1, 4)",2,"{(1, 11): 0.46227378827079507, (1, 10): 0.6328753100044999, (1, 9): 0.6001270971982159, (1, 8): 0.6571168531194408, (1, 7): 0.7031884518105126, (1, 5): 0.3983934601543286, (1, 4): 0.8489552806797251, (1, 3): 0.6240675653276418, (1, 2): 0.3716271946767698, (1, 1): 0.14853412005639946, (2, 11): 0.6328753100044999, (2, 10): 0.5510926763906894, (2, 9): 0.7145030779880933, (2, 8): 0.6405581495202387, (2, 7): 0.7718524335163401, (2, 5): 0.678534264207836, (2, 4): 0.678534264207836, (2, 3): 0.6571168531194408, (2, 2): 0.6240675653276418, (2, 1): 0.3716271946767698, (3, 11): 0.6001270971982159, (3, 10): 0.7145030779880933, (3, 9): 0.7144141458334091, (3, 8): 0.8472835328216397, (3, 7): 0.8594897572675895, (3, 6): 0.7718524335163401, (3, 5): 0.7031884518105126, (3, 4): 0.6942810280855525, (3, 3): 0.7306666087591278, (3, 2): 0.6571168531194408, (3, 1): 0.6240675653276418, (4, 11): 0.7145030779880933, (4, 10): 0.7144141458334091, (4, 9): 0.7100644730645872, (4, 8): 0.8489552806797251, (4, 7): 0.5017450180760717, (4, 5): 0.6942810280855525, (4, 4): 0.7306666087591278, (4, 3): 0.678534264207836, (4, 2): 0.7306666087591278, (4, 1): 0.6571168531194408, (5, 11): 0.9252095851101441, (5, 10): 0.7100644730645872, (5, 9): 0.6933462601478331, (5, 8): 0.8839788401519996, (5, 7): 0.8728065493051759, (5, 5): 0.46227378827079507, (5, 4): 0.6328753100044999, (5, 3): 0.7306666087591278, (5, 2): 0.6942810280855525, (5, 1): 0.7306666087591278, (6, 8): 0.8998051030046548, (6, 3): 0.8285601014589792, (7, 11): 0.8572553478468649, (7, 10): 0.9574282106865144, (7, 9): 0.9252095851101441, (7, 8): 0.9092357227698291, (7, 7): 0.897773049537933, (7, 6): 0.8844836840835406, (7, 4): 0.8472835328216397, (7, 3): 0.8594897572675895, (7, 2): 0.7100644730645872, (7, 1): 0.7031884518105126, (8, 11): 0.9800999999999983, (8, 10): 0.9677975469900155, (8, 9): 0.9574282106865144, (8, 8): 0.9252095851101441, (8, 7): 0.9092357227698291, (8, 6): 0.897773049537933, (8, 5): 0.8844836840835406, (8, 4): 0.8728065493051759, (8, 3): 0.973365759808691, (8, 2): 0.8594897572675895, (8, 1): 0.7718524335163401, (9, 11): 0.9899999999999989, (9, 10): 0.9754503946836728, (9, 9): 0.9677975469900155, (9, 8): 0.9574282106865144, (9, 7): 0.9252095851101441, (9, 6): 0.9092357227698291, (9, 4): 0.8415170233184065, (9, 3): 0.8594897572675895, (9, 2): 0.7718524335163401, (9, 1): 0.7031884518105126, (10, 11): 0.9999999999999994, (10, 10): 0.973365759808691, (10, 9): 0.9754503946836728, (10, 8): 0.9677975469900155, (10, 7): 0.9574282106865144, (10, 6): 0.9252095851101441, (10, 4): 0.7475062546049839, (10, 3): 0.7718524335163401, (10, 2): 0.7031884518105126, (10, 1): 0.6942810280855525, (11, 11): 0.0, (11, 10): 0.9999978356070813, (11, 9): 0.973365759808691, (11, 8): 0.9754503946836728, (11, 7): 0.9677975469900155, (11, 6): 0.6942810280855525, (11, 4): 0.6010064569987186, (11, 3): 0.7031884518105126, (11, 2): 0.6942810280855525, (11, 1): 0.7306666087591278}"
"(<Abstr_type.A_STAR: 2>, 0.0, <Corr_type.UNI_RAND: 1>, 0.1, 4)",3,"{(1, 11): 0.37550927817663354, (1, 10): 0.6018266893144228, (1, 9): 0.6353487061833416, (1, 8): 0.749843983469213, (1, 7): 0.7682903583967028, (1, 5): 0.3045912590205435, (1, 4): 0.6469851690308269, (1, 3): 0.715222451634591, (1, 2): 0.5046466594856903, (1, 1): 0.21274847249966156, (2, 11): 0.6018266893144228, (2, 10): 0.3610949915786536, (2, 9): 0.7525670673859509, (2, 8): 0.7630759301461727, (2, 7): 0.7887700240511338, (2, 5): 0.7464016963473177, (2, 4): 0.7464016963473177, (2, 3): 0.749843983469213, (2, 2): 0.715222451634591, (2, 1): 0.5046466594856903, (3, 11): 0.6353487061833416, (3, 10): 0.7525670673859509, (3, 9): 0.8036298758083559, (3, 8): 0.8594015267378313, (3, 7): 0.8809221115753937, (3, 6): 0.7887700240511338, (3, 5): 0.7682903583967028, (3, 4): 0.7728750868250213, (3, 3): 0.7885897185444528, (3, 2): 0.749843983469213, (3, 1): 0.715222451634591, (4, 11): 0.7525670673859509, (4, 10): 0.8036298758083559, (4, 9): 0.7920206585877214, (4, 8): 0.6469851690308269, (4, 7): 0.8630732056086159, (4, 5): 0.7728750868250213, (4, 4): 0.7885897185444528, (4, 3): 0.7464016963473177, (4, 2): 0.7885897185444528, (4, 1): 0.749843983469213, (5, 11): 0.9214757888639108, (5, 10): 0.7920206585877214, (5, 9): 0.8590073367233185, (5, 8): 0.8821641557420983, (5, 7): 0.8715668555035015, (5, 5): 0.37550927817663354, (5, 4): 0.6018266893144228, (5, 3): 0.7885897185444528, (5, 2): 0.7728750868250213, (5, 1): 0.7885897185444528, (6, 8): 0.8959975840960098, (6, 3): 0.863461711033428, (7, 11): 0.8951625366745645, (7, 10): 0.9308240071515578, (7, 9): 0.9214757888639108, (7, 8): 0.9115266896852348, (7, 7): 0.8968385936148914, (7, 6): 0.8826348765111802, (7, 4): 0.8594015267378313, (7, 3): 0.8809221115753937, (7, 2): 0.7920206585877214, (7, 1): 0.7682903583967028, (8, 11): 0.9184533486754382, (8, 10): 0.9422194230061689, (8, 9): 0.9308240071515578, (8, 8): 0.9214757888639108, (8, 7): 0.9115266896852348, (8, 6): 0.8968385936148914, (8, 5): 0.8826348765111802, (8, 4): 0.8715668555035015, (8, 3): 0.9340899195648185, (8, 2): 0.8809221115753937, (8, 1): 0.7887700240511338, (9, 11): 0.9899999999999989, (9, 10): 0.9515726133292154, (9, 9): 0.9422194230061689, (9, 8): 0.9308240071515578, (9, 7): 0.9214757888639108, (9, 6): 0.9115266896852348, (9, 4): 0.8628938670011852, (9, 3): 0.8809221115753937, (9, 2): 0.7887700240511338, (9, 1): 0.7682903583967028, (10, 11): 0.9999999999999994, (10, 10): 0.9340899195648185, (10, 9): 0.9515726133292154, (10, 8): 0.9422194230061689, (10, 7): 0.9308240071515578, (10, 6): 0.9214757888639108, (10, 4): 0.8518017583297237, (10, 3): 0.7887700240511338, (10, 2): 0.7682903583967028, (10, 1): 0.7728750868250213, (11, 11): 0.0, (11, 10): 0.9302087921434236, (11, 9): 0.9340899195648185, (11, 8): 0.9515726133292154, (11, 7): 0.9422194230061689, (11, 6): 0.7728750868250213, (11, 4): 0.8071309315328924, (11, 3): 0.7682903583967028, (11, 2): 0.7728750868250213, (11, 1): 0.7885897185444528}"
"(<Abstr_type.A_STAR: 2>, 0.0, <Corr_type.UNI_RAND: 1>, 0.1, 4)",4,"{(1, 11): 0.38421268187637, (1, 10): 0.5027652028272138, (1, 9): 0.5298746019608634, (1, 8): 0.709828472310851, (1, 7): 0.7514979446383988, (1, 5): 0.47262542808353, (1, 4): 0.5805053187909037, (1, 3): 0.6118834484150588, (1, 2): 0.47093094082782005, (1, 1): 0.13811711415568, (2, 11): 0.5027652028272138, (2, 10): 0.33629732286615904, (2, 9): 0.718810811946091, (2, 8): 0.8492562291605386, (2, 7): 0.8638816492188347, (2, 5): 0.6290462488028181, (2, 4): 0.6290462488028181, (2, 3): 0.709828472310851, (2, 2): 0.6118834484150588, (2, 1): 0.47093094082782005, (3, 11): 0.5298746019608634, (3, 10): 0.718810811946091, (3, 9): 0.7957356681291228, (3, 8): 0.8895913845976717, (3, 7): 0.9034160418200146, (3, 6): 0.8638816492188347, (3, 5): 0.7514979446383988, (3, 4): 0.6853109854417919, (3, 3): 0.7109813657990502, (3, 2): 0.709828472310851, (3, 1): 0.6118834484150588, (4, 11): 0.718810811946091, (4, 10): 0.7957356681291228, (4, 9): 0.7894856200860224, (4, 8): 0.5805053187909037, (4, 7): 0.8784226517647032, (4, 5): 0.6853109854417919, (4, 4): 0.7109813657990502, (4, 3): 0.6290462488028181, (4, 2): 0.7109813657990502, (4, 1): 0.709828472310851, (5, 11): 0.9222748788808759, (5, 10): 0.7894856200860224, (5, 9): 0.8727353993103201, (5, 8): 0.89793803632126, (5, 7): 0.8877855012302667, (5, 5): 0.38421268187637, (5, 4): 0.5027652028272138, (5, 3): 0.7109813657990502, (5, 2): 0.6853109854417919, (5, 1): 0.7109813657990502, (6, 8): 0.9086651614918667, (6, 3): 0.8906125872391457, (7, 11): 0.5893792552385709, (7, 10): 0.9427935594319087, (7, 9): 0.9222748788808759, (7, 8): 0.9126891556415629, (7, 7): 0.9076645603607848, (7, 6): 0.8980804556774111, (7, 4): 0.8895913845976717, (7, 3): 0.9034160418200146, (7, 2): 0.7894856200860224, (7, 1): 0.7514979446383988, (8, 11): 0.9791516059542469, (8, 10): 0.952344707846059, (8, 9): 0.9427935594319087, (8, 8): 0.9222748788808759, (8, 7): 0.9126891556415629, (8, 6): 0.9076645603607848, (8, 5): 0.8980804556774111, (8, 4): 0.8877855012302667, (8, 3): 0.9490352803403641, (8, 2): 0.9034160418200146, (8, 1): 0.8638816492188347, (9, 11): 0.9899999999999988, (9, 10): 0.9544587533672131, (9, 9): 0.952344707846059, (9, 8): 0.9427935594319087, (9, 7): 0.9222748788808759, (9, 6): 0.9126891556415629, (9, 4): 0.8783487406806928, (9, 3): 0.9034160418200146, (9, 2): 0.8638816492188347, (9, 1): 0.7514979446383988, (10, 11): 0.9999999999999994, (10, 10): 0.9490352803403641, (10, 9): 0.9544587533672131, (10, 8): 0.952344707846059, (10, 7): 0.9427935594319087, (10, 6): 0.9222748788808759, (10, 4): 0.8632518044349987, (10, 3): 0.8638816492188347, (10, 2): 0.7514979446383988, (10, 1): 0.6853109854417919, (11, 11): 0.0, (11, 10): 0.9999999999059275, (11, 9): 0.9490352803403641, (11, 8): 0.9544587533672131, (11, 7): 0.952344707846059, (11, 6): 0.6853109854417919, (11, 4): 0.7343683101824445, (11, 3): 0.7514979446383988, (11, 2): 0.6853109854417919, (11, 1): 0.7109813657990502}"
