"(<Abstr_type.A_STAR: 2>, 0.0, 'explicit errors', 0, 0)",0.0005090058469100903,0.13095794692442492,0.009683586635158914,0.07911223010475538,0.26187650162980136,0.22691716769525277,0.3457608334820533,0.18673484624039494,0.24534542240395601,0.1555642718798293,0.192119202,0.0,0.18829602988019997,0.24418869021777206,0.5770676508517433,0.0,0.16690275229001747,0.3772769743432258,0.192119202,0.3499944571008441,0.3960199999999999,0.15246854286942071,0.0,0.3658683645537956,0.19602,0.002849163095676444,0.3900798,2.0666952612347864e-32,0.2,0.5650055047388876,0.2,0.0,0.2882449537518796,0.3940598,0.18087641500176088,0.3921192027532785,3.6110920156881676e-37,0.19405979999999998,0.5435486977428418,1.6796661056831283e-26,0.18274363226193968,0.2617088941269302,0.1940598,0.0,0.16358138751944612,0.36736368073194325,1.1759479085125232e-12,0.19405979999999998,0.7430388866089311,0.37201167092825765,0.3555642718798293,0.2,0.19602,0.392119202,0.4,0.0,0.3737491625537956,0.4,0.38829602988019996,0.0,0.0004957253983176473,0.3881393914953425,0.30633701519337075,0.2,0.460596648972219,0.3449960671915707,0.3881196,0.18087641500176085,5.177010914552207e-07,0.5764352318802,0.1882960298939963,0.19602,0.0,0.19602,0.2,0.13113184411482876,0.11623328282362193,0.192119202,0.18829602988019997,0.38813920199999996,0.386413069581398,0.17374916255379563,0.0,0.18641306958139797,0.1989567632232823,0.3259662590144312,0.006561394629739483,0.0,0.0,0.1619455736442517,0.2,0.35094385744072654,0.2,0.388140206977265,0.4461812191638205,9.664038722800374e-27,0.17550420459979357,0.3425098056455022,0.4,0.1940598
"(<Abstr_type.PI_STAR: 3>, 0.0, 'explicit errors', 0, 0)",0.04642576397316682,0.1911414092386739,0.25498933278510194,0.5299962852356053,0.572904852948357,0.7579531904132304,0.9216687945661572,0.968532869581398,0.9206212717180625,0.9591386813769283,0.965019479376928,0.9516597224331413,0.9666718597603999,0.9439102162034259,0.9390015509361078,0.9683780039999998,0.7803172119808964,0.9454760483271819,0.9630429787457839,0.9784152318802001,0.9704950318802,0.9533915903823121,0.8236501683017888,0.9821198000000001,0.9538218145797936,0.9783176099799998,0.8792849439000413,0.9120705381726563,0.9489080859300186,0.9511633511427959,0.9650206614767282,0.9649024514967282,0.9377360895285285,0.9191909989483088,0.9668032494967281,0.959044149142796,0.9494723489583261,0.9743958298801999,0.964884968765784,0.9623315542189751,0.7455324355143239,0.7897196690967725,0.7671445809671578,0.7679597292744582,0.7351030594434895,0.7503579046742163,0.7839876054296611,0.9535645558873449,0.9332557249847591,0.9524006196015545,0.8496767850139821,0.982199002,0.9685544338802,0.969172444881961,0.97633721198,0.7605733985974649,0.7860603195717797,0.9457054579637102,0.9764152318802,0.7996786607418064,0.9652856608317432,0.9373591662700174,0.7956228487170423,0.972611079561398,0.9612337247671172,0.9745140398602,0.7742679134135504,0.791428984646692,0.9593056608317433,0.8910609714562204,0.8690095640067895,0.9578202344799935,0.7650554170141132,0.8732918308777439,0.9044890314138311,0.7596141650413092,0.8109479894307249,0.953355687751168,0.98421800998,0.9788764150017609,0.7763576063304012,0.9148184471072328,0.8761758126847787,0.9120336781543052,0.9862960298801999,0.980199002,0.8255318617949191,0.9497385304131413,0.8995967453987046,0.9025921281930736,0.9387990138138417,0.9705722715813978,0.7651924448819608,0.961137877771168,0.9285509190020773,0.7411997210276559,0.5941570744568955,0.69122731129644,0.9505057107884577,0.951875894378689
"(<Abstr_type.Q_STAR: 1>, 0.0, 'explicit errors', 0, 0)",0.00298757204090333,0.36477785030702303,0.26015925045739224,0.25219888561714454,0.40498614536238586,0.06360403679491423,0.09965418973121579,0.1259733604901286,0.8179386371834225,0.3712370219147878,0.6002083443164511,0.381862015435388,0.36144355414827967,0.24447422776558952,0.31019949496657195,0.4204606816272195,0.5194618396922566,0.18087641500176088,0.39402,0.33435314425905405,0.16358138751944615,0.3404430319952111,0.580568938885584,0.3940200001271701,0.5436838718798293,0.380568938885584,0.5715242045997936,0.3827034494967282,0.06554455148756075,0.3960200000001657,0.2,0.39204,0.7689217055607867,0.1882960310882959,0.3632337247671173,0.37329697434322584,0.37284496876578394,0.3475685285622009,0.3940598,0.3392826436099147,0.3702915542189751,0.3469638574407265,0.19602,0.4,0.15246854302966242,0.2,0.3324890135633806,0.4,0.376668140885584,0.5921192019999999,0.48473820916436755,0.5245423204169436,0.36939617634322586,0.37329697434323633,0.3551987821702175,0.59602,0.18087641500176088,2.2985346328854353e-28,1.0605907053925929e-07,0.38454923975607086,0.29671674990649766,0.20000000000000276,0.22191658111266963,1.1580387064738581e-07,0.5208340949511866,0.35406477564425165,0.3748226514967282,0.3359998310719569,0.33390981717381557,0.19019800997999997,0.41368837127328717,0.3715242045997935,0.17374916255379563,0.0327615939416175,0.3804152318802,0.19602,0.06892243666950353,0.37906765085174327,0.5807034494967281,0.36292275229001747,0.2,0.48729024069815174,0.38813920199999996,0.5546255775555565,0.18087641500176088,0.580568938885584,0.18829602988019997,0.5100420614503256,0.0,0.16358138751944612,0.19602,0.392119202,0.0,0.18270344949672818,5.673118980632258e-08,0.38431602988019997,0.19602000000021086,0.760371354218975,0.20000000000001644,2.4830805405486533e-25
"(<Abstr_type.A_STAR: 2>, 0.0, 'explicit errors', 0, 1)",0.001159179586853879,0.21829535560630306,0.11272920188888844,0.30826619258546517,0.3409526075675659,0.15613907206582603,0.0,0.03925830280460506,0.0,0.25288148844575276,0.19602,0.0,0.19405979999999998,0.5804152318802,0.30943132847815225,0.2,0.27344732938470084,0.2,0.184548938885584,1.0657586101400418e-33,0.37853227158139796,0.0,0.3827034494967282,0.543271795614315,0.3940598,0.0,0.3940598,0.4818412197931643,0.1509438574407265,0.1772769743432258,0.19211920200000002,0.19602,0.2583522162898285,1.0092400779075034e-10,0.39602,0.0,0.3655730042234258,0.5843160298801999,0.18829602988019997,0.0005880887374244007,0.19405979999999998,0.0,0.19602,0.376668140885584,0.192119202,0.34597040314176075,1.2744013460788058e-31,0.0,0.0,0.00036302137961128045,0.3852948912759837,0.39602000005412236,1.6796580490243146e-07,0.2,0.18087641850968889,0.041698492346952255,0.19602000100817268,2.9660510061777556e-22,0.5057752401684577,0.1652337247671173,0.029039381243156533,0.192119202,0.1392826436099147,0.192119202,0.39124393160688736,0.44723152747189604,0.18641306958139797,0.38431602988019997,0.5412910335959032,1.0081726825253402e-09,0.32809504540523904,0.19019800997999997,0.2,0.2,0.19602,0.0,0.4,0.0,0.5453792050707184,0.1509438574407265,0.5843160298801999,0.0,0.16690275229001747,0.2,0.18270344949672815,0.14794007467765605,0.22983057103347543,0.19405979999999998,0.2,0.0,0.012609809046429115,0.04946773717877363,0.5881980099799999,0.1878616944449027,0.04429035744777219,0.7474983251075912,0.5464606739308795,0.0,0.38235582988019995,0.198
"(<Abstr_type.PI_STAR: 3>, 0.0, 'explicit errors', 0, 1)",0.0005878424031535548,0.5647161797304419,0.7271104701019883,0.7840429140408052,0.9461267685537955,0.8506637320185428,0.9783758298802001,0.9554286865831589,0.9594828827319433,0.9900798,0.9160211383998549,0.7687992775779786,0.8927772509591156,0.826412922155745,0.9180019264796551,0.9500996258399541,0.817408549013147,0.9579655736442516,0.9843160298802,0.9474717347471173,0.9469080859300185,0.9114471340038384,0.9704564139799998,0.9455517509583261,0.974611079561398,0.968864968765784,0.7577730477749307,0.9522700749282575,0.9610418084669821,0.8173939823711074,0.9488238258003732,0.9335126401414436,0.7756688873766979,0.8789645195318222,0.953692994303226,0.7688214133027602,0.9111394940149481,0.9744750318802,0.945457028526184,0.984179002,0.7552199170490875,0.8096630458577483,0.978532271581398,0.9782388019999999,0.9367212843709616,0.9313411555114165,0.9783372119799999,0.951104554865584,0.964826748865584,0.9645548318802,0.961445353887345,0.9544705562189751,0.9424484829082577,0.964787740885584,0.9557626085997935,0.951339008625984,0.9165314925298121,0.9666718597603999,0.9439678539046238,0.9426604098138416,0.966572669581398,0.7866414719927852,0.8157457779078188,0.9361704295975273,0.95982591322881,0.7646344345500836,0.784865311748894,0.9380927801935413,0.9687302815613978,0.958964568765784,0.966828301461598,0.9262178955329012,0.9438982234687427,0.9322344434287428,0.964632071581398,0.9596832065997936,0.974318204,0.98819800998,0.6674747632844414,0.9560731434853776,0.9880798000000001,0.8111852697427426,0.9455876885831589,0.7496899719336272,0.9075670759950288,0.7669337549955636,0.9282767035129013,0.7764352319056693,0.9102609084108731,0.9685544338801998,0.9725140398601999,0.830453632469798,0.7629812594767309,0.7897060855156777,0.9596634065997935,0.9724750318801998,0.9685352219600001,0.964826748865584,0.9481261745337957,0.9648283014615979
"(<Abstr_type.Q_STAR: 1>, 0.0, 'explicit errors', 0, 1)",0.023515823399212838,0.22511403104643724,0.27722972820781905,0.054534141928366954,0.2658222000036826,0.0036630044434910213,0.3152387758088987,0.5568846685569853,0.3424806739308795,0.2,0.33826772358451007,0.45122290187317116,0.18087641500176133,0.39602,0.37906765085174327,0.192119202,0.2,0.16690275229001747,0.2,0.18087641500176085,0.7822384039999999,0.18829602988019997,0.2,0.0,0.0,0.12222344790657302,0.19405979999999998,0.3440407167727707,0.17906765085174325,0.2,0.39602,0.19602,0.3492533671535892,1.4561179556832741e-24,0.37689641500176085,0.19602000008680054,0.38819800998,4.180925074147125e-33,0.5843160298801999,0.38829602988019996,4.097705010092871e-14,0.39602,0.37853227158139796,2.38270314940695e-05,6.845049439632733e-24,0.2,0.19602,0.19602,0.17550420459979357,2.1928232642970287e-12,0.3900798,0.38813920199999996,0.3900798,0.39211920200000006,0.19602,0.39602,0.1702915542189751,5.455371321964435e-28,0.5533729267671174,0.192119202,0.38813920199999996,0.09040873005329508,0.19602,0.5921192019999999,0.0,0.39019800998,0.2,0.2,0.38425780998,0.0,0.4,0.2,0.49027515042046543,0.19602,0.0,0.1940598,0.3663115542189751,0.18087641500176088,0.36358138751944613,0.5660316709313438,3.769151195013363e-11,0.19405979999999998,0.0,0.2,0.34818085804139054,0.192119202,0.11979120129323222,0.5076221042922169,0.3620451924339956,0.390119202,0.3772769743432258,0.192119202,0.0,0.38813920199999996,0.5730876508517433,0.1272370972127742,0.16358138751944612,0.7102807561208464,0.386179002,0.15713562816144375
"(<Abstr_type.A_STAR: 2>, 0.0, 'explicit errors', 0, 2)",1.4299135261919568e-05,0.015149851711969984,0.5948484125203868,0.0008124891052507183,0.0673515632176622,0.12479669129431432,1.6134728200571407e-07,0.20923420575941182,0.5508420587287312,0.09224439348361914,0.13113184411482876,0.0,0.184548938885584,0.0,0.19602,0.16690275229001747,0.003590110655009028,0.36976916255379566,0.3749362150017609,0.2739459275299453,7.616929522156895e-11,0.0,2.4106114398322695e-35,0.192119202,0.13514580981205662,0.6081926462373367,0.3535642718798293,0.1555642718798293,1.9550259183059265e-08,0.3960538717884264,0.2,0.3410160671915706,9.740971171377062e-06,0.20925366790554834,0.21187188490495018,0.2631513649410146,0.025989740708332494,0.013620373653049717,0.38431602988019997,0.20001853317402718,0.6296294836920863,0.5038634754579802,0.3709994793769281,0.16393010440824546,2.3192854911819554e-08,0.3877404398929969,0.39329576296336644,0.19806825463488906,0.39602,1.0765186849897208e-14,4.001323378574927e-20,1.4128697962815255e-24,9.587621896625903e-10,0.192119202,0.33711526919157075,0.184548938885584,0.18454893948943507,0.390119202,0.3314020551400987,0.07414075339976159,0.3362361123913449,0.16581991268331392,0.39602,0.588139202,0.5496240718798292,0.5449131304049859,0.2547045443050432,0.19602,0.2769056262054345,0.586413069581398,0.014663153501001117,0.2,0.19602,1.2583210663026718e-19,0.18454893888558402,0.2943566772063009,4.203084446469033e-19,0.33031083386808013,0.19601999999999997,0.37550420459979356,0.2,0.380568938885584,0.5750876508517433,0.19026509798776306,0.3158112012932323,0.522090381594136,0.2,0.20000000269952012,0.10943132847815222,0.572844968765784,0.59204,1.4385160417515918e-41,0.2,0.1619455736442517,0.6,0.18829602988019997,6.0898758059627e-37,0.19019800998000003,0.384548938885584,0.3324564081967967
"(<Abstr_type.PI_STAR: 3>, 0.0, 'explicit errors', 0, 2)",0.025640400483666937,0.22365583879708,0.382218632003541,0.39602861016334284,0.6021640313129195,0.7409550463919763,0.8404863126062926,0.9501843944339956,0.954529958218975,0.744983476739781,0.9104328864616047,0.9669047687657841,0.7207576561921831,0.6441456473216526,0.8056003873257727,0.7695935625472087,0.959291646881961,0.9803360298802,0.9518509003484714,0.8312083131338822,0.7670757546273667,0.7440319929937184,0.9555945843232259,0.9406690231409798,0.9572174893569283,0.9785689388855839,0.9684170119800001,0.9192804540179352,0.9684564139799999,0.9587078406767853,0.9801792020000001,0.936002646536952,0.9310070873317369,0.976492869581398,0.97637701198,0.9106270921718294,0.9743560298802001,0.95386591322881,0.9495084747621607,0.9480580444599935,0.9402354663601935,0.8712711899857031,0.9609645687657838,0.9726881408855841,0.9726881408855841,0.9454921287671173,0.9460144571008442,0.9271134607933933,0.9330446718109238,0.9551976777711682,0.9666332418601999,0.8958948384678737,0.947337873456728,0.9320963762638454,0.9476797224331411,0.9435708931756015,0.7615351720163819,0.9652856608317432,0.7553916488500523,0.5809976375760206,0.7580623397929627,0.9688449687657841,0.9478902162034257,0.7611542249817609,0.9727832494967282,0.8959670036057525,0.9801198000000001,0.9647306795613979,0.9570641608455841,0.8627773907758822,0.9370406536805731,0.9349135640805531,0.9555616907119433,0.95143487804838,0.8884214139906552,0.723528341975457,0.9669612594767282,0.719814827173958,0.9823172119799999,0.7821947822150485,0.9423400392340554,0.9481162643601936,0.8824246941594505,0.959059479376928,0.7688067795960227,0.939137693381771,0.9325683654453776,0.8131996865092423,0.9041206198136418,0.934817494776367,0.9597426085997934,0.9517133883232258,0.9589092717404,0.7631341475656972,0.8606459435903627,0.990119202,0.9442055765337957,0.9551946190017608,0.9461196258399539,0.966730281561398
"(<Abstr_type.Q_STAR: 1>, 0.0, 'explicit errors', 0, 2)",0.025200827091079726,0.2946233454919058,0.5089301845208907,0.3550812163772161,0.42611510680675524,0.05615697393139234,0.049467737178773646,0.19676932575453057,0.0,3.8477247140230625e-21,0.3623614335586869,0.4,0.18270344949672815,0.34749832510759127,0.192119202,0.4907300474766066,0.2,0.38829602988019996,0.3000688642792505,0.5808764150017609,0.2,0.392119202,0.198,0.0,0.2,0.0,0.27704427533836234,0.0,0.37299561700176087,0.07620942362090996,0.058097698861992744,0.36911651907812615,0.0,0.18829602988019997,0.37906765085174327,0.2,0.2,0.2,0.28960434628422027,0.0,0.0,0.001395777286774439,0.3732969966221897,0.17201167092825767,0.7139202404954318,0.19051656887240698,1.0060461028565354e-26,0.3806034984085168,0.392119202,0.1960200000010216,0.4002131069024615,0.20257673203290358,0.5360751971719784,5.0228892693160435e-05,0.2,0.7803360298802,0.18829602988019997,0.5770676508517433,2.285201485461404e-32,3.8152894363380146e-13,0.38454893888558395,0.37383541373082024,0.1555642718798293,0.19602,0.2,0.39211920200000006,0.18829602988019997,0.19405985504621673,0.19019800997999997,0.14794007467765607,0.39602,0.0,0.0,0.19602,0.38629602988019995,0.184548938885584,0.17550420459979357,0.0,0.11165322770957273,2.68244336354899e-22,0.2,0.0,0.13928264360991663,0.39800356551048416,0.192119202,0.15094385801498286,7.006204433959382e-08,0.2,1.610061733341699e-05,0.006830545371242468,0.19602,0.35331582187141547,0.2,0.19602,0.5732969743432259,0.392119202,0.17374916255379563,0.2,0.5804152318802,0.0
"(<Abstr_type.A_STAR: 2>, 0.0, 'explicit errors', 0, 3)",0.0016117175636404183,0.0009450733072622899,0.4297922900439774,0.5285509190020774,0.12094682429786696,0.5799121045786146,0.19965472118809918,0.28184070713968373,0.4759288829614888,0.4193013394066426,0.5559194364799935,0.5888091006256391,0.17933889029623457,0.2368852021992672,0.19602000000003317,0.198,0.36976916255379566,0.2,0.18270344949672818,0.4,8.471387451703737e-07,0.0,0.0,0.20000000000629953,0.36803167092825767,0.01985931067857293,0.17201167092825767,0.33329209707177065,0.35960138751944615,0.3515842718798293,0.17201167092825767,0.2846875829693775,0.20000018202846997,0.2,0.36858864181554407,0.19983090526151331,0.2035916105295728,0.18843160539852602,0.1772769743432258,0.22423376327140968,0.0,0.19602,0.35244531990780914,0.19019800997999997,0.0,0.3702915542189751,0.0,0.0,0.18087641500176085,9.597818757242954e-30,0.5282208317839523,0.0,0.5646086386767853,0.3903109772681762,0.0,0.008435606133017543,0.2,0.19211920200037397,0.0,0.1669027522900175,6.329614663809192e-26,0.38829602988019996,0.3251916441148287,0.37201167092825765,0.188296064202914,0.0,0.35438591790780916,0.11623328282362193,0.0,0.19602000000047118,0.15872287224409598,3.0697449855582476e-21,0.3823558298802,4.78718006107018e-09,0.0,0.3750876508517432,0.5881196,8.146196587883294e-08,4.018295795244978e-24,2.776266454601482e-07,0.11859328928029989,1.0523915277859256e-21,0.18530620912552248,7.933594182587871e-21,2.571296826765072e-20,0.2,0.3139202404954319,0.0010221324103919939,0.15247082363303227,0.2317885418399575,0.38385757121365943,0.16868211109396605,0.17550420459979357,0.18269402525074227,0.0,0.5921192019999999,0.3921192834619659,0.42723803459737286,0.380568938885584,0.14943441886631922
"(<Abstr_type.PI_STAR: 3>, 0.0, 'explicit errors', 0, 3)",0.05211833523573892,0.3351772827921797,0.7630256428115818,0.6080395945910129,0.769172580888554,0.883129992792157,0.7865590893482196,0.9004122848236218,0.8794626553649607,0.9518292459246238,0.9611152170017607,0.9562694809082576,0.963117877771168,0.7702577922443468,0.8800351207611697,0.9613094845831588,0.9685738398602,0.9704552318802001,0.9743572119799999,0.9745140398601999,0.9632072508517432,0.9594828827319433,0.9373925691535894,0.9483488829082576,0.9727090994615979,0.7549394357421206,0.9726287388855841,0.890427353371957,0.7791784244600626,0.7605795144355972,0.8618408192031659,0.952988091541398,0.9592136269817608,0.97641601996,0.962691473581398,0.9515684182625123,0.966828301461598,0.851615896551505,0.9765920597604,0.8033483975062273,0.9004910928036217,0.9841592020000001,0.7815817445231272,0.9348839815555564,0.758773457398455,0.8621698531962434,0.9648283014615979,0.957005141162796,0.9764352318802001,0.9668661508655839,0.959062978745784,0.9649024514967282,0.976588938885584,0.9237013995381949,0.9107607244169437,0.9802380099800001,0.9606930418602,0.7670944249826483,0.753432549263202,0.9458221308736563,0.743038886608931,0.559162085485303,0.9350418357803731,0.966690879561398,0.5255632282371645,0.8547881258271687,0.7639678536205692,0.8405901490880927,0.9424604243141955,0.9881195999999999,0.5290089272384528,0.7306528296963221,0.864857233259176,0.5687873618551812,0.9592923883823122,0.7410127406360294,0.9308689781196394,0.9482331893449867,0.9207493230020773,0.9823558298801999,0.7199813383998549,0.6723099125076876,0.9478114082234258,0.9647312617603999,0.7775649645433378,0.9900798,0.9940200000000001,0.967474984323226,0.8937387365993941,0.96849621398,0.97825800998,0.8720374158656183,0.7726762958720698,0.5721497336670633,0.6591717676199812,0.9553904548619607,0.9218543517139359,0.9556638045997936,0.46091983054190866,0.7183476418629183
"(<Abstr_type.Q_STAR: 1>, 0.0, 'explicit errors', 0, 3)",0.01755569851296014,0.24541197617285126,0.22134915448615597,0.5131638398229166,0.32967910209011964,0.00861186618348471,0.5317337294602027,0.5325659565254672,0.2925309020928971,0.23694277836128846,0.4637033592704677,0.5214869823804189,0.5601508729282576,0.13552801382689686,0.6978179817276112,0.4407563684151022,0.3636907162260321,0.3601622321351936,0.5691474508517432,0.08684626535836239,0.08176581903797911,0.5764352318802001,0.5563461179078091,0.19602,0.588139202,0.3845528419432372,0.35858758410586616,0.33530264360991474,0.49319626997067745,0.4000000000000002,0.3338729417516739,0.3185932892802999,0.37659205976039994,0.5334927963263104,0.3920598,0.5511679692207359,0.28113802467773097,0.2771736218512131,0.5248351122865633,0.19019800997999997,0.376668140885584,0.2,0.15400862916103208,0.4,0.19601999999999997,0.5920598,0.3960200000118656,0.2,0.566828301461598,7.38291793885095e-29,0.34862214778800915,0.38087641500176084,8.907966441278357e-07,0.20000000212095048,4.366246109509552e-17,0.5568846685569853,0.3940598,0.584548938885584,6.808928521121461e-19,0.1882960298802167,3.5205380850877926e-13,0.13651091900207743,0.39602,0.2,0.19019800997999997,0.192119202,0.2822668444309602,0.5665886386767853,0.3581533893449867,0.20056491569492665,1.143432164421774e-14,0.5940597999999999,0.19618575910056996,0.39204000000001576,0.38454893888558395,0.6,0.20000000000208534,0.3790676508523676,0.2,0.17374916255379563,0.4,0.2,0.16032611790780915,0.2,4.659765217534167e-12,1.4446109813757363e-07,0.35994406585811733,0.1864130818946132,0.3901980099800309,0.19211936128033738,0.3772769743432258,6.96189568316317e-21,0.19800005130667114,0.5769039159698448,0.7725344338801999,0.1772769743432258,0.198,0.58231721198,0.39211920200000006,0.376668140885584
"(<Abstr_type.A_STAR: 2>, 0.0, 'explicit errors', 0, 4)",0.13592196270200635,0.3454509200215906,0.1863027938213587,0.2885032577698382,0.0,0.2,0.27114440451566474,0.11740735638749691,0.0,0.16690275229001747,0.0,0.18087641500176085,0.0,0.3639471725337956,0.2,0.19602,0.09506800840114141,5.899642791870075e-45,0.0,0.0,0.0,7.921030382075404e-29,0.19602,0.2,0.3654807204331412,0.2,0.12723709721277424,0.19019800997999997,0.380568938885584,0.18829602988019997,0.18829602988019997,0.2,1.0167435553897617e-17,0.0,0.18641306958139797,0.58231721198,0.37299561700176087,0.38454893888558395,0.10406810453006128,0.39204,0.39204,0.39019800998,0.0,0.39602,0.0,0.0,0.3243028867552135,0.0,0.1619455736442517,0.192119202,0.0,0.0,0.192119202,1.034649312699883e-24,0.339566106519655,0.14943441886631922,1.044545003526841e-14,0.17727797932049083,1.744878284065665e-43,0.19211920200000002,0.0,0.1365109190020774,0.18087641500176088,0.0,0.0,0.0,1.3876874350355092e-26,0.0,0.47984987256094913,0.1392826436099147,0.4,0.38454893888558395,0.2,0.1960200000000001,7.779812151858647e-12,0.3715242045997936,0.0,9.175806543501195e-16,0.17906765085174325,0.48368062725414207,0.0,0.0,0.384238404,3.659147917589935e-21,0.1669027522900175,0.2,0.1635813875194465,0.3960200286427772,0.2,0.3685886386767853,0.0,0.15713562816144375,0.2,0.0,0.2,0.398,0.192119202,0.398,0.2,0.192119202
"(<Abstr_type.PI_STAR: 3>, 0.0, 'explicit errors', 0, 4)",4.581068724839156e-05,0.33336633171184976,0.5371740552381259,0.7004118510777714,0.9569081014615979,0.998,0.944238233819954,0.9091198578876615,0.8929250688550727,0.8843604222806836,0.9572174893569281,0.9650944249817608,0.974611079561398,0.9492187821702176,0.942201875833504,0.8900376987601695,0.846976372486494,0.9609812594767281,0.9195902684844173,0.9571784813769281,0.7521753470061079,0.9646086386767854,0.918474114537856,0.9425626351749692,0.9029828889582401,0.9478584234687428,0.9596832065997936,0.9218803256736805,0.9666510795613981,0.845085883325449,0.8066136348711715,0.9199793025737966,0.9343483363850302,0.9673636807319432,0.839369411925593,0.9762588019999999,0.7805689389021161,0.9227390779308795,0.9036873250396382,0.9764940398601999,0.912899592142163,0.740962433780373,0.968864968765784,0.9280033577519033,0.9494896568619609,0.9589853528655838,0.943038886608931,0.96849621398,0.9100450679077084,0.9484006196015544,0.9344013936042517,0.7740747595149884,0.7614302222822261,0.959025129341798,0.9841592020000001,0.9482632024139956,0.986139202,0.7631936283042273,0.9501651825137957,0.7990872876445836,0.8729854673583624,0.9341536591008441,0.9882960298802,0.9762982039999999,0.9436876202625122,0.9419391705748543,0.9407698654315368,0.908250171673936,0.8860446494986899,0.955162180745784,0.7670194793790346,0.7471950312332885,0.9726310795613979,0.9298320746521164,0.96463442396,0.9475107923823121,0.7923614421697158,0.7586686461116675,0.914370294461658,0.7971586363407817,0.9438519963032258,0.9152865010897016,0.964866150865584,0.968612071581398,0.9258143517139361,0.9487749204249859,0.6677739958429881,0.9254271823804189,0.786861394745763,0.7787352718119578,0.757314529128411,0.9173168972127742,0.9592124448819609,0.9632466528517432,0.9632723883823122,0.9502432024139956,0.7984574279811908,0.9706518597603999,0.736964349515469,0.9592923883823122
"(<Abstr_type.Q_STAR: 1>, 0.0, 'explicit errors', 0, 4)",0.0801791986588842,0.05533503708307549,0.20785109557808007,0.3443089309083053,0.15953814690833068,0.36586991478668857,0.0,0.31755498323434206,0.18829602988019997,1.652345173282855e-20,0.20447851005420517,0.0,0.36220968090825767,0.19405980144766447,0.0,0.4,0.19211920200000002,0.192119202,0.39019800998,0.0,0.3505241278878091,0.17201167092825767,0.15246854286942071,0.38813920199999996,0.09896773192004142,1.777478525922538e-32,0.19211952479977742,0.5481245756442517,6.987744596446026e-34,0.20000015190526316,0.002307046759676769,0.39602,0.37201167092825765,0.1940598,0.0020449313577487116,3.614897893448545e-19,0.21273718237724984,0.3563461179078092,0.4,0.1960200000049994,0.20000007293601435,0.37201167092825765,0.540858361862672,0.5900399999999999,0.17906765085174328,0.2722065781568294,0.6,0.18829602988019997,0.5595941863232258,0.0,0.192119202,2.302191454710477e-39,0.39602,0.0,0.380568938885584,0.39602374926160844,0.786139202,0.39602,0.7841790019999999,0.4,0.5772769743432258,0.0,0.0,0.0,0.2,0.396,0.2,0.1960200003999197,0.19602,0.18087641500176088,0.5783372119799999,0.0,0.2,0.19602,0.011177143973983958,0.19211923597948688,0.3881392020000033,0.392119202,0.2,0.392119202,0.5860998000000001,0.5691482484160555,0.2,0.36956400459979355,5.697183078638302e-12,0.2,0.772783249496728,0.2,0.5691724448819608,0.386413069581398,0.4,0.59402,0.0,0.4,0.0,0.3940598,0.19602,0.4,0.198,0.5881392020509552
"(<Abstr_type.A_STAR: 2>, 0.0, 'explicit errors', 1, 0)",0.0016974476058171117,0.06297128994024888,0.003439838659455049,0.19605002344083913,0.20010617019095672,0.1921248631252857,0.0012054159540437392,0.19934900742886455,0.2409748895412159,0.18216711379011505,0.3215588793934546,0.382548938885584,0.3799283475412117,0.08050035663813779,0.3271518441148287,0.24648332920891605,0.18829602988019997,0.3879417709391486,0.27306559653566476,0.4111772890739226,0.33583032250760275,0.37284496876578394,0.4960888642792506,0.35556427187982936,0.0021939785131066436,0.192119202,0.19602000000000003,6.4478733244764636e-15,1.7559750804649802e-11,0.5322324127654132,0.31750984552408096,3.5730815352139086e-27,0.3454544188663192,0.3685886386767853,1.3064739070178107e-07,0.18641306958139797,0.16858863867678536,0.12982052567368046,0.18829602988019997,0.0003817299451760336,0.3528168134055389,0.39405979999999996,0.27523976748338824,0.38829602988019996,0.34354610651965495,0.18829602988019997,0.1882960298802,0.15254423009051823,0.2,0.08176403488450991,0.24166609202706812,0.39204,0.192119202,0.38829602988019996,0.29801714924991307,0.5090484679571967,0.392119202,0.17906765085174325,0.3285223204169436,0.34943441886631926,0.5322232790131871,0.6,0.41541716846597854,0.2,0.00014113687431001467,0.36175283000352176,0.20696276460678828,0.15646121455828904,6.26304093648896e-16,0.07933556128440505,0.4437452244867586,0.7369870182678535,0.372860434954553,0.17374916262408047,0.4488806502411736,0.1555642718798293,0.36003055012721885,0.2669663151799115,0.36976916255379566,0.19019800998000055,0.1964368988099858,0.23261130366181218,0.16117910147030542,0.16858863867678534,2.8627695209959186e-17,0.16523372476711734,0.5573529267671173,8.729146451338039e-30,0.30433444319021846,0.192119202,0.11859328928029989,0.20000000938688994,0.5509444685569853,0.5921192019999999,8.51636845389278e-31,0.7725344338801999,0.35592561031436176,0.2000000000001263,0.2,0.37282613916279594
"(<Abstr_type.PI_STAR: 3>, 0.0, 'explicit errors', 1, 0)",0.0009893424834942122,0.8707319092631917,0.582315233958265,0.5961427596757161,0.8348534567731581,0.9121038758877085,0.9783758298801999,0.9431142057157033,0.927317865660573,0.9599440658535041,0.9234189174522356,0.926315904557856,0.9182704471632046,0.861495036657731,0.7614636700107047,0.778258404,0.9689214594767283,0.7989843359009419,0.970766948865584,0.9422998957337043,0.9418035244433589,0.9764160199599999,0.9726120597604,0.930633831110781,0.9482420321351936,0.976588938885584,0.9535449538873448,0.9496016907119433,0.9503579014393797,0.9592272508517432,0.9766087388855841,0.7841392059154678,0.7666332421530626,0.978219002,0.965192444881961,0.9575261009934563,0.990119202,0.9514115903823122,0.9409612607287311,0.9424562795002499,0.7725508437340304,0.9448620587287311,0.9218668899218436,0.9636434065997935,0.9367621282305707,0.9704950318802,0.9480060738048237,0.9323666595959372,0.9764152318802,0.955064543162796,0.970844968765784,0.9556922062234257,0.9704950318802,0.9650944249817609,0.897333445041437,0.9205998888815902,0.9666718597603999,0.8086547967588784,0.8432980981429685,0.9226462737254433,0.5969197662505314,0.9572340210017609,0.9609224514967283,0.9531227787457839,0.9726681408855841,0.8220738913572301,0.9650218084669818,0.9666714735813979,0.9494116369617609,0.7347819637718234,0.9574125489583262,0.9533316468819608,0.98223800998,0.959023970765784,0.8435661979641356,0.9783758298802001,0.8972936450414372,0.9668661508655839,0.9704174059999999,0.986119202,0.7568528038026002,0.7474585065141512,0.9632723883823122,0.8575535657351765,0.9291526813952397,0.7762784040000233,0.7727090994615979,0.5843311496157588,0.7649641707883595,0.9663115542189751,0.9405864589263848,0.7669612594767281,0.9534884747621607,0.9666718597604002,0.9462835964339955,0.9458549937373272,0.707165508050356,0.9517133883232258,0.99204,0.9403824044139956
"(<Abstr_type.Q_STAR: 1>, 0.0, 'explicit errors', 1, 0)",0.001270609144874471,0.13928267465134264,0.0742186998600431,0.17664321432584654,0.16690275612756747,0.24848332920891605,0.2220604611963381,0.25475857303902405,0.4562987283681778,0.4,0.20000000000004814,2.685283380650022e-23,0.00024042254020978037,0.17201167092825767,0.3201590586116756,0.17550420459979357,0.386413069581398,0.198,5.625323106089794e-19,1.6921540528798325e-33,0.0,0.0,0.38431602988019997,0.3693961763432258,0.19325580177983687,0.14499606719157068,0.38813920199999996,0.3772769743432258,0.5843160298801999,0.2,0.192119202,0.2,0.16358521290625205,0.17906765085341494,0.1960200008498323,0.784159202,0.0012623159588632262,0.19405979999999998,0.16032611790780915,0.00188694955010084,0.2,0.5728226514967282,0.17727697435132478,8.95050720713187e-21,0.2,0.2000000273282864,0.5374463062254592,0.19602,0.2,0.19602,1.1859385812564923e-20,0.18641306958139797,7.771584044645338e-11,0.38813920199999996,0.39602,0.18829602988019997,0.19602,1.53359601056082e-35,0.184548938885584,0.18087641507204572,0.2,0.7218175917148267,0.19405980000000006,1.1088868889407223e-23,0.22522784086055184,0.59204,0.0,0.574709099461598,0.19602,0.392119202,0.38231721197999996,0.2,0.0,0.588139202,0.5940597999999999,0.38829602988019996,0.3750876508517432,0.59204,0.39019800998,0.38243306958139794,0.2,0.0,0.19602,0.18829602988019997,0.3711868554189558,0.5745140398602,0.2,0.2,0.1127810380904826,0.39602,0.17906765085174325,0.6,0.3940598,0.19602,0.0,0.584159202,0.39602,0.0,0.35244531990780914,0.19405979999999998
"(<Abstr_type.A_STAR: 2>, 0.0, 'explicit errors', 1, 1)",0.0022576557771498136,0.1398376045712363,0.3126354475892342,0.1259647262406507,0.21966436228643743,0.5150077381198284,0.18833568979238452,0.5193056426966635,0.0,0.3298205256736805,0.19799999999999998,0.3174073563874969,0.2958950927971987,0.15872285672873104,0.0,2.2243682470131567e-16,0.7609227522900175,0.0,2.3501614872753467e-11,0.198,0.36976916255379566,0.3652337247671173,0.20000000701362222,0.39602,0.3618259132288098,0.0,0.20000000000069035,0.364351354218975,0.18270344949672818,0.13514580981205665,0.574709099461598,0.17550420459979357,5.449575457050613e-08,0.4,0.48942444509522537,0.5017446437691946,3.3533231387089575e-24,0.002330350262517086,0.38813920199999996,0.289926182403548,0.1555642718798293,0.09699827405483256,0.19602,0.2,0.1808769874380195,0.16858863867678536,0.19602,0.2,0.5578459132288097,0.0,0.192119202,2.3588987471684724e-43,0.2,0.0,0.3328087409999138,0.33153619372116394,0.11053669543248927,0.380568938885584,0.17029155421897507,0.198,0.015572897440382382,0.5715242045997936,0.3626484386767853,0.19984939925405382,0.38070369311994606,0.21707298036967176,3.4214091814191995e-24,0.17374963075338298,0.11979120129323222,0.38829602988019996,0.19407244990309236,0.19593801764743957,4.191970010958855e-07,0.19602,0.3090423092566416,0.3051192975051124,1.55955996351795e-12,0.39211920200071865,0.004050284215769856,0.11859974055056846,0.1921192020026542,0.586179002,0.759599864498489,0.1957405500413965,0.02734000099131962,0.38813920199999996,0.38813920199999996,0.0461077190980345,0.30571302770957276,0.5509438574407265,0.554742856728731,0.3515842718798293,0.3498477590795458,0.31111984338954135,0.39636177742271217,0.5652778335472152,0.18153846379404634,0.6216113494566293,0.03479796569525282,0.21996803482487698
"(<Abstr_type.PI_STAR: 3>, 0.0, 'explicit errors', 1, 1)",0.071931947610841,0.5322115917464361,0.9609841707657841,0.8658063586457712,0.7636768048917489,0.8286199684893216,0.9040181315289448,0.8324439519266246,0.6813924096376771,0.7998118954627715,0.892774705412477,0.9575999224331412,0.9157162155772813,0.7127736214094218,0.85583408394064,0.9860997999999999,0.6559292317916589,0.8382811434067424,0.9188305952095451,0.9504173034393796,0.956908101461598,0.9263558938101133,0.9534325489583262,0.9651342249817609,0.9750876508517432,0.8980736976115569,0.9574828827319433,0.9414167921502175,0.9534832807319432,0.8210618696277768,0.8048025074043987,0.8978311271527742,0.9626532418601998,0.9377754915285287,0.9161136850926315,0.9128176988615901,0.7969120919032764,0.9509444685569853,0.9445161114193796,0.7843697770420135,0.7666714812590003,0.6815461166464797,0.9321594978239102,0.9452399642700173,0.9569880797204,0.9144868621455282,0.9322707901735413,0.968729099461598,0.7706487393945962,0.9539640658535042,0.9120195276736804,0.944920293104559,0.9200403734239027,0.9704950318802,0.9630051293417979,0.9538024085997936,0.9705522715813981,0.7361306454544584,0.7306473396642432,0.8225385303403548,0.7725140398602,0.7928683273919397,0.8550419534016657,0.9484469028084577,0.9920598,0.7635840045997936,0.7474716911756015,0.5315409176530258,0.5792591929003984,0.951415089751168,0.8614536452016293,0.9764352318802001,0.9456266965631588,0.9645548318801997,0.7737632570437587,0.8913761772880806,0.9940597999999999,0.9558459132288097,0.97035760998,0.9150273279342691,0.9305399998100693,0.9403956557201539,0.9920598,0.9725140398602001,0.9465897582189751,0.9550451293417979,0.9442188278399539,0.934964596079175,0.9646730418601999,0.9618687625537955,0.7713011200043486,0.9645552219600001,0.98406,0.944463827194969,0.9152275696245139,0.717599708589581,0.7032503186997786,0.8582579342421821,0.9594086865831588,0.951199663476728
"(<Abstr_type.Q_STAR: 1>, 0.0, 'explicit errors', 1, 1)",0.05774698961309027,0.20570107675879185,0.06558594188923439,0.16358138751944612,0.0,0.2500369204753153,0.18270344949672818,0.11392024049543184,0.1936981729091059,2.5188010356791516e-29,6.131863374592751e-15,9.03611249481635e-11,0.384238404,0.1652337247671173,0.40851475003331805,0.45019593569109234,0.0,0.39602,0.06554455148756073,0.2886917529555749,0.0,0.10943132847815222,0.1772769743432258,0.38829605910454157,0.2,0.18829602988019997,0.0,0.38425780998,0.0,0.0,0.15400862916103103,0.3321365680417046,0.3549349209028742,0.16523372476753917,0.192119202,0.59602,0.029928281120723134,0.37906765085174327,0.198,0.58621800998,0.0,0.184548938885584,0.5535297546473174,0.2,0.0,0.5709562150017609,0.2,0.16358138751944612,0.17374916255379563,0.0,0.5652466528517432,0.0,0.19602,0.192119202,0.0,0.19602,1.2603169297314283e-11,0.0,0.0,0.5527826567287311,0.5210675255293993,0.2,0.184548938885584,0.2,0.386413069581398,0.3823558298802,0.39602,0.19405979999999998,0.3421106454544584,0.5632723883823122,0.17906765085174325,0.0,0.4,0.27780067263296215,0.2,8.45797198993596e-15,0.39211920200000006,0.19602,0.14499624381361306,0.198,0.2,0.376668140885584,0.5579875665537956,0.2,0.17032646282799807,0.19602,0.578532271581398,0.18859294758508016,0.2,0.11979120129323222,0.0,0.1940598,1.1709745165663563e-08,0.37118685285174324,0.1980000000001108,0.19805063261339886,0.390119202,0.3373575663740743,0.058105992887594625,0.3828769114941194
"(<Abstr_type.A_STAR: 2>, 0.0, 'explicit errors', 1, 2)",0.00011929691025431145,0.02101973214993496,0.0347961818754563,0.4789668334725928,0.4811962375736981,0.0007950364209370269,0.2,0.3827034494967282,0.36956400459979355,0.1555642718798293,0.2,0.49591917635551297,3.216072261150728e-13,0.13735889916403524,0.14068953899991382,0.1960200640028859,0.0,0.0717496595363784,0.14347903566663106,0.6121443022843189,0.37096200846698196,0.3139202404954318,0.0,0.19019800997999997,0.2,0.39204,0.192119202,0.0,0.0,0.23502726690415968,0.3464606739308794,0.0,0.660293523887649,0.29163339644064035,1.753202692127986e-38,0.0,3.5224097116869424e-23,0.59602,0.1150709499953857,0.18641306958139797,0.06170889412693022,0.1619455736442517,0.18270344949672815,0.39602,0.198,0.1669027522900175,0.0,0.35315562816144375,0.0,0.45916584459132787,1.5498955531903373e-07,0.05360934338337593,5.452472619397113e-18,0.3464606739308795,0.58621800998,0.15400862916103103,0.18641306958139797,0.19652073272557338,2.0579561140147116e-09,0.3940601463274095,0.36194557364425173,0.0,0.1555642718798293,0.1378898174666781,0.14794007467765605,3.79114253688565e-07,0.2,0.386413069581398,0.1619455736442517,0.0,0.380472869581398,1.7020188646966778e-10,0.26776965953637843,0.0,0.003737378271026785,1.8631491297893177e-10,0.17818297704868802,0.08342417598664412,0.39204,0.0,0.35813530170350166,0.19602011236437988,0.18829616726059709,0.3324564081967967,0.5920399999999999,0.33184213639985494,0.0,0.18829602988019997,0.1772769743432258,0.2,0.34068953899991383,0.46804204979512987,0.5415536208663193,0.4612952456588969,0.5365109190020775,0.12100121342750728,0.5589625522900175,0.6157866863017578,0.0,0.18641306958139797
"(<Abstr_type.PI_STAR: 3>, 0.0, 'explicit errors', 1, 2)",0.002618071428632107,0.3864519479355203,0.688837260410093,0.9391028875720357,0.9416493546473171,0.9665738398602001,0.9575445558873449,0.923899122131235,0.85203651900682,0.8005415229809231,0.9352330136957032,0.9556141863232257,0.9597426085997934,0.9669418534967281,0.7557392327183013,0.7553168244556521,0.9271518441148288,0.974532669581398,0.9843160298802001,0.968864968765784,0.96841701198,0.8956752013418035,0.9631148190017609,0.9766110795613979,0.9574828827319433,0.966885939162796,0.982238404,0.9417258985631589,0.9350408094357565,0.9437085788385261,0.966437406,0.9631763190781262,0.9841592020000001,0.9625560139799999,0.9706120597603999,0.9063485773494143,0.964884968765784,0.9562296809082577,0.776588938891002,0.9822578099800001,0.9940200000000001,0.966786948865584,0.9669820084669821,0.970766948865584,0.9361336591008442,0.7728378737775679,0.9103977272793337,0.9629247687657839,0.9081012760700184,0.9122655394606742,0.961137877771168,0.8853630858645907,0.9860599999999999,0.92302485302118,0.9476664847421608,0.7438197557587302,0.9723970119800001,0.97035760998,0.9211251482391571,0.9514537076513679,0.9386228859767218,0.8219682811207232,0.9247588779308794,0.9669214594767281,0.8308289170369854,0.9043727972550786,0.9425180620153937,0.9537357917373273,0.9328401577680092,0.9804152318802,0.850452168821438,0.9407311710207775,0.7672068563928222,0.7749363523821581,0.940858361862672,0.8439084861797804,0.5890289979308962,0.5427615149065252,0.7867597502921256,0.9900400000000001,0.9347141213993796,0.9215881269519706,0.9457846599637101,0.9593121883823121,0.9013069645325846,0.91348944142407,0.7484470233626442,0.7593498818832374,0.9724356298802,0.800000280430955,0.9433518881735136,0.9366228859767217,0.9515472945631588,0.8846874955750863,0.9391565229847592,0.7191624085813124,0.7895947921095242,0.97235721198,0.9784530695813981,0.7506432730240079
"(<Abstr_type.Q_STAR: 1>, 0.0, 'explicit errors', 1, 2)",0.006772588865177773,0.11675982116713668,0.27885446960260185,7.457457097038579e-10,0.3720117799553031,0.11561442073536762,0.198,0.2,0.1234580281884576,0.004478510054205161,1.3407909549249836e-41,0.3367120786577592,0.3150709499953857,0.16032611790780915,0.19602,0.0,0.18641306958139797,0.18641306958139797,0.38070344949672813,0.0,0.0,0.2916078312704725,0.0,0.2,0.0,0.5592935247671174,0.2,0.0,0.0,0.0,0.3787234494967281,0.17906765085174325,0.03084439035876893,0.192119202,0.192119202,0.0,0.198,2.4491679786685863e-31,0.192119202,0.17029155421897507,0.0,0.11979120129323222,0.0,0.18270344949672818,0.38621800998,0.0,0.18270344949672815,0.13379435171393608,0.2317885418399575,0.5752769743432259,0.5539855736442517,0.17029155421897507,0.00026584177954592895,0.1940598,8.475891101276324e-17,0.33857987593087946,1.756908610961914e-21,0.19602,0.17201167092825767,0.34943441886631926,0.2,0.03771136903347543,0.18641721524252072,0.36390146902139964,0.18829602988019997,0.4932401449292052,0.4,2.2126303881564698e-11,0.23677935908911601,0.39602,0.3881392020116295,0.13379435171393736,0.00012017208841927727,0.17727697438091733,0.20000000987064998,0.14794007469539316,0.1804219721573232,0.192119202,1.9508927449079136e-06,0.00021743383579380884,9.298006076479027e-38,3.383612714631727e-23,0.398,0.14794007467765605,4.502289851449139e-27,0.2,0.38829602988019996,0.0,0.6089548090653153,0.19211920200000002,0.19211920200000002,7.7551911261402e-28,0.15400862916103103,1.5466188769017196e-05,0.2,0.7076589797276112,0.0,0.38813920199999996,0.0,0.1285380528551723
"(<Abstr_type.A_STAR: 2>, 0.0, 'explicit errors', 1, 3)",0.0007291580723444938,0.20328966714750635,2.3537525135745156e-06,0.0012371958712818478,6.203625575648266e-07,0.3204427087896705,0.0,0.23012283073980244,0.0,0.0,0.18829602988019997,0.0,0.192119202,0.3158112012932322,0.0,0.36413087292825763,5.044579826713851e-30,0.12222344790657302,1.5998870290170292e-37,0.28511802467773095,0.3702915542189751,0.03886571977655901,4.043870103611538e-11,0.20923420565539855,0.2,0.0,0.510362649906573,0.18270344975115127,0.20000115681393824,0.0,2.6654662268816244e-16,0.22554598900297673,0.0,0.0,0.17374916255379563,0.39019800998,0.36780896255379564,0.6846295963252345,0.13113184411482876,0.192119202,0.4007935894728627,0.19602,0.12100121342750729,0.17374916255379563,0.2,0.39602,0.0,0.2486579007537614,0.36033605666015217,0.0,0.0,0.18829602988019997,0.2,2.4478783587497884e-40,0.2,0.19602,0.0,6.5545180271919835e-40,8.758457964919575e-10,0.18829602988019997,0.0,0.05987607826246825,0.3960199999999999,0.26902683566812946,0.028461497556417727,0.0,0.1524685428710265,0.09602829131428427,0.11859328928029989,0.0,0.0,0.0,0.1669027522900175,0.19019800997999997,3.090988597867788e-23,0.16858863867678534,0.184548938885584,0.1880555650551518,0.35815338934498675,0.18829602988019997,1.2296851047152503e-26,0.21277457863919969,0.1622609469477346,0.380568938885584,0.19602,0.39204,0.16032611790781928,0.19660220785005017,0.22122289112419252,0.19680708605672764,0.48247529815949236,0.19214326970857987,0.17550420459979357,0.03733425534314068,0.1772769743432258,0.11804468190231765,1.2523404061443865e-05,2.97861781991548e-07,0.4,0.20077974083616482
"(<Abstr_type.PI_STAR: 3>, 0.0, 'explicit errors', 1, 3)",0.0038290759710093948,0.5032800685986836,0.4054721882949194,0.5231635634939849,0.9279146935285285,0.7519499590078469,0.7167217143739868,0.5837816192495855,0.9749362150017609,0.767909128256197,0.8913534450414371,0.7785556282948077,0.9403592977337041,0.7982177372917527,0.9631144249817609,0.9440318216175271,0.9365330047390883,0.8776715690865105,0.9214120871515707,0.9477955917373272,0.8228899846083939,0.9005874745392646,0.9199244896934582,0.89908209095824,0.962848301461598,0.7890182955191072,0.945437040347182,0.7168770450683642,0.9692969743432259,0.8512782665497035,0.9324406055244516,0.5795168065314381,0.929802771276729,0.7804728754934831,0.98406,0.9766110795613979,0.784201347812045,0.9194809519874776,0.9483513993249868,0.9569471094415979,0.8399096636004287,0.8816044450625509,0.97045641398,0.966828301461598,0.9383256891989253,0.7524882344634218,0.860595516762983,0.9577728300035219,0.9189504826577591,0.9170527455122774,0.7535476032650428,0.907422536812399,0.9709562150017609,0.9592124448819609,0.9764940398602,0.9509058506567853,0.9505439425096558,0.7599440658770058,0.8120633405987185,0.9743376099799999,0.9399405292678962,0.9600516709282576,0.9542500749282576,0.8728153033581098,0.9535295886595243,0.938054896378689,0.9630218084669819,0.936324659041231,0.7646730426443782,0.6472700157593468,0.5712691018174241,0.759930550287884,0.8995799097588698,0.8939874059798398,0.9688067488655839,0.915863867195713,0.7522090589379955,0.7320246572125545,0.9399741957373273,0.7647889001925032,0.43965558795525783,0.7478688744217724,0.818623275446798,0.9432005622700175,0.974532271581398,0.8503312266870434,0.6807594707436488,0.9370600687087309,0.9803172119799999,0.9322154236277449,0.9748226514967282,0.9628483014615978,0.9269975914892072,0.9390206536805732,0.9382043756442517,0.99204,0.9483268560965218,0.9541049924339955,0.9517557917373273,0.7465640231570019
"(<Abstr_type.Q_STAR: 1>, 0.0, 'explicit errors', 1, 3)",0.00032137134732659553,0.03676822160513329,0.3337943517547832,0.0647562751434371,0.586179002,0.19765008494276054,0.19745007899600436,0.1324566802986719,0.12982052567368046,0.184548938885584,0.37659205976039994,0.1365109190020774,0.2153996029405317,0.39602,0.11053669543247702,0.31165322770957277,0.590119202,0.17550420459979357,0.17374916255379563,0.34404071677277076,0.4,0.35960138751944615,0.384238404,0.192119202,0.1669027522900175,0.0,0.3587228567287311,0.2,0.12852232041694364,0.0,0.0,0.15872285672873104,0.13113184411482873,0.12470507897824001,0.0,0.192119202,0.39204,0.6032429099131112,0.38813920199999996,0.5827034494967281,0.0,0.0,0.145007976824224,0.5808764150017609,0.0,0.0,0.0,0.19211920200000002,0.192119202,0.2,0.7613848628317432,0.2,0.36292275229001747,0.398,0.0,0.13788981717381554,0.2504284848092832,0.078542205671561,4.324881667165535e-27,0.39602,0.5437991672917784,8.931627538021512e-38,0.2,0.1555642718798293,8.11182771568144e-23,0.2000147081916292,0.7727832494967282,0.35329257312944984,0.0,0.18087641500176085,2.496241146233283e-11,0.0021288151572888625,0.7142286468854944,0.0,0.19602,0.45713781957733735,0.3850026638392471,0.5921192019999999,0.3901988237380984,0.18454969736130913,1.3037181084362337e-24,0.008693821320044178,0.0,0.5802584040000001,0.184548938885584,0.4944771384712226,0.18270344949672818,0.1882960508554022,0.5490038705569853,0.59204,0.3702915542189751,0.192119202,0.0,0.3438603017600293,0.1772769743432258,0.15872285672873104,0.0,0.17550420459979357,0.2,0.19602
"(<Abstr_type.A_STAR: 2>, 0.0, 'explicit errors', 1, 4)",0.016458065865883352,0.09230454241934753,0.5748079880011453,7.592787556804175e-08,0.30380691363383866,0.13662834482637687,0.18087641500176088,0.19211920200011307,0.1619455736442517,0.30650812932055577,0.2,0.33281183852221735,0.49463304507357064,0.0,0.14211064545445842,0.5476042718798293,0.1940598,0.2,0.14794007467765605,0.0,0.5650206614767281,0.398,0.18270344949672815,4.4455016925802025e-34,0.38829602988019996,0.1311321974740875,0.0,0.19602,0.0,0.3074085284749682,0.30957419782888984,4.214208136487424e-12,0.2775925180457082,0.3514516911756015,0.3563806196015545,0.18087641500176088,0.17381491620528794,1.8270520221406e-39,0.00014692635909448022,0.23423004968759992,0.46378263587154933,0.15542362502851068,0.3469638574407265,0.0972654871855661,0.21786280007331035,0.04758689789140594,0.4008668327647838,0.5766110795613979,0.7843160298801999,0.19849572539831764,0.22992828112072314,0.1638284008745864,0.37872344950024495,0.2000000000000008,0.21991658111266962,0.33113184411482877,0.1351458098146843,0.15094409146421758,0.0030568276162981087,0.39204,0.18087641500176088,0.004050284215769856,0.39204,0.5569650602903062,0.3729060241137003,0.13113191007685351,0.5900798,5.46114715606438e-29,0.5509438574407265,0.3612537247671173,3.8416129522801386e-10,0.027616162617494562,0.38454894641040205,0.14068953899995126,0.1772769743432258,0.31702121342750733,0.5658683645537956,1.9810526290517997e-11,0.18829602988019997,0.19602,0.1619455736442517,5.935749447317931e-12,0.1685886386767861,2.7630844221065445e-12,1.3148015293145514e-32,0.14794007467765605,0.2772005995876232,0.5474345098508889,0.392119202,0.3541396572086981,0.29411732831713,0.2000063228899902,0.392119202,0.5783758298801999,0.1827108754551547,0.2834241759866441,0.3345132631442965,0.2,0.2344499860383003,0.3900798
"(<Abstr_type.PI_STAR: 3>, 0.0, 'explicit errors', 1, 4)",0.09409912953364472,0.19151286133590045,0.757772830005446,0.9212210520179352,0.8299896120095571,0.8819217859270211,0.9291528687219148,0.7727564291193545,0.9494513903823121,0.9746681408855841,0.9222155812717784,0.9428259880991752,0.9484653199078092,0.6369106301610437,0.7073116135678826,0.9465257107884577,0.5839797989278942,0.9768964150017609,0.851621174935256,0.9685738398602,0.9610418084669818,0.955312828981761,0.9724552318801999,0.7804837021947969,0.9649612594767282,0.5754315953733389,0.7868339343796691,0.9382063322286716,0.960904968765784,0.982199002,0.9122188586116756,0.5773321745586079,0.7551542629821579,0.9242208317839523,0.6986164954480416,0.9180246050081446,0.9514646628317431,0.957369284583159,0.9421431135060219,0.9477603895194461,0.9442123454853775,0.6496806232965572,0.9523646251949692,0.8716339336734705,0.7452154295802996,0.877353007637614,0.7841220916554902,0.9535855144633588,0.6086580454333709,0.9213638197920566,0.5911442370427217,0.7671873504498297,0.8864077243386115,0.9325114962403933,0.8941204728956004,0.9783758298802001,0.6499953546490095,0.5852850966261863,0.976492869581398,0.9464373034393795,0.7263462633288336,0.912173242970983,0.9666714735813979,0.7862898994934934,0.9768964150017609,0.7705344338801999,0.7210612662426741,0.9497520062234258,0.9669418534967281,0.9690156170017609,0.771945260070747,0.7885599711245447,0.7631576777711706,0.866689316361241,0.7575616907996205,0.9480182444599936,0.9016038590485401,0.9596832065997937,0.9094875623516968,0.8751967255927836,0.9516797106121432,0.9351040690982826,0.6718588698772994,0.9514127267671173,0.9072630022929706,0.8337813417207212,0.972608938885584,0.9575157763432257,0.9730876508517433,0.9725140398601999,0.8032684721928524,0.9187524380769967,0.8649625927854492,0.7309306709060577,0.7448257244334828,0.7856025080233997,0.9418997685748544,0.9328783894892071,0.7652270044048937,0.9628483014615978
"(<Abstr_type.Q_STAR: 1>, 0.0, 'explicit errors', 1, 4)",0.022053535948387312,0.20002198626801343,0.4056043468117646,0.03410548617791728,0.184548938885584,0.330534212321037,0.07469054348432833,0.3155331270929742,0.6512821364564102,0.15556427187982932,0.0,0.19211920200000002,0.3702915542189751,0.5134273563874968,0.6200474831207231,0.0007560717256192204,0.21161553986699042,0.3823558298802,0.4,0.18641306958139797,0.38813920199999996,0.2,0.15556427188625677,0.5599671725337956,0.19602,0.2,0.33398335775190324,0.0,1.873033013528549e-15,0.5571356281614437,0.7670195066159243,0.19602,0.2,0.11392024049543185,0.41235887384640524,0.2,0.19602,0.3663115542189751,0.39405979999999996,0.39602,0.2,0.4999492575897727,0.19602,0.16523372905326275,0.39405979999999996,0.31859328971808004,0.7632723883823122,0.18088384096016405,0.12852232041762707,1.1985488598951056e-11,0.20000000000000365,0.18641520516531856,0.0004350094586667294,0.1864010029022306,0.2232751518730643,2.190504084274905e-11,0.03342678700297673,0.5614234807319433,0.20000000001198548,0.20000056671189603,0.19601999999999997,0.19602,0.0,1.2122500204339565e-40,0.59204,0.0,0.5709562150017609,0.2596700821797804,0.19601999999999997,0.3392826436099147,0.59602,0.0,0.3160222248138175,0.39405979999999996,0.0,0.35400862916103104,0.5451142057157032,0.1509438574407265,0.0,0.33057071900207735,0.0,0.2,0.39054088463834113,0.006899540779032795,0.1702915542189751,0.2817640348845099,4.812598820846276e-33,0.18087641500176085,0.37872344949672815,0.24564074407124492,1.227418832062113e-05,0.13303279396834636,0.0868462653601202,0.590119202,0.00971009702611458,0.09411750672323344,0.005757761727788925,0.17341878496237811,0.38431602993542124,0.7981257000354157
