ground,0,"{(1, 11): 0.0, (1, 10): 0.0, (1, 9): 0.0, (1, 8): 0.0, (1, 7): 0.0, (1, 5): 0.0, (1, 4): 0.0, (1, 3): 0.0, (1, 2): 1.2630027757326499e-08, (1, 1): 0.0007577175099189508, (2, 11): 0.0, (2, 10): 0.0, (2, 9): 0.0, (2, 8): 0.0, (2, 7): 0.0, (2, 5): 0.0, (2, 4): 0.0, (2, 3): 0.0, (2, 2): 0.0005166261412653494, (2, 1): 0.0020403753531053246, (3, 11): 0.0, (3, 10): 0.0, (3, 9): 0.0, (3, 8): 0.0, (3, 7): 0.0, (3, 6): 0.0, (3, 5): 0.0, (3, 4): 0.0, (3, 3): 0.006289080512420546, (3, 2): 0.012036163496575098, (3, 1): 0.005537423350746232, (4, 11): 0.0, (4, 10): 0.0, (4, 9): 0.0, (4, 8): 0.0, (4, 7): 0.0, (4, 5): 0.0, (4, 4): 0.00029291771093371523, (4, 3): 0.04798378230342273, (4, 2): 0.024602460515889834, (4, 1): 1.7632163565064403e-05, (5, 11): 0.0, (5, 10): 0.0, (5, 9): 0.0, (5, 8): 0.0, (5, 7): 0.0, (5, 5): 0.0, (5, 4): 7.470545874807893e-08, (5, 3): 0.08832253545466004, (5, 2): 0.001527666228632076, (5, 1): 0.0, (6, 8): 0.0, (6, 3): 0.1480726007009694, (7, 11): 0.0, (7, 10): 0.0, (7, 9): 4.038443039102678e-06, (7, 8): 0.0, (7, 7): 3.559474805197224e-05, (7, 6): 0.006698186171124773, (7, 4): 0.0005268776206649192, (7, 3): 0.22378348289959632, (7, 2): 4.8460973883377564e-08, (7, 1): 0.0, (8, 11): 0.0, (8, 10): 0.0067850851059440415, (8, 9): 0.0003514941276995496, (8, 8): 0.04164869348991597, (8, 7): 0.8041404695528492, (8, 6): 0.6981979687251356, (8, 5): 0.5661214443295713, (8, 4): 0.43891602296358617, (8, 3): 0.31754211879028515, (8, 2): 3.8868583322647144e-05, (8, 1): 0.0, (9, 11): 0.4045106317141202, (9, 10): 0.531620786094275, (9, 9): 0.10724658791841973, (9, 8): 0.5256200868047518, (9, 7): 0.8875832811358857, (9, 6): 0.01816334687390956, (9, 4): 0.03954773882058762, (9, 3): 0.0005041806729572184, (9, 2): 0.0, (9, 1): 0.0, (10, 11): 0.9999698089688416, (10, 10): 0.9896810941000681, (10, 9): 0.977891728520571, (10, 8): 0.9622329719746806, (10, 7): 0.9354935944530247, (10, 6): 0.266008524101117, (10, 4): 0.0, (10, 3): 0.0, (10, 2): 0.0, (10, 1): 0.0, (11, 11): 0.0, (11, 10): 0.3523192248901328, (11, 9): 0.09504860703480696, (11, 8): 0.10959442380665482, (11, 7): 0.27170251640365384, (11, 6): 0.0, (11, 4): 0.0, (11, 3): 0.0, (11, 2): 0.0, (11, 1): 0.0}"
ground,1,"{(1, 11): 0.0, (1, 10): 0.0, (1, 9): 0.0, (1, 8): 0.0, (1, 7): 0.0, (1, 5): 0.0, (1, 4): 0.0, (1, 3): 0.0, (1, 2): 0.00042987681910957405, (1, 1): 0.001736652250612385, (2, 11): 0.0, (2, 10): 0.0, (2, 9): 0.0, (2, 8): 0.0, (2, 7): 0.00018444055953547363, (2, 5): 3.504005705488031e-07, (2, 4): 0.0, (2, 3): 0.0025154700688407895, (2, 2): 0.008488080618565368, (2, 1): 0.003970600108394854, (3, 11): 0.0, (3, 10): 0.0, (3, 9): 9.691244551897109e-08, (3, 8): 0.0037040438996321597, (3, 7): 0.2673889886538874, (3, 6): 0.17523730168005716, (3, 5): 0.10774697991836651, (3, 4): 0.061664262226007, (3, 3): 0.03323694622883787, (3, 2): 0.017160147497795784, (3, 1): 0.0001901848406712076, (4, 11): 0.0, (4, 10): 0.0, (4, 9): 0.0, (4, 8): 0.12629474612875172, (4, 7): 0.3847989621987614, (4, 5): 0.00581170237931581, (4, 4): 0.00024903748954432654, (4, 3): 0.0, (4, 2): 0.0012966632943024437, (4, 1): 0.0, (5, 11): 0.0, (5, 10): 0.0, (5, 9): 0.060171722957151855, (5, 8): 0.6434918098258141, (5, 7): 0.5162548007980872, (5, 5): 0.0, (5, 4): 0.0, (5, 3): 0.0, (5, 2): 0.0, (5, 1): 0.0, (6, 8): 0.7563234810086996, (6, 3): 0.0, (7, 11): 0.0, (7, 10): 0.036795437401095706, (7, 9): 0.0009886408263871872, (7, 8): 0.8334264314887092, (7, 7): 0.0, (7, 6): 0.0, (7, 4): 0.0, (7, 3): 0.0, (7, 2): 0.0, (7, 1): 0.0, (8, 11): 0.0029294877485089633, (8, 10): 0.46745842149465555, (8, 9): 0.07677457081451988, (8, 8): 0.8953175359360722, (8, 7): 0.005626129064187761, (8, 6): 0.0, (8, 5): 0.0, (8, 4): 0.0, (8, 3): 0.0, (8, 2): 0.0, (8, 1): 0.0, (9, 11): 0.15846997239850796, (9, 10): 0.978494277959526, (9, 9): 0.963184993744964, (9, 8): 0.93830481062705, (9, 7): 0.24033872660001093, (9, 6): 0.0, (9, 4): 0.0, (9, 3): 0.0, (9, 2): 0.0, (9, 1): 0.0, (10, 11): 0.09947269524251941, (10, 10): 0.9897381090921206, (10, 9): 0.3743824572635651, (10, 8): 0.03823978781215605, (10, 7): 1.1776096790157415e-05, (10, 6): 0.0, (10, 4): 0.0, (10, 3): 0.0, (10, 2): 0.0, (10, 1): 0.0, (11, 11): 0.0, (11, 10): 0.9999687304747282, (11, 9): 0.027232876323032965, (11, 8): 0.0, (11, 7): 0.0, (11, 6): 0.0, (11, 4): 0.0, (11, 3): 0.0, (11, 2): 0.0, (11, 1): 0.0}"
ground,2,"{(1, 11): 0.0, (1, 10): 0.0, (1, 9): 0.0, (1, 8): 0.0, (1, 7): 0.0, (1, 5): 0.0, (1, 4): 0.0, (1, 3): 0.001118371379541742, (1, 2): 5.9825065393193916e-05, (1, 1): 0.0015746559025665344, (2, 11): 0.0, (2, 10): 0.0, (2, 9): 0.0, (2, 8): 0.0, (2, 7): 0.020213067305442346, (2, 5): 0.0, (2, 4): 1.857887854648828e-08, (2, 3): 0.018226089151194176, (2, 2): 0.00871348407703814, (2, 1): 0.003830712654103847, (3, 11): 0.0, (3, 10): 0.0005488058850926568, (3, 9): 0.011564011843998703, (3, 8): 0.363648964797779, (3, 7): 0.26790033274289365, (3, 6): 0.17691672170397332, (3, 5): 0.10823999304061054, (3, 4): 0.06231043924485666, (3, 3): 0.03390689503770035, (3, 2): 0.00022528306656401518, (3, 1): 1.3604874635974243e-06, (4, 11): 0.0, (4, 10): 0.0, (4, 9): 0.11001267022501082, (4, 8): 0.5241051557206686, (4, 7): 0.04435909983515289, (4, 5): 0.007358069576101544, (4, 4): 0.0019737135288783406, (4, 3): 8.360657309012253e-05, (4, 2): 0.0, (4, 1): 0.0, (5, 11): 0.0, (5, 10): 0.0, (5, 9): 0.12671412801103848, (5, 8): 0.6655538033452347, (5, 7): 5.0297895080756966e-05, (5, 5): 0.0, (5, 4): 0.0, (5, 3): 0.0, (5, 2): 0.0, (5, 1): 0.0, (6, 8): 0.7608458103440646, (6, 3): 0.0, (7, 11): 0.0, (7, 10): 0.0, (7, 9): 0.06319068061046194, (7, 8): 0.8459662830765957, (7, 7): 0.24598431842514407, (7, 6): 0.004587851334357708, (7, 4): 0.0, (7, 3): 0.0, (7, 2): 0.0, (7, 1): 0.0, (8, 11): 0.0, (8, 10): 0.21087891428639943, (8, 9): 0.9416236855085707, (8, 8): 0.9056495069365772, (8, 7): 0.025080057157690135, (8, 6): 2.8004644908014544e-06, (8, 5): 1.2472749917497216e-08, (8, 4): 9.02926116434543e-12, (8, 3): 1.6157805830470265e-13, (8, 2): 0.0, (8, 1): 0.0, (9, 11): 0.012679158817541062, (9, 10): 0.1928381243794306, (9, 9): 0.9643624367973324, (9, 8): 9.571380744586906e-05, (9, 7): 0.0, (9, 6): 0.0, (9, 4): 0.0, (9, 3): 0.0, (9, 2): 0.0, (9, 1): 0.0, (10, 11): 0.9999714278900936, (10, 10): 0.9897008271802098, (10, 9): 0.9784368071174163, (10, 8): 0.002672310082859954, (10, 7): 1.0464383270782132e-06, (10, 6): 0.0, (10, 4): 0.0, (10, 3): 0.0, (10, 2): 0.0, (10, 1): 0.0, (11, 11): 0.0, (11, 10): 0.048898105479581316, (11, 9): 0.5914721367287753, (11, 8): 0.031234157897219332, (11, 7): 0.001286641801833961, (11, 6): 0.0, (11, 4): 0.0, (11, 3): 0.0, (11, 2): 0.0, (11, 1): 0.0}"
ground,3,"{(1, 11): 0.0, (1, 10): 0.0, (1, 9): 0.0, (1, 8): 0.0, (1, 7): 0.0, (1, 5): 0.0, (1, 4): 0.0, (1, 3): 0.0, (1, 2): 0.0, (1, 1): 0.001287688696966128, (2, 11): 0.0, (2, 10): 0.0, (2, 9): 0.0, (2, 8): 0.0, (2, 7): 0.0, (2, 5): 0.0, (2, 4): 0.0, (2, 3): 0.0, (2, 2): 0.001449835602301129, (2, 1): 0.003411104093463093, (3, 11): 0.0, (3, 10): 0.0, (3, 9): 0.0, (3, 8): 0.0, (3, 7): 0.0, (3, 6): 0.0, (3, 5): 0.0, (3, 4): 0.0, (3, 3): 0.0027888171063546775, (3, 2): 0.013932597554094598, (3, 1): 0.006867297805300001, (4, 11): 0.0, (4, 10): 0.0, (4, 9): 0.0, (4, 8): 0.0, (4, 7): 0.0, (4, 5): 0.0, (4, 4): 0.0, (4, 3): 0.0525018161563561, (4, 2): 0.02764474437700249, (4, 1): 0.00037617899641177987, (5, 11): 0.0, (5, 10): 0.0, (5, 9): 9.6763445253599e-10, (5, 8): 1.231043779194019e-06, (5, 7): 0.0, (5, 5): 0.0, (5, 4): 5.589150608215884e-13, (5, 3): 0.09243647170592965, (5, 2): 0.001430692323802318, (5, 1): 0.0, (6, 8): 5.8071574203784496e-05, (6, 3): 0.15448734620562687, (7, 11): 0.0, (7, 10): 5.225715008431007e-05, (7, 9): 9.3874145218388e-07, (7, 8): 0.11075187525123689, (7, 7): 0.006387692423853772, (7, 6): 0.006217140166091108, (7, 4): 0.02045898955020973, (7, 3): 0.2280071713059498, (7, 2): 0.0005549559981464663, (7, 1): 0.0, (8, 11): 0.0, (8, 10): 0.0056169296061033165, (8, 9): 0.06591204371160574, (8, 8): 0.8576112493285513, (8, 7): 0.7778542372131853, (8, 6): 0.6666119837194131, (8, 5): 0.5452479944644466, (8, 4): 0.4329317287119784, (8, 3): 0.32433276896889357, (8, 2): 0.006991243494020119, (8, 1): 0.0, (9, 11): 0.0, (9, 10): 0.08239336036955809, (9, 9): 0.174492987252985, (9, 8): 0.9195328143684962, (9, 7): 0.20992300490074245, (9, 6): 0.023635590552115435, (9, 4): 0.03510829845946402, (9, 3): 0.0016802340133017235, (9, 2): 0.0, (9, 1): 0.0, (10, 11): 0.1894106227028975, (10, 10): 0.5342185780363194, (10, 9): 0.9769327166431633, (10, 8): 0.9587451287062411, (10, 7): 0.6227725535725549, (10, 6): 3.404970444560775e-06, (10, 4): 0.00019891712963393207, (10, 3): 0.0, (10, 2): 0.0, (10, 1): 0.0, (11, 11): 0.0, (11, 10): 0.9999647854921653, (11, 9): 0.9894772036918225, (11, 8): 0.2895394246933697, (11, 7): 8.664016178131313e-05, (11, 6): 0.0, (11, 4): 0.0, (11, 3): 0.0, (11, 2): 0.0, (11, 1): 0.0}"
ground,4,"{(1, 11): 0.0, (1, 10): 0.0, (1, 9): 0.0, (1, 8): 0.0, (1, 7): 0.0, (1, 5): 0.0, (1, 4): 0.0, (1, 3): 5.781736883130651e-05, (1, 2): 1.3143030040519233e-06, (1, 1): 0.00014170953058133536, (2, 11): 0.0, (2, 10): 0.0, (2, 9): 0.0, (2, 8): 0.0, (2, 7): 0.0, (2, 5): 0.0, (2, 4): 4.0498166559602554e-05, (2, 3): 0.0025560044615953125, (2, 2): 0.0010999624690408185, (2, 1): 0.0003528099842044763, (3, 11): 0.0, (3, 10): 0.0, (3, 9): 0.0, (3, 8): 0.0, (3, 7): 0.0, (3, 6): 0.0, (3, 5): 0.0, (3, 4): 0.0025808469984646178, (3, 3): 0.0062886835572866385, (3, 2): 2.2770160467571215e-10, (3, 1): 1.2409005212789158e-14, (4, 11): 0.0, (4, 10): 0.0, (4, 9): 2.155563407253123e-08, (4, 8): 8.881278018634935e-07, (4, 7): 0.0, (4, 5): 1.3652934586529782e-06, (4, 4): 0.02789537750638514, (4, 3): 0.013333723883713617, (4, 2): 1.6635414307492853e-05, (4, 1): 0.0, (5, 11): 0.0, (5, 10): 0.0, (5, 9): 0.0, (5, 8): 1.7154145045594583e-05, (5, 7): 4.900945309251715e-08, (5, 5): 4.9081590706671586e-05, (5, 4): 0.05399600885088561, (5, 3): 0.10469485032301415, (5, 2): 0.015374906024962085, (5, 1): 0.0, (6, 8): 0.009173310928962952, (6, 3): 0.17210805817204727, (7, 11): 0.0, (7, 10): 0.0, (7, 9): 8.81641929414746e-08, (7, 8): 0.16890842115873378, (7, 7): 8.898342263529981e-11, (7, 6): 0.006300872988297431, (7, 4): 0.020960114043234484, (7, 3): 0.2722085894335347, (7, 2): 9.660738121013055e-13, (7, 1): 0.0, (8, 11): 0.0, (8, 10): 0.0, (8, 9): 0.1948820294850468, (8, 8): 0.8874754802506049, (8, 7): 0.8210864175437808, (8, 6): 0.728602218101826, (8, 5): 0.6147494893901035, (8, 4): 0.4890023337562309, (8, 3): 0.3715600069126025, (8, 2): 0.02156080240129684, (8, 1): 0.0, (9, 11): 0.0, (9, 10): 0.0, (9, 9): 0.012387590784154004, (9, 8): 0.929992013212794, (9, 7): 0.1595435094762177, (9, 6): 0.0, (9, 4): 3.5886424187126776e-06, (9, 3): 0.009447731307450104, (9, 2): 4.196944719705705e-08, (9, 1): 0.0, (10, 11): 0.1892840756394848, (10, 10): 0.009821258063476081, (10, 9): 0.43963014518654975, (10, 8): 0.9604597057845342, (10, 7): 0.553644312952363, (10, 6): 0.003728261446039021, (10, 4): 0.0, (10, 3): 0.0, (10, 2): 0.0, (10, 1): 0.0, (11, 11): 0.0, (11, 10): 0.9999646051707276, (11, 9): 0.9896224451774045, (11, 8): 0.9776557443974873, (11, 7): 0.0, (11, 6): 0.0, (11, 4): 0.0, (11, 3): 0.0, (11, 2): 0.0, (11, 1): 0.0}"
"(<Abstr_type.A_STAR: 2>, 0.0)",0,"{(1, 11): 0.000744973666164939, (1, 10): 0.0006183764693848439, (1, 9): 0.0, (1, 8): 0.06217308379074337, (1, 7): 0.013144529163190236, (1, 5): 1.1672767533270929e-12, (1, 4): 0.004274291443380283, (1, 3): 0.0017018151884805595, (1, 2): 0.0007085525099944234, (1, 1): 0.0003018373176267925, (2, 11): 0.0006183764693848439, (2, 10): 0.0, (2, 9): 5.16553765881826e-12, (2, 8): 0.0006347760204512705, (2, 7): 0.03252744570276138, (2, 5): 0.007721997440901003, (2, 4): 0.008871780981661912, (2, 3): 0.004274291443380283, (2, 2): 0.0017018151884805595, (2, 1): 0.0007085525099944234, (3, 11): 0.0, (3, 10): 5.16553765881826e-12, (3, 9): 0.0, (3, 8): 0.0028506453445337407, (3, 7): 0.11432989078476814, (3, 6): 0.03252744570276138, (3, 5): 0.013144529163190236, (3, 4): 0.018995724294879217, (3, 3): 0.008871780981661912, (3, 2): 0.004274291443380283, (3, 1): 0.0017018151884805595, (4, 11): 5.16553765881826e-12, (4, 10): 0.0, (4, 9): 0.0, (4, 8): 0.0017484028063577926, (4, 7): 0.19327602494444493, (4, 5): 0.008252609031256936, (4, 4): 0.008871780981661912, (4, 3): 0.007721997440901003, (4, 2): 0.008871780981661912, (4, 1): 0.004274291443380283, (5, 11): 0.0, (5, 10): 0.0, (5, 9): 1.1272251143826322e-07, (5, 8): 0.016193339005866763, (5, 7): 0.29184268833376925, (5, 5): 0.000744973666164939, (5, 4): 0.0006183764693848439, (5, 3): 0.035380768003060996, (5, 2): 0.018995724294879217, (5, 1): 0.008871780981661912, (6, 8): 0.12466349622680085, (6, 3): 0.06217308379074337, (7, 11): 0.0, (7, 10): 0.8350178236720573, (7, 9): 0.7453700136687025, (7, 8): 0.6435089118184385, (7, 7): 0.5106766292999076, (7, 6): 0.39863002241903056, (7, 4): 0.0028506453445337407, (7, 3): 0.11432989078476814, (7, 2): 0.03252744570276138, (7, 1): 0.013144529163190236, (8, 11): 0.10059733567645882, (8, 10): 0.9025271478515122, (8, 9): 0.8350178236720573, (8, 8): 0.7453700136687025, (8, 7): 0.6435089118184385, (8, 6): 0.5106766292999076, (8, 5): 0.39863002241903056, (8, 4): 0.29184268833376925, (8, 3): 0.19327602494444493, (8, 2): 0.11432989078476814, (8, 1): 0.03252744570276138, (9, 11): 0.7515173972648019, (9, 10): 0.9395405203212585, (9, 9): 0.9025271478515122, (9, 8): 0.8350178236720573, (9, 7): 0.7453700136687025, (9, 6): 0.6435089118184385, (9, 4): 0.0004714111596459851, (9, 3): 0.11432989078476814, (9, 2): 0.03252744570276138, (9, 1): 0.013144529163190236, (10, 11): 0.984753136695627, (10, 10): 0.9801294848815982, (10, 9): 0.9395405203212585, (10, 8): 0.9025271478515122, (10, 7): 0.8350178236720573, (10, 6): 0.7453700136687025, (10, 4): 0.005471402804363331, (10, 3): 0.03252744570276138, (10, 2): 0.013144529163190236, (10, 1): 0.018995724294879217, (11, 11): 0.0, (11, 10): 0.9980971569514265, (11, 9): 0.9801294848815982, (11, 8): 0.9395405203212585, (11, 7): 0.9025271478515122, (11, 6): 0.8350178236720573, (11, 4): 0.0004748855105715856, (11, 3): 0.013144529163190236, (11, 2): 0.018995724294879217, (11, 1): 0.008871780981661912}"
"(<Abstr_type.A_STAR: 2>, 0.0)",1,"{(1, 11): 0.0002647361357650327, (1, 10): 0.003976965896883742, (1, 9): 0.0, (1, 8): 0.10850399651685577, (1, 7): 0.009298936680634995, (1, 5): 0.0, (1, 4): 0.007983615123478777, (1, 3): 0.003355170549683078, (1, 2): 0.001375090747523847, (1, 1): 0.0005742997495835112, (2, 11): 0.003976965896883742, (2, 10): 0.0, (2, 9): 0.0, (2, 8): 1.0180181521140914e-13, (2, 7): 0.015709878037723477, (2, 5): 0.03410217497344534, (2, 4): 0.017905253427737973, (2, 3): 0.007983615123478777, (2, 2): 0.003355170549683078, (2, 1): 0.001375090747523847, (3, 11): 0.0, (3, 10): 0.0, (3, 9): 0.0, (3, 8): 0.30507025674558336, (3, 7): 0.16970428583405955, (3, 6): 0.015709878037723477, (3, 5): 0.009298936680634995, (3, 4): 0.0007541090467926971, (3, 3): 0.017905253427737973, (3, 2): 0.007983615123478777, (3, 1): 0.003355170549683078, (4, 11): 0.0, (4, 10): 0.0, (4, 9): 0.0, (4, 8): 5.074769220719498e-10, (4, 7): 0.041672528766262144, (4, 5): 1.1342460401518783e-05, (4, 4): 0.017905253427737973, (4, 3): 0.03410217497344534, (4, 2): 0.017905253427737973, (4, 1): 0.007983615123478777, (5, 11): 0.0, (5, 10): 0.0, (5, 9): 0.0, (5, 8): 9.369448645458666e-08, (5, 7): 0.41325346420728015, (5, 5): 0.0002647361357650327, (5, 4): 0.003976965896883742, (5, 3): 0.06386417252920953, (5, 2): 0.0007541090467926971, (5, 1): 0.017905253427737973, (6, 8): 2.651900977016353e-06, (6, 3): 0.10850399651685577, (7, 11): 0.0004332578750415644, (7, 10): 0.8354602496197469, (7, 9): 0.7868870030007599, (7, 8): 0.7083790484194192, (7, 7): 0.6205094576831267, (7, 6): 0.5119726683835124, (7, 4): 0.30507025674558336, (7, 3): 0.16970428583405955, (7, 2): 0.015709878037723477, (7, 1): 0.009298936680634995, (8, 11): 0.04442041649788474, (8, 10): 0.8769372630609519, (8, 9): 0.8354602496197469, (8, 8): 0.7868870030007599, (8, 7): 0.7083790484194192, (8, 6): 0.6205094576831267, (8, 5): 0.5119726683835124, (8, 4): 0.41325346420728015, (8, 3): 0.041672528766262144, (8, 2): 0.16970428583405955, (8, 1): 0.015709878037723477, (9, 11): 0.7979652891254143, (9, 10): 0.9192038581942822, (9, 9): 0.8769372630609519, (9, 8): 0.8354602496197469, (9, 7): 0.7868870030007599, (9, 6): 0.7083790484194192, (9, 4): 0.07157754471054736, (9, 3): 0.16970428583405955, (9, 2): 0.015709878037723477, (9, 1): 0.009298936680634995, (10, 11): 0.999934603671491, (10, 10): 0.9742444644754461, (10, 9): 0.9192038581942822, (10, 8): 0.8769372630609519, (10, 7): 0.8354602496197469, (10, 6): 0.7868870030007599, (10, 4): 0.0, (10, 3): 0.015709878037723477, (10, 2): 0.009298936680634995, (10, 1): 0.0007541090467926971, (11, 11): 0.0, (11, 10): 0.5680460702715265, (11, 9): 0.9742444644754461, (11, 8): 0.9192038581942822, (11, 7): 0.8769372630609519, (11, 6): 0.8354602496197469, (11, 4): 0.0, (11, 3): 0.009298936680634995, (11, 2): 0.0007541090467926971, (11, 1): 0.017905253427737973}"
"(<Abstr_type.A_STAR: 2>, 0.0)",2,"{(1, 11): 2.0769089878489794e-12, (1, 10): 0.00043804598788096667, (1, 9): 0.0015484351082703932, (1, 8): 0.0178946548519291, (1, 7): 0.09275304074282587, (1, 5): 4.855729376931491e-05, (1, 4): 0.01216400219397444, (1, 3): 0.0050462434587016745, (1, 2): 0.0022424557666083315, (1, 1): 0.0008942886742222774, (2, 11): 0.00043804598788096667, (2, 10): 0.0015484351082703932, (2, 9): 3.975642280304906e-06, (2, 8): 0.07267172173576643, (2, 7): 0.15136963783348015, (2, 5): 0.019830213219098072, (2, 4): 0.023197663932858936, (2, 3): 0.01216400219397444, (2, 2): 0.0050462434587016745, (2, 1): 0.0022424557666083315, (3, 11): 0.0015484351082703932, (3, 10): 3.975642280304906e-06, (3, 9): 1.8485564004939493e-07, (3, 8): 0.3170689725896756, (3, 7): 0.2351876115417479, (3, 6): 0.15136963783348015, (3, 5): 0.09275304074282587, (3, 4): 0.05047939838304592, (3, 3): 0.023197663932858936, (3, 2): 0.01216400219397444, (3, 1): 0.0050462434587016745, (4, 11): 3.975642280304906e-06, (4, 10): 1.8485564004939493e-07, (4, 9): 2.3471325813422577e-14, (4, 8): 0.4221767025404435, (4, 7): 0.005637782314986871, (4, 5): 0.01192084086963132, (4, 4): 0.023197663932858936, (4, 3): 0.019830213219098072, (4, 2): 0.023197663932858936, (4, 1): 0.01216400219397444, (5, 11): 1.8485564004939493e-07, (5, 10): 2.3471325813422577e-14, (5, 9): 0.0, (5, 8): 0.5261542001930332, (5, 7): 0.11675340378160315, (5, 5): 2.0769089878489794e-12, (5, 4): 0.00043804598788096667, (5, 3): 0.0004980797112097721, (5, 2): 0.05047939838304592, (5, 1): 0.023197663932858936, (6, 8): 0.6126134396367933, (6, 3): 0.0178946548519291, (7, 11): 0.16563464017846846, (7, 10): 0.7597115111560666, (7, 9): 0.7182663363014735, (7, 8): 0.6745365821668581, (7, 7): 0.1604263303916511, (7, 6): 0.03128377641302181, (7, 4): 0.3170689725896756, (7, 3): 0.2351876115417479, (7, 2): 0.15136963783348015, (7, 1): 0.09275304074282587, (8, 11): 0.13689741108357326, (8, 10): 0.81322696880503, (8, 9): 0.7597115111560666, (8, 8): 0.7182663363014735, (8, 7): 0.6745365821668581, (8, 6): 0.1604263303916511, (8, 5): 0.03128377641302181, (8, 4): 0.11675340378160315, (8, 3): 0.005637782314986871, (8, 2): 0.2351876115417479, (8, 1): 0.15136963783348015, (9, 11): 0.19383542367060283, (9, 10): 0.887009746393341, (9, 9): 0.81322696880503, (9, 8): 0.7597115111560666, (9, 7): 0.7182663363014735, (9, 6): 0.6745365821668581, (9, 4): 4.1937944949049793e-07, (9, 3): 0.2351876115417479, (9, 2): 0.15136963783348015, (9, 1): 0.09275304074282587, (10, 11): 0.1826271947168503, (10, 10): 0.9545332372122837, (10, 9): 0.887009746393341, (10, 8): 0.81322696880503, (10, 7): 0.7597115111560666, (10, 6): 0.7182663363014735, (10, 4): 0.0, (10, 3): 0.15136963783348015, (10, 2): 0.09275304074282587, (10, 1): 0.05047939838304592, (11, 11): 0.0, (11, 10): 0.9999719327490609, (11, 9): 0.9545332372122837, (11, 8): 0.887009746393341, (11, 7): 0.81322696880503, (11, 6): 0.7597115111560666, (11, 4): 0.0, (11, 3): 0.09275304074282587, (11, 2): 0.05047939838304592, (11, 1): 0.023197663932858936}"
"(<Abstr_type.A_STAR: 2>, 0.0)",3,"{(1, 11): 0.0, (1, 10): 0.0, (1, 9): 0.0, (1, 8): 0.0012129109463900431, (1, 7): 0.06531631630044482, (1, 5): 0.004076916958593365, (1, 4): 0.009704878980651014, (1, 3): 0.004572030642415392, (1, 2): 0.0020347955738603124, (1, 1): 0.0010125618503293973, (2, 11): 0.0, (2, 10): 0.0, (2, 9): 0.0, (2, 8): 0.00013749397365971653, (2, 7): 0.10448824677530663, (2, 5): 0.037119444136893845, (2, 4): 0.01960252651767734, (2, 3): 0.009704878980651014, (2, 2): 0.004572030642415392, (2, 1): 0.0020347955738603124, (3, 11): 0.0, (3, 10): 0.0, (3, 9): 0.0, (3, 8): 0.00502247605269937, (3, 7): 0.16884967144623844, (3, 6): 0.10448824677530663, (3, 5): 0.06531631630044482, (3, 4): 0.01089536498100759, (3, 3): 0.01960252651767734, (3, 2): 0.009704878980651014, (3, 1): 0.004572030642415392, (4, 11): 0.0, (4, 10): 0.0, (4, 9): 1.0786329356384038e-11, (4, 8): 0.05243628460188807, (4, 7): 0.25350903172868955, (4, 5): 0.0, (4, 4): 0.01960252651767734, (4, 3): 0.037119444136893845, (4, 2): 0.01960252651767734, (4, 1): 0.009704878980651014, (5, 11): 0.0, (5, 10): 1.0786329356384038e-11, (5, 9): 0.00223440801843158, (5, 8): 0.4522638273111027, (5, 7): 0.34953874336762797, (5, 5): 0.0, (5, 4): 0.0, (5, 3): 7.499004889646462e-12, (5, 2): 0.01089536498100759, (5, 1): 0.01960252651767734, (6, 8): 0.5528130079888676, (6, 3): 0.0012129109463900431, (7, 11): 0.0005905692429875867, (7, 10): 0.813796983082784, (7, 9): 0.729009207098729, (7, 8): 0.6450575405086183, (7, 7): 0.02457417884596629, (7, 6): 1.8832435862213955e-05, (7, 4): 0.00502247605269937, (7, 3): 0.16884967144623844, (7, 2): 0.10448824677530663, (7, 1): 0.06531631630044482, (8, 11): 0.15903956649316453, (8, 10): 0.896928598957959, (8, 9): 0.813796983082784, (8, 8): 0.729009207098729, (8, 7): 0.6450575405086183, (8, 6): 0.02457417884596629, (8, 5): 1.8832435862213955e-05, (8, 4): 0.34953874336762797, (8, 3): 0.25350903172868955, (8, 2): 0.16884967144623844, (8, 1): 0.10448824677530663, (9, 11): 0.567846022669875, (9, 10): 0.9534343136241892, (9, 9): 0.896928598957959, (9, 8): 0.813796983082784, (9, 7): 0.729009207098729, (9, 6): 0.6450575405086183, (9, 4): 0.005270446902386508, (9, 3): 0.16884967144623844, (9, 2): 0.10448824677530663, (9, 1): 0.06531631630044482, (10, 11): 0.9996151477859477, (10, 10): 0.9763531457103246, (10, 9): 0.9534343136241892, (10, 8): 0.896928598957959, (10, 7): 0.813796983082784, (10, 6): 0.729009207098729, (10, 4): 1.8578454809498942e-09, (10, 3): 0.10448824677530663, (10, 2): 0.06531631630044482, (10, 1): 0.01089536498100759, (11, 11): 0.0, (11, 10): 0.9274286013796642, (11, 9): 0.9763531457103246, (11, 8): 0.9534343136241892, (11, 7): 0.896928598957959, (11, 6): 0.813796983082784, (11, 4): 5.3525391724748285e-12, (11, 3): 0.06531631630044482, (11, 2): 0.01089536498100759, (11, 1): 0.01960252651767734}"
"(<Abstr_type.A_STAR: 2>, 0.0)",4,"{(1, 11): 9.579318437525256e-13, (1, 10): 0.0023157129381381645, (1, 9): 0.0, (1, 8): 0.06335962549407063, (1, 7): 0.005191244623316848, (1, 5): 1.051313720093012e-12, (1, 4): 0.002094920513315089, (1, 3): 0.001226277896872968, (1, 2): 0.00048455765952567153, (1, 1): 0.0001583265105625769, (2, 11): 0.0023157129381381645, (2, 10): 0.0, (2, 9): 1.5916549221876513e-05, (2, 8): 0.0007012450053199979, (2, 7): 0.031096163784937125, (2, 5): 0.012523029425335874, (2, 4): 0.004451436134479399, (2, 3): 0.002094920513315089, (2, 2): 0.001226277896872968, (2, 1): 0.00048455765952567153, (3, 11): 0.0, (3, 10): 1.5916549221876513e-05, (3, 9): 0.0002816371129582025, (3, 8): 0.1304009517394305, (3, 7): 0.10056790291221471, (3, 6): 0.031096163784937125, (3, 5): 0.005191244623316848, (3, 4): 0.0050027633273157165, (3, 3): 0.004451436134479399, (3, 2): 0.002094920513315089, (3, 1): 0.001226277896872968, (4, 11): 1.5916549221876513e-05, (4, 10): 0.0002816371129582025, (4, 9): 0.0001552910173941727, (4, 8): 0.015465264671943259, (4, 7): 0.07710152629750995, (4, 5): 1.280709670921903e-12, (4, 4): 0.004451436134479399, (4, 3): 0.012523029425335874, (4, 2): 0.004451436134479399, (4, 1): 0.002094920513315089, (5, 11): 0.0002816371129582025, (5, 10): 0.0001552910173941727, (5, 9): 2.4911350556354736e-05, (5, 8): 0.06469733078911226, (5, 7): 0.23046540135146562, (5, 5): 9.579318437525256e-13, (5, 4): 0.0023157129381381645, (5, 3): 0.03291424263414817, (5, 2): 0.0050027633273157165, (5, 1): 0.004451436134479399, (6, 8): 0.2541430046467435, (6, 3): 0.06335962549407063, (7, 11): 0.0, (7, 10): 0.8080772183530329, (7, 9): 0.7356119297169283, (7, 8): 0.6465510974071926, (7, 7): 0.5018200607009801, (7, 6): 0.3821376610931235, (7, 4): 0.1304009517394305, (7, 3): 0.10056790291221471, (7, 2): 0.031096163784937125, (7, 1): 0.005191244623316848, (8, 11): 0.1255300549416182, (8, 10): 0.8504107466117351, (8, 9): 0.8080772183530329, (8, 8): 0.7356119297169283, (8, 7): 0.6465510974071926, (8, 6): 0.5018200607009801, (8, 5): 0.3821376610931235, (8, 4): 0.23046540135146562, (8, 3): 0.07710152629750995, (8, 2): 0.10056790291221471, (8, 1): 0.031096163784937125, (9, 11): 0.7212896034618014, (9, 10): 0.8806075384454284, (9, 9): 0.8504107466117351, (9, 8): 0.8080772183530329, (9, 7): 0.7356119297169283, (9, 6): 0.6465510974071926, (9, 4): 0.013286756918099246, (9, 3): 0.10056790291221471, (9, 2): 0.031096163784937125, (9, 1): 0.005191244623316848, (10, 11): 0.9910047137122732, (10, 10): 0.9777374382423832, (10, 9): 0.8806075384454284, (10, 8): 0.8504107466117351, (10, 7): 0.8080772183530329, (10, 6): 0.7356119297169283, (10, 4): 7.416361422945386e-07, (10, 3): 0.031096163784937125, (10, 2): 0.005191244623316848, (10, 1): 0.0050027633273157165, (11, 11): 0.0, (11, 10): 0.9968325013480247, (11, 9): 0.9777374382423832, (11, 8): 0.8806075384454284, (11, 7): 0.8504107466117351, (11, 6): 0.8080772183530329, (11, 4): 8.497930952928121e-08, (11, 3): 0.005191244623316848, (11, 2): 0.0050027633273157165, (11, 1): 0.004451436134479399}"
"(<Abstr_type.PI_STAR: 3>, 0.0)",0,"{(1, 11): 0.4218988166549823, (1, 10): 0.4218988166549823, (1, 9): 0.4218988166549823, (1, 8): 0.8760323288228754, (1, 7): 0.8459603632427213, (1, 5): 0.8760323288228754, (1, 4): 0.8459603632427213, (1, 3): 0.8459603632427213, (1, 2): 0.8459603632427213, (1, 1): 0.8459603632427213, (2, 11): 0.4218988166549823, (2, 10): 0.4218988166549823, (2, 9): 0.4218988166549823, (2, 8): 0.8760323288228754, (2, 7): 0.8459603632427213, (2, 5): 0.8760323288228754, (2, 4): 0.8459603632427213, (2, 3): 0.8459603632427213, (2, 2): 0.8459603632427213, (2, 1): 0.8459603632427213, (3, 11): 0.4218988166549823, (3, 10): 0.4218988166549823, (3, 9): 0.4218988166549823, (3, 8): 0.8760323288228754, (3, 7): 0.8459603632427213, (3, 6): 0.8459603632427213, (3, 5): 0.8459603632427213, (3, 4): 0.8459603632427213, (3, 3): 0.8459603632427213, (3, 2): 0.8459603632427213, (3, 1): 0.8459603632427213, (4, 11): 0.4218988166549823, (4, 10): 0.4218988166549823, (4, 9): 0.4218988166549823, (4, 8): 0.8760323288228754, (4, 7): 0.8459603632427213, (4, 5): 0.0024117272322421936, (4, 4): 0.8459603632427213, (4, 3): 0.8760323288228754, (4, 2): 0.8459603632427213, (4, 1): 0.8459603632427213, (5, 11): 0.4218988166549823, (5, 10): 0.4218988166549823, (5, 9): 0.4218988166549823, (5, 8): 0.8760323288228754, (5, 7): 0.8459603632427213, (5, 5): 0.4218988166549823, (5, 4): 0.4218988166549823, (5, 3): 0.8760323288228754, (5, 2): 0.8459603632427213, (5, 1): 0.8459603632427213, (6, 8): 0.8760323288228754, (6, 3): 0.8760323288228754, (7, 11): 0.8760323288228754, (7, 10): 0.8459603632427213, (7, 9): 0.8459603632427213, (7, 8): 0.8459603632427213, (7, 7): 0.8459603632427213, (7, 6): 0.8459603632427213, (7, 4): 0.8760323288228754, (7, 3): 0.8459603632427213, (7, 2): 0.8459603632427213, (7, 1): 0.8459603632427213, (8, 11): 0.8760323288228754, (8, 10): 0.8459603632427213, (8, 9): 0.8459603632427213, (8, 8): 0.8459603632427213, (8, 7): 0.8459603632427213, (8, 6): 0.8459603632427213, (8, 5): 0.8459603632427213, (8, 4): 0.8459603632427213, (8, 3): 0.8459603632427213, (8, 2): 0.8459603632427213, (8, 1): 0.8459603632427213, (9, 11): 0.8760323288228754, (9, 10): 0.8459603632427213, (9, 9): 0.8459603632427213, (9, 8): 0.8459603632427213, (9, 7): 0.8459603632427213, (9, 6): 0.8459603632427213, (9, 4): 0.0024117272322421936, (9, 3): 0.8459603632427213, (9, 2): 0.8459603632427213, (9, 1): 0.8459603632427213, (10, 11): 0.8760323288228754, (10, 10): 0.8459603632427213, (10, 9): 0.8459603632427213, (10, 8): 0.8459603632427213, (10, 7): 0.8459603632427213, (10, 6): 0.8459603632427213, (10, 4): 0.0024117272322421936, (10, 3): 0.8459603632427213, (10, 2): 0.8459603632427213, (10, 1): 0.8459603632427213, (11, 11): 0.8459603632427213, (11, 10): 0.8459603632427213, (11, 9): 0.8459603632427213, (11, 8): 0.8459603632427213, (11, 7): 0.8459603632427213, (11, 6): 0.8459603632427213, (11, 4): 0.0024117272322421936, (11, 3): 0.8459603632427213, (11, 2): 0.8459603632427213, (11, 1): 0.8459603632427213}"
"(<Abstr_type.PI_STAR: 3>, 0.0)",1,"{(1, 11): 0.514465141369991, (1, 10): 0.514465141369991, (1, 9): 0.514465141369991, (1, 8): 0.8408081621987878, (1, 7): 0.7960918575651516, (1, 5): 0.8408081621987878, (1, 4): 0.7960918575651516, (1, 3): 0.7960918575651516, (1, 2): 0.7960918575651516, (1, 1): 0.7960918575651516, (2, 11): 0.514465141369991, (2, 10): 0.514465141369991, (2, 9): 0.514465141369991, (2, 8): 0.8408081621987878, (2, 7): 0.7960918575651516, (2, 5): 0.8408081621987878, (2, 4): 0.7960918575651516, (2, 3): 0.7960918575651516, (2, 2): 0.7960918575651516, (2, 1): 0.7960918575651516, (3, 11): 0.514465141369991, (3, 10): 0.514465141369991, (3, 9): 0.514465141369991, (3, 8): 0.8408081621987878, (3, 7): 0.7960918575651516, (3, 6): 0.7960918575651516, (3, 5): 0.7960918575651516, (3, 4): 0.7960918575651516, (3, 3): 0.7960918575651516, (3, 2): 0.7960918575651516, (3, 1): 0.7960918575651516, (4, 11): 0.514465141369991, (4, 10): 0.514465141369991, (4, 9): 0.514465141369991, (4, 8): 0.8408081621987878, (4, 7): 0.7960918575651516, (4, 5): 0.25445364066810294, (4, 4): 0.7960918575651516, (4, 3): 0.8408081621987878, (4, 2): 0.7960918575651516, (4, 1): 0.7960918575651516, (5, 11): 0.514465141369991, (5, 10): 0.514465141369991, (5, 9): 0.514465141369991, (5, 8): 0.8408081621987878, (5, 7): 0.7960918575651516, (5, 5): 0.514465141369991, (5, 4): 0.514465141369991, (5, 3): 0.8408081621987878, (5, 2): 0.7960918575651516, (5, 1): 0.7960918575651516, (6, 8): 0.8408081621987878, (6, 3): 0.8408081621987878, (7, 11): 0.8408081621987878, (7, 10): 0.7960918575651516, (7, 9): 0.7960918575651516, (7, 8): 0.7960918575651516, (7, 7): 0.7960918575651516, (7, 6): 0.7960918575651516, (7, 4): 0.8408081621987878, (7, 3): 0.7960918575651516, (7, 2): 0.7960918575651516, (7, 1): 0.7960918575651516, (8, 11): 0.8408081621987878, (8, 10): 0.7960918575651516, (8, 9): 0.7960918575651516, (8, 8): 0.7960918575651516, (8, 7): 0.7960918575651516, (8, 6): 0.7960918575651516, (8, 5): 0.7960918575651516, (8, 4): 0.7960918575651516, (8, 3): 0.7960918575651516, (8, 2): 0.7960918575651516, (8, 1): 0.7960918575651516, (9, 11): 0.8408081621987878, (9, 10): 0.7960918575651516, (9, 9): 0.7960918575651516, (9, 8): 0.7960918575651516, (9, 7): 0.7960918575651516, (9, 6): 0.7960918575651516, (9, 4): 0.25445364066810294, (9, 3): 0.7960918575651516, (9, 2): 0.7960918575651516, (9, 1): 0.7960918575651516, (10, 11): 0.8408081621987878, (10, 10): 0.7960918575651516, (10, 9): 0.7960918575651516, (10, 8): 0.7960918575651516, (10, 7): 0.7960918575651516, (10, 6): 0.7960918575651516, (10, 4): 0.25445364066810294, (10, 3): 0.7960918575651516, (10, 2): 0.7960918575651516, (10, 1): 0.7960918575651516, (11, 11): 0.7960918575651516, (11, 10): 0.7960918575651516, (11, 9): 0.7960918575651516, (11, 8): 0.7960918575651516, (11, 7): 0.7960918575651516, (11, 6): 0.7960918575651516, (11, 4): 0.25445364066810294, (11, 3): 0.7960918575651516, (11, 2): 0.7960918575651516, (11, 1): 0.7960918575651516}"
"(<Abstr_type.PI_STAR: 3>, 0.0)",2,"{(1, 11): 0.4594186628169235, (1, 10): 0.4594186628169235, (1, 9): 0.4594186628169235, (1, 8): 0.8797361592929531, (1, 7): 0.8473782817023481, (1, 5): 0.8797361592929531, (1, 4): 0.8473782817023481, (1, 3): 0.8473782817023481, (1, 2): 0.8473782817023481, (1, 1): 0.8473782817023481, (2, 11): 0.4594186628169235, (2, 10): 0.4594186628169235, (2, 9): 0.4594186628169235, (2, 8): 0.8797361592929531, (2, 7): 0.8473782817023481, (2, 5): 0.8797361592929531, (2, 4): 0.8473782817023481, (2, 3): 0.8473782817023481, (2, 2): 0.8473782817023481, (2, 1): 0.8473782817023481, (3, 11): 0.4594186628169235, (3, 10): 0.4594186628169235, (3, 9): 0.4594186628169235, (3, 8): 0.8797361592929531, (3, 7): 0.8473782817023481, (3, 6): 0.8473782817023481, (3, 5): 0.8473782817023481, (3, 4): 0.8473782817023481, (3, 3): 0.8473782817023481, (3, 2): 0.8473782817023481, (3, 1): 0.8473782817023481, (4, 11): 0.4594186628169235, (4, 10): 0.4594186628169235, (4, 9): 0.4594186628169235, (4, 8): 0.8797361592929531, (4, 7): 0.8473782817023481, (4, 5): 0.18081094480629498, (4, 4): 0.8473782817023481, (4, 3): 0.8797361592929531, (4, 2): 0.8473782817023481, (4, 1): 0.8473782817023481, (5, 11): 0.4594186628169235, (5, 10): 0.4594186628169235, (5, 9): 0.4594186628169235, (5, 8): 0.8797361592929531, (5, 7): 0.8473782817023481, (5, 5): 0.4594186628169235, (5, 4): 0.4594186628169235, (5, 3): 0.8797361592929531, (5, 2): 0.8473782817023481, (5, 1): 0.8473782817023481, (6, 8): 0.8797361592929531, (6, 3): 0.8797361592929531, (7, 11): 0.8797361592929531, (7, 10): 0.8473782817023481, (7, 9): 0.8473782817023481, (7, 8): 0.8473782817023481, (7, 7): 0.8473782817023481, (7, 6): 0.8473782817023481, (7, 4): 0.8797361592929531, (7, 3): 0.8473782817023481, (7, 2): 0.8473782817023481, (7, 1): 0.8473782817023481, (8, 11): 0.8797361592929531, (8, 10): 0.8473782817023481, (8, 9): 0.8473782817023481, (8, 8): 0.8473782817023481, (8, 7): 0.8473782817023481, (8, 6): 0.8473782817023481, (8, 5): 0.8473782817023481, (8, 4): 0.8473782817023481, (8, 3): 0.8473782817023481, (8, 2): 0.8473782817023481, (8, 1): 0.8473782817023481, (9, 11): 0.8797361592929531, (9, 10): 0.8473782817023481, (9, 9): 0.8473782817023481, (9, 8): 0.8473782817023481, (9, 7): 0.8473782817023481, (9, 6): 0.8473782817023481, (9, 4): 0.18081094480629498, (9, 3): 0.8473782817023481, (9, 2): 0.8473782817023481, (9, 1): 0.8473782817023481, (10, 11): 0.8797361592929531, (10, 10): 0.8473782817023481, (10, 9): 0.8473782817023481, (10, 8): 0.8473782817023481, (10, 7): 0.8473782817023481, (10, 6): 0.8473782817023481, (10, 4): 0.18081094480629498, (10, 3): 0.8473782817023481, (10, 2): 0.8473782817023481, (10, 1): 0.8473782817023481, (11, 11): 0.8473782817023481, (11, 10): 0.8473782817023481, (11, 9): 0.8473782817023481, (11, 8): 0.8473782817023481, (11, 7): 0.8473782817023481, (11, 6): 0.8473782817023481, (11, 4): 0.18081094480629498, (11, 3): 0.8473782817023481, (11, 2): 0.8473782817023481, (11, 1): 0.8473782817023481}"
"(<Abstr_type.PI_STAR: 3>, 0.0)",3,"{(1, 11): 0.525872390203483, (1, 10): 0.525872390203483, (1, 9): 0.525872390203483, (1, 8): 0.8728881747332035, (1, 7): 0.8398449572298793, (1, 5): 0.8728881747332035, (1, 4): 0.8398449572298793, (1, 3): 0.8398449572298793, (1, 2): 0.8398449572298793, (1, 1): 0.8398449572298793, (2, 11): 0.525872390203483, (2, 10): 0.525872390203483, (2, 9): 0.525872390203483, (2, 8): 0.8728881747332035, (2, 7): 0.8398449572298793, (2, 5): 0.8728881747332035, (2, 4): 0.8398449572298793, (2, 3): 0.8398449572298793, (2, 2): 0.8398449572298793, (2, 1): 0.8398449572298793, (3, 11): 0.525872390203483, (3, 10): 0.525872390203483, (3, 9): 0.525872390203483, (3, 8): 0.8728881747332035, (3, 7): 0.8398449572298793, (3, 6): 0.8398449572298793, (3, 5): 0.8398449572298793, (3, 4): 0.8398449572298793, (3, 3): 0.8398449572298793, (3, 2): 0.8398449572298793, (3, 1): 0.8398449572298793, (4, 11): 0.525872390203483, (4, 10): 0.525872390203483, (4, 9): 0.525872390203483, (4, 8): 0.8728881747332035, (4, 7): 0.8398449572298793, (4, 5): 0.423473347394535, (4, 4): 0.8398449572298793, (4, 3): 0.8728881747332035, (4, 2): 0.8398449572298793, (4, 1): 0.8398449572298793, (5, 11): 0.525872390203483, (5, 10): 0.525872390203483, (5, 9): 0.525872390203483, (5, 8): 0.8728881747332035, (5, 7): 0.8398449572298793, (5, 5): 0.525872390203483, (5, 4): 0.525872390203483, (5, 3): 0.8728881747332035, (5, 2): 0.8398449572298793, (5, 1): 0.8398449572298793, (6, 8): 0.8728881747332035, (6, 3): 0.8728881747332035, (7, 11): 0.8728881747332035, (7, 10): 0.8398449572298793, (7, 9): 0.8398449572298793, (7, 8): 0.8398449572298793, (7, 7): 0.8398449572298793, (7, 6): 0.8398449572298793, (7, 4): 0.8728881747332035, (7, 3): 0.8398449572298793, (7, 2): 0.8398449572298793, (7, 1): 0.8398449572298793, (8, 11): 0.8728881747332035, (8, 10): 0.8398449572298793, (8, 9): 0.8398449572298793, (8, 8): 0.8398449572298793, (8, 7): 0.8398449572298793, (8, 6): 0.8398449572298793, (8, 5): 0.8398449572298793, (8, 4): 0.8398449572298793, (8, 3): 0.8398449572298793, (8, 2): 0.8398449572298793, (8, 1): 0.8398449572298793, (9, 11): 0.8728881747332035, (9, 10): 0.8398449572298793, (9, 9): 0.8398449572298793, (9, 8): 0.8398449572298793, (9, 7): 0.8398449572298793, (9, 6): 0.8398449572298793, (9, 4): 0.423473347394535, (9, 3): 0.8398449572298793, (9, 2): 0.8398449572298793, (9, 1): 0.8398449572298793, (10, 11): 0.8728881747332035, (10, 10): 0.8398449572298793, (10, 9): 0.8398449572298793, (10, 8): 0.8398449572298793, (10, 7): 0.8398449572298793, (10, 6): 0.8398449572298793, (10, 4): 0.423473347394535, (10, 3): 0.8398449572298793, (10, 2): 0.8398449572298793, (10, 1): 0.8398449572298793, (11, 11): 0.8398449572298793, (11, 10): 0.8398449572298793, (11, 9): 0.8398449572298793, (11, 8): 0.8398449572298793, (11, 7): 0.8398449572298793, (11, 6): 0.8398449572298793, (11, 4): 0.423473347394535, (11, 3): 0.8398449572298793, (11, 2): 0.8398449572298793, (11, 1): 0.8398449572298793}"
"(<Abstr_type.PI_STAR: 3>, 0.0)",4,"{(1, 11): 0.4259540356765633, (1, 10): 0.4259540356765633, (1, 9): 0.4259540356765633, (1, 8): 0.880733520331652, (1, 7): 0.8481065650819042, (1, 5): 0.880733520331652, (1, 4): 0.8481065650819042, (1, 3): 0.8481065650819042, (1, 2): 0.8481065650819042, (1, 1): 0.8481065650819042, (2, 11): 0.4259540356765633, (2, 10): 0.4259540356765633, (2, 9): 0.4259540356765633, (2, 8): 0.880733520331652, (2, 7): 0.8481065650819042, (2, 5): 0.880733520331652, (2, 4): 0.8481065650819042, (2, 3): 0.8481065650819042, (2, 2): 0.8481065650819042, (2, 1): 0.8481065650819042, (3, 11): 0.4259540356765633, (3, 10): 0.4259540356765633, (3, 9): 0.4259540356765633, (3, 8): 0.880733520331652, (3, 7): 0.8481065650819042, (3, 6): 0.8481065650819042, (3, 5): 0.8481065650819042, (3, 4): 0.8481065650819042, (3, 3): 0.8481065650819042, (3, 2): 0.8481065650819042, (3, 1): 0.8481065650819042, (4, 11): 0.4259540356765633, (4, 10): 0.4259540356765633, (4, 9): 0.4259540356765633, (4, 8): 0.880733520331652, (4, 7): 0.8481065650819042, (4, 5): 0.16079260522144742, (4, 4): 0.8481065650819042, (4, 3): 0.880733520331652, (4, 2): 0.8481065650819042, (4, 1): 0.8481065650819042, (5, 11): 0.4259540356765633, (5, 10): 0.4259540356765633, (5, 9): 0.4259540356765633, (5, 8): 0.880733520331652, (5, 7): 0.8481065650819042, (5, 5): 0.4259540356765633, (5, 4): 0.4259540356765633, (5, 3): 0.880733520331652, (5, 2): 0.8481065650819042, (5, 1): 0.8481065650819042, (6, 8): 0.880733520331652, (6, 3): 0.880733520331652, (7, 11): 0.880733520331652, (7, 10): 0.8481065650819042, (7, 9): 0.8481065650819042, (7, 8): 0.8481065650819042, (7, 7): 0.8481065650819042, (7, 6): 0.8481065650819042, (7, 4): 0.880733520331652, (7, 3): 0.8481065650819042, (7, 2): 0.8481065650819042, (7, 1): 0.8481065650819042, (8, 11): 0.880733520331652, (8, 10): 0.8481065650819042, (8, 9): 0.8481065650819042, (8, 8): 0.8481065650819042, (8, 7): 0.8481065650819042, (8, 6): 0.8481065650819042, (8, 5): 0.8481065650819042, (8, 4): 0.8481065650819042, (8, 3): 0.8481065650819042, (8, 2): 0.8481065650819042, (8, 1): 0.8481065650819042, (9, 11): 0.880733520331652, (9, 10): 0.8481065650819042, (9, 9): 0.8481065650819042, (9, 8): 0.8481065650819042, (9, 7): 0.8481065650819042, (9, 6): 0.8481065650819042, (9, 4): 0.16079260522144742, (9, 3): 0.8481065650819042, (9, 2): 0.8481065650819042, (9, 1): 0.8481065650819042, (10, 11): 0.880733520331652, (10, 10): 0.8481065650819042, (10, 9): 0.8481065650819042, (10, 8): 0.8481065650819042, (10, 7): 0.8481065650819042, (10, 6): 0.8481065650819042, (10, 4): 0.16079260522144742, (10, 3): 0.8481065650819042, (10, 2): 0.8481065650819042, (10, 1): 0.8481065650819042, (11, 11): 0.8481065650819042, (11, 10): 0.8481065650819042, (11, 9): 0.8481065650819042, (11, 8): 0.8481065650819042, (11, 7): 0.8481065650819042, (11, 6): 0.8481065650819042, (11, 4): 0.16079260522144742, (11, 3): 0.8481065650819042, (11, 2): 0.8481065650819042, (11, 1): 0.8481065650819042}"
"(<Abstr_type.Q_STAR: 1>, 0.0)",0,"{(1, 11): 0.0, (1, 10): 0.0, (1, 9): 6.393302745282835e-12, (1, 8): 9.17383426056688e-11, (1, 7): 9.774950639548545e-11, (1, 5): 3.114333661324129e-07, (1, 4): 2.4691595773476655e-16, (1, 3): 0.0, (1, 2): 8.129437955311349e-05, (1, 1): 0.0003479907701258771, (2, 11): 0.0, (2, 10): 7.827876327430384e-12, (2, 9): 9.830198081595094e-11, (2, 8): 9.748352441659005e-11, (2, 7): 0.0013941147209806937, (2, 5): 0.0009322106970086906, (2, 4): 0.0112685710927109, (2, 3): 0.005079912389269524, (2, 2): 0.002097672430211363, (2, 1): 0.0008413968588168843, (3, 11): 0.0, (3, 10): 9.830198081595094e-11, (3, 9): 9.807573496553804e-11, (3, 8): 0.018077910060078743, (3, 7): 0.11785287349398692, (3, 6): 0.06935098462566004, (3, 5): 0.039584213651943645, (3, 4): 0.021949834854902164, (3, 3): 0.0112685710927109, (3, 2): 0.005079912389269524, (3, 1): 7.181885581054377e-05, (4, 11): 0.0, (4, 10): 9.807573496553804e-11, (4, 9): 9.792007685604661e-11, (4, 8): 0.06572415344917178, (4, 7): 0.19274021061359498, (4, 5): 0.0012054521031444822, (4, 4): 1.845600281643937e-05, (4, 3): 3.4024232147251673e-06, (4, 2): 0.0112685710927109, (4, 1): 2.873399679236557e-12, (5, 11): 0.0, (5, 10): 0.0, (5, 9): 0.04546922893280579, (5, 8): 0.4160866151767197, (5, 7): 0.2948393746895314, (5, 5): 1.9949078670274796e-09, (5, 4): 0.0, (5, 3): 0.00011550843369640798, (5, 2): 8.376540222422545e-16, (5, 1): 0.0, (6, 8): 0.5511358196846853, (6, 3): 0.00710176641531107, (7, 11): 0.015107628979708578, (7, 10): 0.14791634986662128, (7, 9): 0.7955372240157522, (7, 8): 0.6847903085089713, (7, 7): 0.077017562606127, (7, 6): 0.0, (7, 4): 4.8672020636796246e-11, (7, 3): 0.11785287349398692, (7, 2): 0.006325227565214445, (7, 1): 9.774950639548545e-11, (8, 11): 0.9752756492245838, (8, 10): 0.9296640147310524, (8, 9): 0.8727074072158721, (8, 8): 0.27835990726642845, (8, 7): 0.6847903085089713, (8, 6): 0.001198206871264914, (8, 5): 5.590170841771701e-05, (8, 4): 4.346789748348568e-06, (8, 3): 4.05609466922011e-07, (8, 2): 0.0, (8, 1): 0.0, (9, 11): 0.98938398915084, (9, 10): 0.5643151892539477, (9, 9): 0.9296640147310524, (9, 8): 0.8727074072158721, (9, 7): 0.27835990726642845, (9, 6): 0.029562244891635205, (9, 4): 0.0, (9, 3): 0.0, (9, 2): 0.0, (9, 1): 0.0, (10, 11): 0.9999628461938074, (10, 10): 0.6883022334261539, (10, 9): 0.5643151892539477, (10, 8): 0.9296640147310524, (10, 7): 0.8727074072158721, (10, 6): 0.0002970030440793875, (10, 4): 0.0, (10, 3): 0.0, (10, 2): 0.0, (10, 1): 0.0, (11, 11): 0.0, (11, 10): 0.09960506591365237, (11, 9): 0.0, (11, 8): 0.07050310444939847, (11, 7): 0.0, (11, 6): 0.0, (11, 4): 0.0, (11, 3): 0.0, (11, 2): 0.0, (11, 1): 0.0}"
"(<Abstr_type.Q_STAR: 1>, 0.0)",1,"{(1, 11): 0.0, (1, 10): 0.0, (1, 9): 0.0, (1, 8): 0.0, (1, 7): 0.0, (1, 5): 9.97280314512593e-07, (1, 4): 1.2225792301393255e-06, (1, 3): 0.0, (1, 2): 3.6985623847354186e-05, (1, 1): 0.00043119273805159825, (2, 11): 0.0, (2, 10): 0.0, (2, 9): 0.0, (2, 8): 0.0, (2, 7): 0.0, (2, 5): 1.0318278384935602e-05, (2, 4): 0.0113789869754332, (2, 3): 0.005523300380128174, (2, 2): 4.3664089937547563e-07, (2, 1): 0.0010626946822667892, (3, 11): 0.0, (3, 10): 0.0, (3, 9): 0.0, (3, 8): 0.0, (3, 7): 0.12454822320963768, (3, 6): 0.0, (3, 5): 7.439030152457537e-07, (3, 4): 1.1251367761813418e-05, (3, 3): 0.0113789869754332, (3, 2): 0.005523300380128174, (3, 1): 0.0024912853545307977, (4, 11): 0.0, (4, 10): 0.0, (4, 9): 0.0, (4, 8): 2.504316363691676e-11, (4, 7): 5.2129487086312875e-09, (4, 5): 0.0, (4, 4): 0.0006211172916525964, (4, 3): 0.007882809481760447, (4, 2): 0.0113789869754332, (4, 1): 5.213806604627793e-05, (5, 11): 0.0, (5, 10): 0.0, (5, 9): 0.0, (5, 8): 1.5437326099805844e-06, (5, 7): 1.0058666380665329e-07, (5, 5): 0.0, (5, 4): 1.7007631954291538e-05, (5, 3): 0.04118089387457285, (5, 2): 0.022023764629012368, (5, 1): 0.0013193215584641758, (6, 8): 2.2470451545393124e-05, (6, 3): 0.07306867994257277, (7, 11): 6.675255302283772e-05, (7, 10): 0.28033546674190446, (7, 9): 0.023470909144103554, (7, 8): 0.6388470471797866, (7, 7): 0.014843901353938106, (7, 6): 0.049680527019640666, (7, 4): 0.011392007732186314, (7, 3): 0.12454822320963768, (7, 2): 0.0008016888973024251, (7, 1): 0.0, (8, 11): 0.0013558740405335873, (8, 10): 0.8971009386120365, (8, 9): 0.8726641783198582, (8, 8): 0.7955129196125493, (8, 7): 0.6388470471797866, (8, 6): 0.5472264694819442, (8, 5): 0.41672374786846605, (8, 4): 0.29703270500373524, (8, 3): 0.2035808311505555, (8, 2): 0.02292388940098089, (8, 1): 0.0, (9, 11): 9.656953081467482e-05, (9, 10): 0.31319892923999115, (9, 9): 0.8971009386120365, (9, 8): 0.8726641783198582, (9, 7): 0.7955129196125493, (9, 6): 0.10150420462512047, (9, 4): 0.0, (9, 3): 1.7843812543485053e-05, (9, 2): 0.0, (9, 1): 0.0, (10, 11): 0.7436404552387904, (10, 10): 0.3720096152287198, (10, 9): 0.31319892923999115, (10, 8): 0.8971009386120365, (10, 7): 0.8726641783198582, (10, 6): 0.018794412486765243, (10, 4): 0.0, (10, 3): 0.0, (10, 2): 0.0, (10, 1): 0.0, (11, 11): 0.0, (11, 10): 0.9998886927442269, (11, 9): 0.9890583658449887, (11, 8): 0.9755253403233265, (11, 7): 0.6225816151419402, (11, 6): 0.0, (11, 4): 0.0, (11, 3): 0.0, (11, 2): 0.0, (11, 1): 0.0}"
"(<Abstr_type.Q_STAR: 1>, 0.0)",2,"{(1, 11): 0.0, (1, 10): 0.0, (1, 9): 0.0, (1, 8): 0.0, (1, 7): 0.0, (1, 5): 0.0, (1, 4): 1.7999777550268453e-13, (1, 3): 0.0, (1, 2): 5.055700514511331e-07, (1, 1): 9.424773632091427e-05, (2, 11): 0.0, (2, 10): 0.0, (2, 9): 8.341169443968428e-05, (2, 8): 3.6722361005338455e-05, (2, 7): 0.000724966881259354, (2, 5): 0.0014797220199318536, (2, 4): 0.004016247046483041, (2, 3): 0.0017586237296724476, (2, 2): 0.0007281677030660468, (2, 1): 0.00027498561086402033, (3, 11): 0.0, (3, 10): 8.341169443968428e-05, (3, 9): 0.06604962252661582, (3, 8): 0.005193198385025018, (3, 7): 0.07432030568070164, (3, 6): 0.03890013282183376, (3, 5): 0.01979313296688323, (3, 4): 0.009138383964951792, (3, 3): 0.004016247046483041, (3, 2): 0.0017586237296724476, (3, 1): 4.0942281601755954e-14, (4, 11): 0.0, (4, 10): 0.06604962252661582, (4, 9): 0.322174146854636, (4, 8): 0.21524963705264968, (4, 7): 0.12579789404414138, (4, 5): 0.0005707703902240866, (4, 4): 3.3465884749814232e-15, (4, 3): 0.00023458219432549433, (4, 2): 0.004016247046483041, (4, 1): 1.0274081330744967e-16, (5, 11): 0.0, (5, 10): 0.00012128209796109263, (5, 9): 0.43594697887124184, (5, 8): 0.5464515102424785, (5, 7): 0.0023518089743858983, (5, 5): 0.0, (5, 4): 0.0, (5, 3): 0.0, (5, 2): 0.0, (5, 1): 0.0, (6, 8): 0.6601838755181512, (6, 3): 0.0, (7, 11): 0.0, (7, 10): 0.24673678327226672, (7, 9): 0.8443766024210397, (7, 8): 0.7642054278655093, (7, 7): 0.06979761257147145, (7, 6): 0.0, (7, 4): 7.726784885760577e-10, (7, 3): 0.07432030568070164, (7, 2): 0.0, (7, 1): 0.0, (8, 11): 0.08788444886349801, (8, 10): 0.9113181769857733, (8, 9): 0.8751947402854867, (8, 8): 0.21920702236776646, (8, 7): 0.7642054278655093, (8, 6): 0.00011108510069936254, (8, 5): 6.826940027696844e-06, (8, 4): 2.699888282767345e-07, (8, 3): 4.122324739286275e-09, (8, 2): 0.0, (8, 1): 0.0, (9, 11): 0.03926793435934426, (9, 10): 0.9696796144788882, (9, 9): 0.9113181769857733, (9, 8): 0.8751947402854867, (9, 7): 0.21920702236776646, (9, 6): 0.000693264142883395, (9, 4): 0.0, (9, 3): 0.0, (9, 2): 0.0, (9, 1): 0.0, (10, 11): 0.0991342113650434, (10, 10): 0.9894149380907653, (10, 9): 0.9696796144788882, (10, 8): 0.9113181769857733, (10, 7): 0.8751947402854867, (10, 6): 0.0, (10, 4): 0.0, (10, 3): 0.0, (10, 2): 0.0, (10, 1): 0.0, (11, 11): 0.0, (11, 10): 0.9999677318261172, (11, 9): 0.6354579516686232, (11, 8): 0.0980557641075825, (11, 7): 0.003211789710229726, (11, 6): 0.0, (11, 4): 0.0, (11, 3): 0.0, (11, 2): 0.0, (11, 1): 0.0}"
"(<Abstr_type.Q_STAR: 1>, 0.0)",3,"{(1, 11): 0.0, (1, 10): 0.0, (1, 9): 0.0, (1, 8): 0.0, (1, 7): 0.0, (1, 5): 8.153070097994412e-10, (1, 4): 2.1814105551045522e-13, (1, 3): 0.00024030593325413856, (1, 2): 0.002595079729216439, (1, 1): 0.0011457072487733274, (2, 11): 0.0, (2, 10): 0.0, (2, 9): 2.010467424860302e-05, (2, 8): 0.00011439551562004322, (2, 7): 0.010923444517335875, (2, 5): 0.009376710776588278, (2, 4): 0.025949150505934184, (2, 3): 0.012284201368373967, (2, 2): 0.005624570076310219, (2, 1): 7.180085300336653e-09, (3, 11): 0.0, (3, 10): 2.010467424860302e-05, (3, 9): 0.0009097224215032504, (3, 8): 0.3027837331419993, (3, 7): 0.2119893405353378, (3, 6): 0.14075440092364777, (3, 5): 0.08651841096296452, (3, 4): 0.05164284539094457, (3, 3): 0.025949150505934184, (3, 2): 0.012284201368373967, (3, 1): 3.8367316380986615e-08, (4, 11): 0.0, (4, 10): 0.0009097224215032504, (4, 9): 0.014742908634875412, (4, 8): 0.40310123989893487, (4, 7): 1.8986882904703318e-05, (4, 5): 0.0, (4, 4): 0.005752123255708671, (4, 3): 0.002043186649249055, (4, 2): 0.025949150505934184, (4, 1): 0.001689124598250784, (5, 11): 0.0, (5, 10): 8.851556858177093e-12, (5, 9): 0.049803304402659065, (5, 8): 0.5046880527669219, (5, 7): 0.1064740899827065, (5, 5): 0.0, (5, 4): 4.754714015535168e-13, (5, 3): 0.0, (5, 2): 0.0, (5, 1): 0.0, (6, 8): 0.5998660236240223, (6, 3): 0.0, (7, 11): 0.0, (7, 10): 0.0, (7, 9): 0.14331444562744744, (7, 8): 0.6930997846375112, (7, 7): 0.04320326434972678, (7, 6): 0.0, (7, 4): 0.0, (7, 3): 0.2119893405353378, (7, 2): 0.0, (7, 1): 0.0, (8, 11): 0.017046745611132653, (8, 10): 0.8982873987426366, (8, 9): 0.8524751279643221, (8, 8): 0.7780043782571073, (8, 7): 0.6930997846375112, (8, 6): 0.044172546332251775, (8, 5): 0.0, (8, 4): 0.0, (8, 3): 0.0, (8, 2): 0.0, (8, 1): 0.0, (9, 11): 0.2657655415016039, (9, 10): 0.9316717649994066, (9, 9): 0.8982873987426366, (9, 8): 0.8524751279643221, (9, 7): 0.7780043782571073, (9, 6): 5.842490822911197e-07, (9, 4): 0.0, (9, 3): 0.0, (9, 2): 0.0, (9, 1): 0.0, (10, 11): 0.0, (10, 10): 0.8907618277021264, (10, 9): 0.9316717649994066, (10, 8): 0.8982873987426366, (10, 7): 0.8524751279643221, (10, 6): 0.0, (10, 4): 0.0, (10, 3): 0.0, (10, 2): 0.0, (10, 1): 0.0, (11, 11): 0.0, (11, 10): 0.9999720038269388, (11, 9): 0.9897514677372566, (11, 8): 0.24065802559824911, (11, 7): 0.005897852775780553, (11, 6): 0.0002444037047383955, (11, 4): 0.0, (11, 3): 0.0, (11, 2): 0.0, (11, 1): 0.0}"
"(<Abstr_type.Q_STAR: 1>, 0.0)",4,"{(1, 11): 0.0, (1, 10): 0.0, (1, 9): 0.0, (1, 8): 0.0, (1, 7): 0.0, (1, 5): 0.0, (1, 4): 4.9056198883058125e-09, (1, 3): 0.006978755788705678, (1, 2): 0.002827307758648743, (1, 1): 0.001170233900783058, (2, 11): 0.0, (2, 10): 0.0, (2, 9): 0.00019058408127447545, (2, 8): 2.431052346548265e-06, (2, 7): 0.024225551841053145, (2, 5): 0.00010399308591138806, (2, 4): 0.031807035974351916, (2, 3): 0.015799131034252047, (2, 2): 0.0010537049926789312, (2, 1): 0.0, (3, 11): 0.0, (3, 10): 0.00019058408127447545, (3, 9): 0.012250520315975351, (3, 8): 0.37199859837880594, (3, 7): 0.25719075613507375, (3, 6): 0.1718915735182824, (3, 5): 0.10641932656277406, (3, 4): 0.06136217272124244, (3, 3): 0.031807035974351916, (3, 2): 0.015799131034252047, (3, 1): 0.0, (4, 11): 0.0, (4, 10): 0.012250520315975351, (4, 9): 0.13976060550626862, (4, 8): 0.49846538510640126, (4, 7): 0.038735634979450005, (4, 5): 0.014158340963689491, (4, 4): 1.3632680613432944e-05, (4, 3): 0.0035213857536073685, (4, 2): 0.031807035974351916, (4, 1): 0.0, (5, 11): 0.0, (5, 10): 0.0, (5, 9): 0.012212650965938805, (5, 8): 0.6066800448680953, (5, 7): 0.0, (5, 5): 0.0, (5, 4): 0.0, (5, 3): 0.0, (5, 2): 0.0, (5, 1): 0.0, (6, 8): 0.7088291149701388, (6, 3): 7.12645214078548e-13, (7, 11): 9.641055335578816e-05, (7, 10): 0.30751001850173326, (7, 9): 0.8610730692127376, (7, 8): 0.7930782970776978, (7, 7): 0.0355473150456146, (7, 6): 0.0, (7, 4): 3.351212070735405e-09, (7, 3): 0.25719075613507375, (7, 2): 0.0, (7, 1): 0.0, (8, 11): 0.9777435208010662, (8, 10): 0.9521241565843168, (8, 9): 0.910616635977246, (8, 8): 0.168710185765559, (8, 7): 0.7930782970776978, (8, 6): 3.568369722408247e-05, (8, 5): 2.7247396129357127e-06, (8, 4): 1.280638494288352e-07, (8, 3): 3.688381667686365e-10, (8, 2): 0.0, (8, 1): 0.0, (9, 11): 0.9896764835881444, (9, 10): 0.5353464996508644, (9, 9): 0.9521241565843168, (9, 8): 0.910616635977246, (9, 7): 0.168710185765559, (9, 6): 0.0, (9, 4): 0.0, (9, 3): 0.0, (9, 2): 0.0, (9, 1): 0.0, (10, 11): 0.9999717552305837, (10, 10): 0.36090972412136163, (10, 9): 0.5353464996508644, (10, 8): 0.9521241565843168, (10, 7): 0.910616635977246, (10, 6): 2.6265107203539036e-06, (10, 4): 0.0, (10, 3): 0.0, (10, 2): 0.0, (10, 1): 0.0, (11, 11): 0.0, (11, 10): 0.0, (11, 9): 0.0, (11, 8): 0.0002180643822718636, (11, 7): 0.0, (11, 6): 0.0, (11, 4): 0.0, (11, 3): 0.0, (11, 2): 0.0, (11, 1): 0.0}"
