ground,0,"{(1, 11): 0.016535198974457568, (1, 10): 0.1879970012213472, (1, 9): 0.028249860090892122, (1, 8): 0.16898555005207183, (1, 7): 0.4290013885652108, (1, 5): 0.2550988822605209, (1, 4): 0.2848657080563546, (1, 3): 0.5118200966152698, (1, 2): 0.013823700802280518, (1, 1): 0.19149154994939743, (2, 11): 0.16451609971112585, (2, 10): 0.5405259949736808, (2, 9): 0.7754879236991492, (2, 8): 0.5868718283462393, (2, 7): 0.8711636366148554, (2, 5): 0.8685984907020949, (2, 4): 0.8581960785128467, (2, 3): 0.8325987751552817, (2, 2): 0.74261426145988, (2, 1): 0.5160695835982786, (3, 11): 0.5058062785827181, (3, 10): 0.4420436473840812, (3, 9): 0.8768760670777278, (3, 8): 0.7964677512542033, (3, 7): 0.895338254129365, (3, 6): 0.8863848686916279, (3, 5): 0.8775209801947851, (3, 4): 0.8686551527259773, (3, 3): 0.7006389926543847, (3, 2): 0.27704667849947867, (3, 1): 0.14105743983453745, (4, 11): 0.7995527293802707, (4, 10): 0.8866035993747107, (4, 9): 0.9043608209900372, (4, 8): 0.9135172474835113, (4, 7): 0.9043820750044405, (4, 5): 0.6855177989008927, (4, 4): 0.8579903956599285, (4, 3): 0.818741800722957, (4, 2): 0.44462328204068086, (4, 1): 0.05671044673840725, (5, 11): 0.2827386909691171, (5, 10): 0.4482711175227645, (5, 9): 0.9135167429263169, (5, 8): 0.9227446944279152, (5, 7): 0.8645029459855346, (5, 5): 0.10473465749463032, (5, 4): 0.5736041312811293, (5, 3): 0.6713044926511845, (5, 2): 0.44748572264907593, (5, 1): 0.22158835908696883, (6, 8): 0.9320653479069856, (6, 3): 0.08033506265405613, (7, 11): 0.1809233950330803, (7, 10): 0.45376062186889876, (7, 9): 0.9225519530983338, (7, 8): 0.9414801494009961, (7, 7): 0.9027181381605384, (7, 6): 0.5588323899518031, (7, 4): 0.6009235974674648, (7, 3): 0.7315073852603783, (7, 2): 0.48427265818637555, (7, 1): 0.0998165289956755, (8, 11): 0.5649805415914702, (8, 10): 0.9045953454357012, (8, 9): 0.9605960099999973, (8, 8): 0.9509900498999967, (8, 7): 0.9202792613463164, (8, 6): 0.9320652634633728, (8, 5): 0.9227437309801927, (8, 4): 0.9135098327611707, (8, 3): 0.87147215510128, (8, 2): 0.4240301329412833, (8, 1): 0.16586648934025738, (9, 11): 0.9657825736681348, (9, 10): 0.9800977345915745, (9, 9): 0.9702989999999978, (9, 8): 0.9605960099987655, (9, 7): 0.9509900497840288, (9, 6): 0.9414801463357264, (9, 4): 0.9043424327359397, (9, 3): 0.89506885187278, (9, 2): 0.8739729724491174, (9, 1): 0.617666638031159, (10, 11): 0.9999999999999994, (10, 10): 0.9899999999999989, (10, 9): 0.9800999999999983, (10, 8): 0.9465590320243139, (10, 7): 0.531999495568506, (10, 6): 0.7329335680229908, (10, 4): 0.7328187690140545, (10, 3): 0.4326460841600469, (10, 2): 0.755590965081358, (10, 1): 0.3256910758637514, (11, 11): 0.0, (11, 10): 0.9447221367841537, (11, 9): 0.970291716369805, (11, 8): 0.9265933996974087, (11, 7): 0.6734078964396842, (11, 6): 0.27864519755074046, (11, 4): 0.4042026841528639, (11, 3): 0.09780601159782834, (11, 2): 0.3100626908761485, (11, 1): 0.021150099125810642}"
ground,1,"{(1, 11): 0.025535548742801315, (1, 10): 0.06107566682194994, (1, 9): 0.425974278351892, (1, 8): 0.12733127818899453, (1, 7): 0.15627077444538529, (1, 5): 0.05871277345150634, (1, 4): 0.40153072427141323, (1, 3): 0.08136753719888389, (1, 2): 0.055808840405673577, (1, 1): 0.007409164856019784, (2, 11): 0.14251683868295995, (2, 10): 0.27042264125834425, (2, 9): 0.8118315686059774, (2, 8): 0.4658368081626933, (2, 7): 0.5468754465343805, (2, 5): 0.15192333456613363, (2, 4): 0.7421796594252441, (2, 3): 0.5326550453569662, (2, 2): 0.2675474619707542, (2, 1): 0.05380597490707757, (3, 11): 0.33455753337212885, (3, 10): 0.32774887538473596, (3, 9): 0.8864176540463142, (3, 8): 0.36034041663705396, (3, 7): 0.8645238344622497, (3, 6): 0.7483382460099405, (3, 5): 0.5285413038584537, (3, 4): 0.8230611657202386, (3, 3): 0.8570088484222178, (3, 2): 0.42226871521384524, (3, 1): 0.08675071407981144, (4, 11): 0.6086415524598662, (4, 10): 0.49772790115717697, (4, 9): 0.903406424554774, (4, 8): 0.7827277233095371, (4, 7): 0.8983017768387757, (4, 5): 0.17805144058455533, (4, 4): 0.4842378153947954, (4, 3): 0.868480532547791, (4, 2): 0.35448159640256033, (4, 1): 0.07248000662148144, (5, 11): 0.8129446364118421, (5, 10): 0.8951432260454253, (5, 9): 0.9135139455973419, (5, 8): 0.9227446924315951, (5, 7): 0.912913322096562, (5, 5): 0.5512414336664283, (5, 4): 0.8501552136678427, (5, 3): 0.8775164488031675, (5, 2): 0.7342037848718541, (5, 1): 0.37650547396565653, (6, 8): 0.932065347769587, (6, 3): 0.8863843812163913, (7, 11): 0.33479141109787613, (7, 10): 0.8918267938299307, (7, 9): 0.6679562227898326, (7, 8): 0.9414801493976781, (7, 7): 0.9217839565088074, (7, 6): 0.6265485266969287, (7, 4): 0.904382074434338, (7, 3): 0.8953382386431443, (7, 2): 0.7606932613538789, (7, 1): 0.40833793322399115, (8, 11): 0.7752219018796092, (8, 10): 0.9480521536313901, (8, 9): 0.9605960099999973, (8, 8): 0.9509900498999967, (8, 7): 0.9414801494009961, (8, 6): 0.9320653479069856, (8, 5): 0.9227446944279152, (8, 4): 0.9135172474836272, (8, 3): 0.9025272767735576, (8, 2): 0.8564583683927215, (8, 1): 0.5871671839421626, (9, 11): 0.9342289867669209, (9, 10): 0.9605952026155217, (9, 9): 0.9702989999999978, (9, 8): 0.9605944354069834, (9, 7): 0.9267499137388553, (9, 6): 0.8226533859591331, (9, 4): 0.9043336502208066, (9, 3): 0.38680589170234647, (9, 2): 0.3694744514309312, (9, 1): 0.17432951539276076, (10, 11): 0.6483385710271135, (10, 10): 0.987317191844664, (10, 9): 0.9800999999999983, (10, 8): 0.9497798199541383, (10, 7): 0.766942238409192, (10, 6): 0.41412321153352805, (10, 4): 0.893984928804199, (10, 3): 0.867587872933974, (10, 2): 0.7385607132305979, (10, 1): 0.4181182453503449, (11, 11): 0.0, (11, 10): 0.9999999999999994, (11, 9): 0.9899999999999989, (11, 8): 0.9770825281555194, (11, 7): 0.8131029069539654, (11, 6): 0.3493190862519398, (11, 4): 0.5493173417240507, (11, 3): 0.4895064631073813, (11, 2): 0.14889968290224476, (11, 1): 0.13228704322643126}"
ground,2,"{(1, 11): 0.03220885139933199, (1, 10): 0.09045549432654151, (1, 9): 0.3054894128785407, (1, 8): 0.6922678313940963, (1, 7): 0.3671035741765573, (1, 5): 0.5939692542619497, (1, 4): 0.1563949044812288, (1, 3): 0.2098374732942105, (1, 2): 0.026172908062853068, (1, 1): 0.0023062302845308588, (2, 11): 0.1628600017102167, (2, 10): 0.4218117373876095, (2, 9): 0.3057593126154494, (2, 8): 0.868607397857956, (2, 7): 0.7274662278091427, (2, 5): 0.8472234439425741, (2, 4): 0.36397945748244587, (2, 3): 0.5628534776958242, (2, 2): 0.17388203358892199, (2, 1): 0.01477652939146554, (3, 11): 0.4777502416687275, (3, 10): 0.6963246614847346, (3, 9): 0.8585844124833105, (3, 8): 0.8863405042879794, (3, 7): 0.8953382540296, (3, 6): 0.8863848661359452, (3, 5): 0.877520943016132, (3, 4): 0.8687177411885578, (3, 3): 0.7449640234087507, (3, 2): 0.2367272128349448, (3, 1): 0.05161355207377005, (4, 11): 0.7396970419642458, (4, 10): 0.5304139348606142, (4, 9): 0.5761746811460198, (4, 8): 0.8953368307689038, (4, 7): 0.9043820750087981, (4, 5): 0.8358177494213986, (4, 4): 0.859689341765271, (4, 3): 0.8400337709372833, (4, 2): 0.5686562668409831, (4, 1): 0.1730637828837691, (5, 11): 0.8621954277943814, (5, 10): 0.901571745699113, (5, 9): 0.9134714079075583, (5, 8): 0.9227446944279152, (5, 7): 0.9135172474836355, (5, 5): 0.432742457757543, (5, 4): 0.8357180676553888, (5, 3): 0.7351364485343355, (5, 2): 0.5523261841149585, (5, 1): 0.3682051599743435, (6, 8): 0.9320653479069856, (6, 3): 0.217608824593017, (7, 11): 0.3763461164443302, (7, 10): 0.8846279997831704, (7, 9): 0.9509900498999967, (7, 8): 0.9414801494009961, (7, 7): 0.9320653477550037, (7, 6): 0.9227446869046467, (7, 4): 0.8855238561125046, (7, 3): 0.870184399172389, (7, 2): 0.829954089872734, (7, 1): 0.5241670030032518, (8, 11): 0.8163532767274025, (8, 10): 0.9434551466875181, (8, 9): 0.9605960099999973, (8, 8): 0.9497453574373161, (8, 7): 0.84453815170048, (8, 6): 0.9135171229817328, (8, 5): 0.9043802813625547, (8, 4): 0.8953237380237089, (8, 3): 0.44006306995585276, (8, 2): 0.6628737418571196, (8, 1): 0.4201953524204654, (9, 11): 0.9695946477879346, (9, 10): 0.9800999999999983, (9, 9): 0.9702989999999978, (9, 8): 0.9605959294770336, (9, 7): 0.7918873268089646, (9, 6): 0.7058820263552263, (9, 4): 0.8842166798443366, (9, 3): 0.8517747039056869, (9, 2): 0.33125932648370104, (9, 1): 0.19914517287605596, (10, 11): 0.9999999999999994, (10, 10): 0.9899999999999989, (10, 9): 0.9585108620331149, (10, 8): 0.9434305150261988, (10, 7): 0.7787584286272267, (10, 6): 0.17488546707946068, (10, 4): 0.5056582952894135, (10, 3): 0.6921722501248739, (10, 2): 0.19519188222142592, (10, 1): 0.062426046107754464, (11, 11): 0.0, (11, 10): 0.9147239754873246, (11, 9): 0.5098594820256394, (11, 8): 0.4227579928196707, (11, 7): 0.45492712631465226, (11, 6): 0.11070557501699452, (11, 4): 0.08612121092436498, (11, 3): 0.411553345983804, (11, 2): 0.09020144155941745, (11, 1): 0.0038959710020739294}"
ground,3,"{(1, 11): 0.14478612926362033, (1, 10): 0.387837388277721, (1, 9): 0.3424360396856071, (1, 8): 0.8022175300461564, (1, 7): 0.2916732274198782, (1, 5): 0.19626135252768095, (1, 4): 0.04182770755026423, (1, 3): 0.05581609240114656, (1, 2): 0.4015553200941614, (1, 1): 0.09605792669806179, (2, 11): 0.45240607317801246, (2, 10): 0.7913942371851557, (2, 9): 0.523228726409504, (2, 8): 0.8925255845336608, (2, 7): 0.3680728857857652, (2, 5): 0.4772575380783601, (2, 4): 0.03537607292120486, (2, 3): 0.24204044690692939, (2, 2): 0.7036290570022907, (2, 1): 0.27584441098047785, (3, 11): 0.43056252927038785, (3, 10): 0.8809914040539228, (3, 9): 0.8951636007236172, (3, 8): 0.9043820454534096, (3, 7): 0.8913800563874474, (3, 6): 0.8581877031684232, (3, 5): 0.7446257101915705, (3, 4): 0.2030949403345414, (3, 3): 0.18104184387666908, (3, 2): 0.7894925923594058, (3, 1): 0.04489762832692409, (4, 11): 0.2326632483165924, (4, 10): 0.5874982868671277, (4, 9): 0.6916599838724427, (4, 8): 0.9135172459480362, (4, 7): 0.8422261521352661, (4, 5): 0.22415873115043747, (4, 4): 0.2644086097971335, (4, 3): 0.7822184258760623, (4, 2): 0.8441214108961339, (4, 1): 0.4354724383905225, (5, 11): 0.20957086601523534, (5, 10): 0.5766693502932606, (5, 9): 0.862361971887522, (5, 8): 0.9227446943582401, (5, 7): 0.4757975186142941, (5, 5): 0.002998334108329414, (5, 4): 0.5660926027840513, (5, 3): 0.877405718905031, (5, 2): 0.8668490980503083, (5, 1): 0.4211653981436996, (6, 8): 0.932065347903519, (6, 3): 0.8863731135235918, (7, 11): 0.6522421656616667, (7, 10): 0.6265998894264022, (7, 9): 0.238049617444542, (7, 8): 0.9414801494008805, (7, 7): 0.6022204434675802, (7, 6): 0.8092158555642451, (7, 4): 0.9043820282979323, (7, 3): 0.8953374296052038, (7, 2): 0.6454950787842421, (7, 1): 0.034237610957430005, (8, 11): 0.978241766579321, (8, 10): 0.905080502818217, (8, 9): 0.7359980995844712, (8, 8): 0.9509900498999967, (8, 7): 0.9398436826567472, (8, 6): 0.9320653479069559, (8, 5): 0.9227446944274903, (8, 4): 0.9135172474778765, (8, 3): 0.7469726105596779, (8, 2): 0.5436818945489753, (8, 1): 0.28108786283056036, (9, 11): 0.9899971302633789, (9, 10): 0.9307470029250713, (9, 9): 0.9497036297027157, (9, 8): 0.9605960099999973, (9, 7): 0.9509900498999967, (9, 6): 0.9414801494009953, (9, 4): 0.9043790065300112, (9, 3): 0.8928494699624506, (9, 2): 0.8143304965916028, (9, 1): 0.02022111121920426, (10, 11): 0.9999999999999994, (10, 10): 0.9899999999999989, (10, 9): 0.9800999999999983, (10, 8): 0.9702989999999978, (10, 7): 0.9601891926050824, (10, 6): 0.822291081913091, (10, 4): 0.8922737691504604, (10, 3): 0.8509216841598426, (10, 2): 0.6833695952107495, (10, 1): 0.23785927104224547, (11, 11): 0.0, (11, 10): 0.94607691267093, (11, 9): 0.9701309405422536, (11, 8): 0.9556180299088927, (11, 7): 0.7459965727681971, (11, 6): 0.1848926529059185, (11, 4): 0.09699235630408284, (11, 3): 0.33142729071730037, (11, 2): 0.31251578973212846, (11, 1): 0.05650170973347257}"
ground,4,"{(1, 11): 0.21247916835775543, (1, 10): 0.07895790514961565, (1, 9): 0.04824299315929503, (1, 8): 0.2571268237711546, (1, 7): 0.2599717658419269, (1, 5): 0.019452392487673616, (1, 4): 0.184441322259068, (1, 3): 0.47180282541751195, (1, 2): 0.15958091641142705, (1, 1): 0.033929624608911406, (2, 11): 0.7274387058771408, (2, 10): 0.47258044775388924, (2, 9): 0.186308644791938, (2, 8): 0.5936852076435764, (2, 7): 0.8212861527319721, (2, 5): 0.0646667736453196, (2, 4): 0.4898887074137054, (2, 3): 0.7587181807722924, (2, 2): 0.20211443372593707, (2, 1): 0.2054470267813865, (3, 11): 0.8454788822177293, (3, 10): 0.8821409106667666, (3, 9): 0.7101948805880901, (3, 8): 0.8108085677385077, (3, 7): 0.883591300060526, (3, 6): 0.5283841940414911, (3, 5): 0.26147310786193595, (3, 4): 0.7702347664679534, (3, 3): 0.8576409351184833, (3, 2): 0.7189556337336857, (3, 1): 0.4696199872812234, (4, 11): 0.39919801331507154, (4, 10): 0.8951962458712371, (4, 9): 0.9043776715188073, (4, 8): 0.9135172419934733, (4, 7): 0.9031776757432364, (4, 5): 0.17979358068397622, (4, 4): 0.6047635598929513, (4, 3): 0.8686112892284874, (4, 2): 0.8299423453694829, (4, 1): 0.1380625343563952, (5, 11): 0.3626737702870614, (5, 10): 0.8186710791886165, (5, 9): 0.4938090785097538, (5, 8): 0.9227446941794598, (5, 7): 0.7530000450481821, (5, 5): 0.44094413237187485, (5, 4): 0.8502027819381938, (5, 3): 0.8775209625041621, (5, 2): 0.8675634377215912, (5, 1): 0.6076081613583252, (6, 8): 0.9320653479005638, (6, 3): 0.8863848682105899, (7, 11): 0.9558470890822317, (7, 10): 0.9599807435484319, (7, 9): 0.920834631590695, (7, 8): 0.941480149400983, (7, 7): 0.9054200154982653, (7, 6): 0.8637444222111195, (7, 4): 0.8027401037513637, (7, 3): 0.8953382541812867, (7, 2): 0.7836398937222606, (7, 1): 0.3159170268526123, (8, 11): 0.9800999999999983, (8, 10): 0.9702989999999978, (8, 9): 0.9605960099999973, (8, 8): 0.9509900498999967, (8, 7): 0.9414801494009961, (8, 6): 0.9320653479069856, (8, 5): 0.9227446944279152, (8, 4): 0.9135172474836355, (8, 3): 0.9043820750087952, (8, 2): 0.8952766693115685, (8, 1): 0.6976126620367697, (9, 11): 0.9899999999999989, (9, 10): 0.9585615266233195, (9, 9): 0.9431983815949025, (9, 8): 0.9410936104445263, (9, 7): 0.8510465656213532, (9, 6): 0.8801434410150843, (9, 4): 0.8019935257798753, (9, 3): 0.877095869663142, (9, 2): 0.8694769006037573, (9, 1): 0.7574637715510811, (10, 11): 0.9999999999999994, (10, 10): 0.9300172105673145, (10, 9): 0.5846888227134724, (10, 8): 0.9196854485719189, (10, 7): 0.7134829818630654, (10, 6): 0.44583426915363106, (10, 4): 0.39746364852313065, (10, 3): 0.6250047280260428, (10, 2): 0.17269999500125563, (10, 1): 0.5334797824076445, (11, 11): 0.0, (11, 10): 0.991797772910089, (11, 9): 0.19630583862042547, (11, 8): 0.6863482732890991, (11, 7): 0.298048730344536, (11, 6): 0.05310369575915272, (11, 4): 0.03634472576578856, (11, 3): 0.2178904762049371, (11, 2): 0.0527021325820904, (11, 1): 0.23998086257136625}"
"(<Abstr_type.A_STAR: 2>, 0.0)",0,"{(1, 11): 0.3590637838719859, (1, 10): 0.6603458041599872, (1, 9): 0.7642997823690688, (1, 8): 0.8581728001811152, (1, 7): 0.8280675473473605, (1, 5): 0.5917388797104247, (1, 4): 0.633300731084999, (1, 3): 0.46045090966106805, (1, 2): 0.21648244877644152, (1, 1): 0.0023465296786095023, (2, 11): 0.6603458041599872, (2, 10): 0.7642997823690688, (2, 9): 0.8402593341184177, (2, 8): 0.850108676167475, (2, 7): 0.865108273493231, (2, 5): 0.7881139358986772, (2, 4): 0.7356459423895915, (2, 3): 0.633300731084999, (2, 2): 0.46045090966106805, (2, 1): 0.21648244877644152, (3, 11): 0.7642997823690688, (3, 10): 0.8402593341184177, (3, 9): 0.8668492443360438, (3, 8): 0.88749432331906, (3, 7): 0.8763866544415121, (3, 6): 0.865108273493231, (3, 5): 0.8280675473473605, (3, 4): 0.775818998226516, (3, 3): 0.7356459423895915, (3, 2): 0.633300731084999, (3, 1): 0.46045090966106805, (4, 11): 0.8402593341184177, (4, 10): 0.8668492443360438, (4, 9): 0.8748686951620116, (4, 8): 0.8953980437463251, (4, 7): 0.8510475478566337, (4, 5): 0.6121782098423088, (4, 4): 0.7356459423895915, (4, 3): 0.7881139358986772, (4, 2): 0.7356459423895915, (4, 1): 0.633300731084999, (5, 11): 0.8668492443360438, (5, 10): 0.8748686951620116, (5, 9): 0.8855201478393527, (5, 8): 0.9040807272904613, (5, 7): 0.8966257628090839, (5, 5): 0.3590637838719859, (5, 4): 0.6603458041599872, (5, 3): 0.840732341426939, (5, 2): 0.775818998226516, (5, 1): 0.7356459423895915, (6, 8): 0.9151801814480297, (6, 3): 0.8581728001811152, (7, 11): 0.8652296818655018, (7, 10): 0.9496253547658957, (7, 9): 0.9391483405983718, (7, 8): 0.9279970723424364, (7, 7): 0.9141153008595374, (7, 6): 0.9046129655837726, (7, 4): 0.88749432331906, (7, 3): 0.8763866544415121, (7, 2): 0.865108273493231, (7, 1): 0.8280675473473605, (8, 11): 0.9453709495543625, (8, 10): 0.9561986320974573, (8, 9): 0.9496253547658957, (8, 8): 0.9391483405983718, (8, 7): 0.9279970723424364, (8, 6): 0.9141153008595374, (8, 5): 0.9046129655837726, (8, 4): 0.8966257628090839, (8, 3): 0.8510475478566337, (8, 2): 0.8763866544415121, (8, 1): 0.865108273493231, (9, 11): 0.9899999999999989, (9, 10): 0.9800999999999983, (9, 9): 0.9561986320974573, (9, 8): 0.9496253547658957, (9, 7): 0.9391483405983718, (9, 6): 0.9279970723424364, (9, 4): 0.8846350233800886, (9, 3): 0.8763866544415121, (9, 2): 0.865108273493231, (9, 1): 0.8280675473473605, (10, 11): 0.9999999999999994, (10, 10): 0.9899999999999989, (10, 9): 0.9800999999999983, (10, 8): 0.9561986320974573, (10, 7): 0.9496253547658957, (10, 6): 0.9391483405983718, (10, 4): 0.8692450524356959, (10, 3): 0.865108273493231, (10, 2): 0.8280675473473605, (10, 1): 0.775818998226516, (11, 11): 0.0, (11, 10): 0.9999999999999994, (11, 9): 0.9899999999999989, (11, 8): 0.9800999999999983, (11, 7): 0.9561986320974573, (11, 6): 0.9496253547658957, (11, 4): 0.7297759512726852, (11, 3): 0.8280675473473605, (11, 2): 0.775818998226516, (11, 1): 0.7356459423895915}"
"(<Abstr_type.A_STAR: 2>, 0.0)",1,"{(1, 11): 0.3097823795103557, (1, 10): 0.6702064709726504, (1, 9): 0.7672566016158928, (1, 8): 0.8212866324318168, (1, 7): 0.7693350824541251, (1, 5): 0.6225577705477545, (1, 4): 0.6489741594500952, (1, 3): 0.5448109643370886, (1, 2): 0.15377216216681827, (1, 1): 0.00987458476148555, (2, 11): 0.6702064709726504, (2, 10): 0.7672566016158928, (2, 9): 0.8373557510737532, (2, 8): 0.8736175625352897, (2, 7): 0.762746024918401, (2, 5): 0.7549203655738195, (2, 4): 0.7189018401272395, (2, 3): 0.6489741594500952, (2, 2): 0.5448109643370886, (2, 1): 0.15377216216681827, (3, 11): 0.7672566016158928, (3, 10): 0.8373557510737532, (3, 9): 0.837909247430706, (3, 8): 0.8818419124299189, (3, 7): 0.8201802614278009, (3, 6): 0.762746024918401, (3, 5): 0.7693350824541251, (3, 4): 0.7483511882219614, (3, 3): 0.7189018401272395, (3, 2): 0.6489741594500952, (3, 1): 0.5448109643370886, (4, 11): 0.8373557510737532, (4, 10): 0.837909247430706, (4, 9): 0.8314282748751848, (4, 8): 0.8915520414928751, (4, 7): 0.8829598212407703, (4, 5): 0.6322103640933124, (4, 4): 0.7189018401272395, (4, 3): 0.7549203655738195, (4, 2): 0.7189018401272395, (4, 1): 0.6489741594500952, (5, 11): 0.837909247430706, (5, 10): 0.8314282748751848, (5, 9): 0.8480959092390611, (5, 8): 0.9015159217749796, (5, 7): 0.8913022873515516, (5, 5): 0.3097823795103557, (5, 4): 0.6702064709726504, (5, 3): 0.8002958351656292, (5, 2): 0.7483511882219614, (5, 1): 0.7189018401272395, (6, 8): 0.9081810991691222, (6, 3): 0.8212866324318168, (7, 11): 0.909769450345365, (7, 10): 0.920883062685983, (7, 9): 0.9157890191395104, (7, 8): 0.9115007587181262, (7, 7): 0.9102660909496699, (7, 6): 0.9006269598280654, (7, 4): 0.8818419124299189, (7, 3): 0.8201802614278009, (7, 2): 0.762746024918401, (7, 1): 0.7693350824541251, (8, 11): 0.7811602319272184, (8, 10): 0.9601766692774101, (8, 9): 0.920883062685983, (8, 8): 0.9157890191395104, (8, 7): 0.9115007587181262, (8, 6): 0.9102660909496699, (8, 5): 0.9006269598280654, (8, 4): 0.8913022873515516, (8, 3): 0.8829598212407703, (8, 2): 0.8201802614278009, (8, 1): 0.762746024918401, (9, 11): 0.9899995391448759, (9, 10): 0.9800998210613254, (9, 9): 0.9601766692774101, (9, 8): 0.920883062685983, (9, 7): 0.9157890191395104, (9, 6): 0.9115007587181262, (9, 4): 0.8051988649183912, (9, 3): 0.8201802614278009, (9, 2): 0.762746024918401, (9, 1): 0.7693350824541251, (10, 11): 0.9999999999999994, (10, 10): 0.9899999999999989, (10, 9): 0.9800998210613254, (10, 8): 0.9601766692774101, (10, 7): 0.920883062685983, (10, 6): 0.9157890191395104, (10, 4): 0.7564403846616685, (10, 3): 0.762746024918401, (10, 2): 0.7693350824541251, (10, 1): 0.7483511882219614, (11, 11): 0.0, (11, 10): 0.9999999999999994, (11, 9): 0.9899999999999989, (11, 8): 0.9800998210613254, (11, 7): 0.9601766692774101, (11, 6): 0.920883062685983, (11, 4): 0.7465966864454523, (11, 3): 0.7693350824541251, (11, 2): 0.7483511882219614, (11, 1): 0.7189018401272395}"
"(<Abstr_type.A_STAR: 2>, 0.0)",2,"{(1, 11): 0.38262754357913087, (1, 10): 0.7302062879794765, (1, 9): 0.8029078121388801, (1, 8): 0.8737895059552425, (1, 7): 0.851319427546389, (1, 5): 0.2903523095410551, (1, 4): 0.7544518352653425, (1, 3): 0.639996024321427, (1, 2): 0.30406379597143207, (1, 1): 0.06932615172856318, (2, 11): 0.7302062879794765, (2, 10): 0.8029078121388801, (2, 9): 0.8258077718050862, (2, 8): 0.8813969279410969, (2, 7): 0.8733594503145066, (2, 5): 0.8358285339697458, (2, 4): 0.8056276905846679, (2, 3): 0.7544518352653425, (2, 2): 0.639996024321427, (2, 1): 0.30406379597143207, (3, 11): 0.8029078121388801, (3, 10): 0.8258077718050862, (3, 9): 0.8745074252202234, (3, 8): 0.8924372250539584, (3, 7): 0.8831561415149254, (3, 6): 0.8733594503145066, (3, 5): 0.851319427546389, (3, 4): 0.832388174951547, (3, 3): 0.8056276905846679, (3, 2): 0.7544518352653425, (3, 1): 0.639996024321427, (4, 11): 0.8258077718050862, (4, 10): 0.8745074252202234, (4, 9): 0.8825445347350724, (4, 8): 0.9007082030025739, (4, 7): 0.8775249226795391, (4, 5): 0.5251005733311307, (4, 4): 0.8056276905846679, (4, 3): 0.8358285339697458, (4, 2): 0.8056276905846679, (4, 1): 0.7544518352653425, (5, 11): 0.8745074252202234, (5, 10): 0.8825445347350724, (5, 9): 0.8952487709627442, (5, 8): 0.912363297949024, (5, 7): 0.9040040534906171, (5, 5): 0.38262754357913087, (5, 4): 0.7302062879794765, (5, 3): 0.8618496171703284, (5, 2): 0.832388174951547, (5, 1): 0.8056276905846679, (6, 8): 0.9230726002020937, (6, 3): 0.8737895059552425, (7, 11): 0.8950864361502019, (7, 10): 0.9447579889106124, (7, 9): 0.9365778194783003, (7, 8): 0.9300653211595235, (7, 7): 0.924583074260164, (7, 6): 0.9153523301446793, (7, 4): 0.8924372250539584, (7, 3): 0.8831561415149254, (7, 2): 0.8733594503145066, (7, 1): 0.851319427546389, (8, 11): 0.9800943310352463, (8, 10): 0.970296758186228, (8, 9): 0.9447579889106124, (8, 8): 0.9365778194783003, (8, 7): 0.9300653211595235, (8, 6): 0.924583074260164, (8, 5): 0.9153523301446793, (8, 4): 0.9040040534906171, (8, 3): 0.8775249226795391, (8, 2): 0.8831561415149254, (8, 1): 0.8733594503145066, (9, 11): 0.9899999999999989, (9, 10): 0.9800999999999983, (9, 9): 0.970296758186228, (9, 8): 0.9447579889106124, (9, 7): 0.9365778194783003, (9, 6): 0.9300653211595235, (9, 4): 0.8930620258309462, (9, 3): 0.8831561415149254, (9, 2): 0.8733594503145066, (9, 1): 0.851319427546389, (10, 11): 0.9999999999999994, (10, 10): 0.9899999999999989, (10, 9): 0.9800999999999983, (10, 8): 0.970296758186228, (10, 7): 0.9447579889106124, (10, 6): 0.9365778194783003, (10, 4): 0.880826961704677, (10, 3): 0.8733594503145066, (10, 2): 0.851319427546389, (10, 1): 0.832388174951547, (11, 11): 0.0, (11, 10): 0.9999999999999994, (11, 9): 0.9899999999999989, (11, 8): 0.9800999999999983, (11, 7): 0.970296758186228, (11, 6): 0.9447579889106124, (11, 4): 0.7755677478705942, (11, 3): 0.851319427546389, (11, 2): 0.832388174951547, (11, 1): 0.8056276905846679}"
"(<Abstr_type.A_STAR: 2>, 0.0)",3,"{(1, 11): 0.3913549331903158, (1, 10): 0.7222256061428065, (1, 9): 0.797218047005754, (1, 8): 0.877513136706018, (1, 7): 0.8241039159894573, (1, 5): 0.3958887535206755, (1, 4): 0.6087912013335306, (1, 3): 0.4235226011335757, (1, 2): 0.1773935860301058, (1, 1): 0.03693788618813657, (2, 11): 0.7222256061428065, (2, 10): 0.797218047005754, (2, 9): 0.8487841914390984, (2, 8): 0.8909106591561251, (2, 7): 0.8784029172954027, (2, 5): 0.7826604452562222, (2, 4): 0.7433440768613195, (2, 3): 0.6087912013335306, (2, 2): 0.4235226011335757, (2, 1): 0.1773935860301058, (3, 11): 0.797218047005754, (3, 10): 0.8487841914390984, (3, 9): 0.8651172572584338, (3, 8): 0.9034998749024047, (3, 7): 0.8920721875915623, (3, 6): 0.8784029172954027, (3, 5): 0.8241039159894573, (3, 4): 0.7787682137745234, (3, 3): 0.7433440768613195, (3, 2): 0.6087912013335306, (3, 1): 0.4235226011335757, (4, 11): 0.8487841914390984, (4, 10): 0.8651172572584338, (4, 9): 0.8881622220950655, (4, 8): 0.9130731455934449, (4, 7): 0.861753873985799, (4, 5): 0.5905785960287929, (4, 4): 0.7433440768613195, (4, 3): 0.7826604452562222, (4, 2): 0.7433440768613195, (4, 1): 0.6087912013335306, (5, 11): 0.8651172572584338, (5, 10): 0.8881622220950655, (5, 9): 0.8948956484191037, (5, 8): 0.9225467979796202, (5, 7): 0.9131072537922008, (5, 5): 0.3913549331903158, (5, 4): 0.7222256061428065, (5, 3): 0.8552819033514385, (5, 2): 0.7787682137745234, (5, 1): 0.7433440768613195, (6, 8): 0.9319666860268652, (6, 3): 0.877513136706018, (7, 11): 0.8663531353201273, (7, 10): 0.9605727948333994, (7, 9): 0.9509389242631341, (7, 8): 0.9414093099400906, (7, 7): 0.9319635083438933, (7, 6): 0.9225495341619259, (7, 4): 0.9034998749024047, (7, 3): 0.8920721875915623, (7, 2): 0.8784029172954027, (7, 1): 0.8241039159894573, (8, 11): 0.9790476643709098, (8, 10): 0.9702925041380607, (8, 9): 0.9605727948333994, (8, 8): 0.9509389242631341, (8, 7): 0.9414093099400906, (8, 6): 0.9319635083438933, (8, 5): 0.9225495341619259, (8, 4): 0.9131072537922008, (8, 3): 0.861753873985799, (8, 2): 0.8920721875915623, (8, 1): 0.8784029172954027, (9, 11): 0.9899999999999989, (9, 10): 0.980099999999582, (9, 9): 0.9702925041380607, (9, 8): 0.9605727948333994, (9, 7): 0.9509389242631341, (9, 6): 0.9414093099400906, (9, 4): 0.9024473400845808, (9, 3): 0.8920721875915623, (9, 2): 0.8784029172954027, (9, 1): 0.8241039159894573, (10, 11): 0.9999999999999994, (10, 10): 0.9899999999985042, (10, 9): 0.980099999999582, (10, 8): 0.9702925041380607, (10, 7): 0.9605727948333994, (10, 6): 0.9509389242631341, (10, 4): 0.881973384200978, (10, 3): 0.8784029172954027, (10, 2): 0.8241039159894573, (10, 1): 0.7787682137745234, (11, 11): 0.0, (11, 10): 0.9999999999920318, (11, 9): 0.9899999999985042, (11, 8): 0.980099999999582, (11, 7): 0.9702925041380607, (11, 6): 0.9605727948333994, (11, 4): 0.732595281615467, (11, 3): 0.8241039159894573, (11, 2): 0.7787682137745234, (11, 1): 0.7433440768613195}"
"(<Abstr_type.A_STAR: 2>, 0.0)",4,"{(1, 11): 0.26036926634028024, (1, 10): 0.5833847426185208, (1, 9): 0.7016690243200164, (1, 8): 0.8258935328291563, (1, 7): 0.8287403023461029, (1, 5): 0.2294449361771867, (1, 4): 0.7299849603905226, (1, 3): 0.5932618273096276, (1, 2): 0.3521406893871885, (1, 1): 0.08738799551490786, (2, 11): 0.5833847426185208, (2, 10): 0.7016690243200164, (2, 9): 0.7365667796270817, (2, 8): 0.8211194571891146, (2, 7): 0.8420615920011836, (2, 5): 0.7960511301444647, (2, 4): 0.7637609458723277, (2, 3): 0.7299849603905226, (2, 2): 0.5932618273096276, (2, 1): 0.3521406893871885, (3, 11): 0.7016690243200164, (3, 10): 0.7365667796270817, (3, 9): 0.781626895464082, (3, 8): 0.8428742080393051, (3, 7): 0.843285467252384, (3, 6): 0.8420615920011836, (3, 5): 0.8287403023461029, (3, 4): 0.8087421684908431, (3, 3): 0.7637609458723277, (3, 2): 0.7299849603905226, (3, 1): 0.5932618273096276, (4, 11): 0.7365667796270817, (4, 10): 0.781626895464082, (4, 9): 0.810578212657529, (4, 8): 0.8483223576478168, (4, 7): 0.8590887554523816, (4, 5): 0.6508953258142641, (4, 4): 0.7637609458723277, (4, 3): 0.7960511301444647, (4, 2): 0.7637609458723277, (4, 1): 0.7299849603905226, (5, 11): 0.781626895464082, (5, 10): 0.810578212657529, (5, 9): 0.8620140796525559, (5, 8): 0.8928865502360929, (5, 7): 0.8837432385061617, (5, 5): 0.26036926634028024, (5, 4): 0.5833847426185208, (5, 3): 0.8083056794905666, (5, 2): 0.8087421684908431, (5, 1): 0.7637609458723277, (6, 8): 0.9035817620482834, (6, 3): 0.8258935328291563, (7, 11): 0.9090368986406788, (7, 10): 0.9298369028799588, (7, 9): 0.9238858832452159, (7, 8): 0.9160407290741945, (7, 7): 0.9039045550261247, (7, 6): 0.8930074291495947, (7, 4): 0.8428742080393051, (7, 3): 0.843285467252384, (7, 2): 0.8420615920011836, (7, 1): 0.8287403023461029, (8, 11): 0.9311500906779377, (8, 10): 0.9385885527433939, (8, 9): 0.9298369028799588, (8, 8): 0.9238858832452159, (8, 7): 0.9160407290741945, (8, 6): 0.9039045550261247, (8, 5): 0.8930074291495947, (8, 4): 0.8837432385061617, (8, 3): 0.8590887554523816, (8, 2): 0.843285467252384, (8, 1): 0.8420615920011836, (9, 11): 0.9422162686700568, (9, 10): 0.9621160356053974, (9, 9): 0.9385885527433939, (9, 8): 0.9298369028799588, (9, 7): 0.9238858832452159, (9, 6): 0.9160407290741945, (9, 4): 0.8731670848741725, (9, 3): 0.843285467252384, (9, 2): 0.8420615920011836, (9, 1): 0.8287403023461029, (10, 11): 0.9999999999999994, (10, 10): 0.9899999999999989, (10, 9): 0.9621160356053974, (10, 8): 0.9385885527433939, (10, 7): 0.9298369028799588, (10, 6): 0.9238858832452159, (10, 4): 0.8615977829096589, (10, 3): 0.8420615920011836, (10, 2): 0.8287403023461029, (10, 1): 0.8087421684908431, (11, 11): 0.0, (11, 10): 0.9999999999999994, (11, 9): 0.9899999999999989, (11, 8): 0.9621160356053974, (11, 7): 0.9385885527433939, (11, 6): 0.9298369028799588, (11, 4): 0.838729677795435, (11, 3): 0.8287403023461029, (11, 2): 0.8087421684908431, (11, 1): 0.7637609458723277}"
"(<Abstr_type.PI_STAR: 3>, 0.0)",0,"{(1, 11): 0.8985493361183023, (1, 10): 0.8985493361183023, (1, 9): 0.8985493361183023, (1, 8): 0.9438098418553659, (1, 7): 0.9010209640919743, (1, 5): 0.9438098418553659, (1, 4): 0.9010209640919743, (1, 3): 0.9010209640919743, (1, 2): 0.9010209640919743, (1, 1): 0.9010209640919743, (2, 11): 0.8985493361183023, (2, 10): 0.8985493361183023, (2, 9): 0.8985493361183023, (2, 8): 0.9438098418553659, (2, 7): 0.9010209640919743, (2, 5): 0.9438098418553659, (2, 4): 0.9010209640919743, (2, 3): 0.9010209640919743, (2, 2): 0.9010209640919743, (2, 1): 0.9010209640919743, (3, 11): 0.8985493361183023, (3, 10): 0.8985493361183023, (3, 9): 0.8985493361183023, (3, 8): 0.9438098418553659, (3, 7): 0.9010209640919743, (3, 6): 0.9010209640919743, (3, 5): 0.9010209640919743, (3, 4): 0.9010209640919743, (3, 3): 0.9010209640919743, (3, 2): 0.9010209640919743, (3, 1): 0.9010209640919743, (4, 11): 0.8985493361183023, (4, 10): 0.8985493361183023, (4, 9): 0.8985493361183023, (4, 8): 0.9438098418553659, (4, 7): 0.9010209640919743, (4, 5): 0.8654365087853149, (4, 4): 0.9010209640919743, (4, 3): 0.9438098418553659, (4, 2): 0.9010209640919743, (4, 1): 0.9010209640919743, (5, 11): 0.8985493361183023, (5, 10): 0.8985493361183023, (5, 9): 0.8985493361183023, (5, 8): 0.9438098418553659, (5, 7): 0.9010209640919743, (5, 5): 0.8985493361183023, (5, 4): 0.8985493361183023, (5, 3): 0.9438098418553659, (5, 2): 0.9010209640919743, (5, 1): 0.9010209640919743, (6, 8): 0.9438098418553659, (6, 3): 0.9438098418553659, (7, 11): 0.9438098418553659, (7, 10): 0.9010209640919743, (7, 9): 0.9010209640919743, (7, 8): 0.9010209640919743, (7, 7): 0.9010209640919743, (7, 6): 0.9010209640919743, (7, 4): 0.9438098418553659, (7, 3): 0.9010209640919743, (7, 2): 0.9010209640919743, (7, 1): 0.9010209640919743, (8, 11): 0.9438098418553659, (8, 10): 0.9010209640919743, (8, 9): 0.9010209640919743, (8, 8): 0.9010209640919743, (8, 7): 0.9010209640919743, (8, 6): 0.9010209640919743, (8, 5): 0.9010209640919743, (8, 4): 0.9010209640919743, (8, 3): 0.9010209640919743, (8, 2): 0.9010209640919743, (8, 1): 0.9010209640919743, (9, 11): 0.9438098418553659, (9, 10): 0.9010209640919743, (9, 9): 0.9010209640919743, (9, 8): 0.9010209640919743, (9, 7): 0.9010209640919743, (9, 6): 0.9010209640919743, (9, 4): 0.8654365087853149, (9, 3): 0.9010209640919743, (9, 2): 0.9010209640919743, (9, 1): 0.9010209640919743, (10, 11): 0.9438098418553659, (10, 10): 0.9010209640919743, (10, 9): 0.9010209640919743, (10, 8): 0.9010209640919743, (10, 7): 0.9010209640919743, (10, 6): 0.9010209640919743, (10, 4): 0.8654365087853149, (10, 3): 0.9010209640919743, (10, 2): 0.9010209640919743, (10, 1): 0.9010209640919743, (11, 11): 0.0, (11, 10): 0.9010209640919743, (11, 9): 0.9010209640919743, (11, 8): 0.9010209640919743, (11, 7): 0.9010209640919743, (11, 6): 0.9010209640919743, (11, 4): 0.8654365087853149, (11, 3): 0.9010209640919743, (11, 2): 0.9010209640919743, (11, 1): 0.9010209640919743}"
"(<Abstr_type.PI_STAR: 3>, 0.0)",1,"{(1, 11): 0.7595154420460457, (1, 10): 0.7595154420460457, (1, 9): 0.7595154420460457, (1, 8): 0.9465472309915419, (1, 7): 0.8831661722713315, (1, 5): 0.9465472309915419, (1, 4): 0.8831661722713315, (1, 3): 0.8831661722713315, (1, 2): 0.8831661722713315, (1, 1): 0.8831661722713315, (2, 11): 0.7595154420460457, (2, 10): 0.7595154420460457, (2, 9): 0.7595154420460457, (2, 8): 0.9465472309915419, (2, 7): 0.8831661722713315, (2, 5): 0.9465472309915419, (2, 4): 0.8831661722713315, (2, 3): 0.8831661722713315, (2, 2): 0.8831661722713315, (2, 1): 0.8831661722713315, (3, 11): 0.7595154420460457, (3, 10): 0.7595154420460457, (3, 9): 0.7595154420460457, (3, 8): 0.9465472309915419, (3, 7): 0.8831661722713315, (3, 6): 0.8831661722713315, (3, 5): 0.8831661722713315, (3, 4): 0.8831661722713315, (3, 3): 0.8831661722713315, (3, 2): 0.8831661722713315, (3, 1): 0.8831661722713315, (4, 11): 0.7595154420460457, (4, 10): 0.7595154420460457, (4, 9): 0.7595154420460457, (4, 8): 0.9465472309915419, (4, 7): 0.8831661722713315, (4, 5): 0.829697135367837, (4, 4): 0.8831661722713315, (4, 3): 0.9465472309915419, (4, 2): 0.8831661722713315, (4, 1): 0.8831661722713315, (5, 11): 0.7595154420460457, (5, 10): 0.7595154420460457, (5, 9): 0.7595154420460457, (5, 8): 0.9465472309915419, (5, 7): 0.8831661722713315, (5, 5): 0.7595154420460457, (5, 4): 0.7595154420460457, (5, 3): 0.9465472309915419, (5, 2): 0.8831661722713315, (5, 1): 0.8831661722713315, (6, 8): 0.9465472309915419, (6, 3): 0.9465472309915419, (7, 11): 0.9465472309915419, (7, 10): 0.8831661722713315, (7, 9): 0.8831661722713315, (7, 8): 0.8831661722713315, (7, 7): 0.8831661722713315, (7, 6): 0.8831661722713315, (7, 4): 0.9465472309915419, (7, 3): 0.8831661722713315, (7, 2): 0.8831661722713315, (7, 1): 0.8831661722713315, (8, 11): 0.9465472309915419, (8, 10): 0.8831661722713315, (8, 9): 0.8831661722713315, (8, 8): 0.8831661722713315, (8, 7): 0.8831661722713315, (8, 6): 0.8831661722713315, (8, 5): 0.8831661722713315, (8, 4): 0.8831661722713315, (8, 3): 0.8831661722713315, (8, 2): 0.8831661722713315, (8, 1): 0.8831661722713315, (9, 11): 0.9465472309915419, (9, 10): 0.8831661722713315, (9, 9): 0.8831661722713315, (9, 8): 0.8831661722713315, (9, 7): 0.8831661722713315, (9, 6): 0.8831661722713315, (9, 4): 0.829697135367837, (9, 3): 0.8831661722713315, (9, 2): 0.8831661722713315, (9, 1): 0.8831661722713315, (10, 11): 0.9465472309915419, (10, 10): 0.8831661722713315, (10, 9): 0.8831661722713315, (10, 8): 0.8831661722713315, (10, 7): 0.8831661722713315, (10, 6): 0.8831661722713315, (10, 4): 0.829697135367837, (10, 3): 0.8831661722713315, (10, 2): 0.8831661722713315, (10, 1): 0.8831661722713315, (11, 11): 0.0, (11, 10): 0.8831661722713315, (11, 9): 0.8831661722713315, (11, 8): 0.8831661722713315, (11, 7): 0.8831661722713315, (11, 6): 0.8831661722713315, (11, 4): 0.829697135367837, (11, 3): 0.8831661722713315, (11, 2): 0.8831661722713315, (11, 1): 0.8831661722713315}"
"(<Abstr_type.PI_STAR: 3>, 0.0)",2,"{(1, 11): 0.7323871043615336, (1, 10): 0.7323871043615336, (1, 9): 0.7323871043615336, (1, 8): 0.8420170860439872, (1, 7): 0.7257602006692677, (1, 5): 0.8420170860439872, (1, 4): 0.7257602006692677, (1, 3): 0.7257602006692677, (1, 2): 0.7257602006692677, (1, 1): 0.7257602006692677, (2, 11): 0.7323871043615336, (2, 10): 0.7323871043615336, (2, 9): 0.7323871043615336, (2, 8): 0.8420170860439872, (2, 7): 0.7257602006692677, (2, 5): 0.8420170860439872, (2, 4): 0.7257602006692677, (2, 3): 0.7257602006692677, (2, 2): 0.7257602006692677, (2, 1): 0.7257602006692677, (3, 11): 0.7323871043615336, (3, 10): 0.7323871043615336, (3, 9): 0.7323871043615336, (3, 8): 0.8420170860439872, (3, 7): 0.7257602006692677, (3, 6): 0.7257602006692677, (3, 5): 0.7257602006692677, (3, 4): 0.7257602006692677, (3, 3): 0.7257602006692677, (3, 2): 0.7257602006692677, (3, 1): 0.7257602006692677, (4, 11): 0.7323871043615336, (4, 10): 0.7323871043615336, (4, 9): 0.7323871043615336, (4, 8): 0.8420170860439872, (4, 7): 0.7257602006692677, (4, 5): 0.639862890104895, (4, 4): 0.7257602006692677, (4, 3): 0.8420170860439872, (4, 2): 0.7257602006692677, (4, 1): 0.7257602006692677, (5, 11): 0.7323871043615336, (5, 10): 0.7323871043615336, (5, 9): 0.7323871043615336, (5, 8): 0.8420170860439872, (5, 7): 0.7257602006692677, (5, 5): 0.7323871043615336, (5, 4): 0.7323871043615336, (5, 3): 0.8420170860439872, (5, 2): 0.7257602006692677, (5, 1): 0.7257602006692677, (6, 8): 0.8420170860439872, (6, 3): 0.8420170860439872, (7, 11): 0.8420170860439872, (7, 10): 0.7257602006692677, (7, 9): 0.7257602006692677, (7, 8): 0.7257602006692677, (7, 7): 0.7257602006692677, (7, 6): 0.7257602006692677, (7, 4): 0.8420170860439872, (7, 3): 0.7257602006692677, (7, 2): 0.7257602006692677, (7, 1): 0.7257602006692677, (8, 11): 0.8420170860439872, (8, 10): 0.7257602006692677, (8, 9): 0.7257602006692677, (8, 8): 0.7257602006692677, (8, 7): 0.7257602006692677, (8, 6): 0.7257602006692677, (8, 5): 0.7257602006692677, (8, 4): 0.7257602006692677, (8, 3): 0.7257602006692677, (8, 2): 0.7257602006692677, (8, 1): 0.7257602006692677, (9, 11): 0.8420170860439872, (9, 10): 0.7257602006692677, (9, 9): 0.7257602006692677, (9, 8): 0.7257602006692677, (9, 7): 0.7257602006692677, (9, 6): 0.7257602006692677, (9, 4): 0.639862890104895, (9, 3): 0.7257602006692677, (9, 2): 0.7257602006692677, (9, 1): 0.7257602006692677, (10, 11): 0.8420170860439872, (10, 10): 0.7257602006692677, (10, 9): 0.7257602006692677, (10, 8): 0.7257602006692677, (10, 7): 0.7257602006692677, (10, 6): 0.7257602006692677, (10, 4): 0.639862890104895, (10, 3): 0.7257602006692677, (10, 2): 0.7257602006692677, (10, 1): 0.7257602006692677, (11, 11): 0.0, (11, 10): 0.7257602006692677, (11, 9): 0.7257602006692677, (11, 8): 0.7257602006692677, (11, 7): 0.7257602006692677, (11, 6): 0.7257602006692677, (11, 4): 0.639862890104895, (11, 3): 0.7257602006692677, (11, 2): 0.7257602006692677, (11, 1): 0.7257602006692677}"
"(<Abstr_type.PI_STAR: 3>, 0.0)",3,"{(1, 11): 0.9182245809244299, (1, 10): 0.9182245809244299, (1, 9): 0.9182245809244299, (1, 8): 0.929007050588599, (1, 7): 0.899046363934974, (1, 5): 0.929007050588599, (1, 4): 0.899046363934974, (1, 3): 0.899046363934974, (1, 2): 0.899046363934974, (1, 1): 0.899046363934974, (2, 11): 0.9182245809244299, (2, 10): 0.9182245809244299, (2, 9): 0.9182245809244299, (2, 8): 0.929007050588599, (2, 7): 0.899046363934974, (2, 5): 0.929007050588599, (2, 4): 0.899046363934974, (2, 3): 0.899046363934974, (2, 2): 0.899046363934974, (2, 1): 0.899046363934974, (3, 11): 0.9182245809244299, (3, 10): 0.9182245809244299, (3, 9): 0.9182245809244299, (3, 8): 0.929007050588599, (3, 7): 0.899046363934974, (3, 6): 0.899046363934974, (3, 5): 0.899046363934974, (3, 4): 0.899046363934974, (3, 3): 0.899046363934974, (3, 2): 0.899046363934974, (3, 1): 0.899046363934974, (4, 11): 0.9182245809244299, (4, 10): 0.9182245809244299, (4, 9): 0.9182245809244299, (4, 8): 0.929007050588599, (4, 7): 0.899046363934974, (4, 5): 0.8789722422140274, (4, 4): 0.899046363934974, (4, 3): 0.929007050588599, (4, 2): 0.899046363934974, (4, 1): 0.899046363934974, (5, 11): 0.9182245809244299, (5, 10): 0.9182245809244299, (5, 9): 0.9182245809244299, (5, 8): 0.929007050588599, (5, 7): 0.899046363934974, (5, 5): 0.9182245809244299, (5, 4): 0.9182245809244299, (5, 3): 0.929007050588599, (5, 2): 0.899046363934974, (5, 1): 0.899046363934974, (6, 8): 0.929007050588599, (6, 3): 0.929007050588599, (7, 11): 0.929007050588599, (7, 10): 0.899046363934974, (7, 9): 0.899046363934974, (7, 8): 0.899046363934974, (7, 7): 0.899046363934974, (7, 6): 0.899046363934974, (7, 4): 0.929007050588599, (7, 3): 0.899046363934974, (7, 2): 0.899046363934974, (7, 1): 0.899046363934974, (8, 11): 0.929007050588599, (8, 10): 0.899046363934974, (8, 9): 0.899046363934974, (8, 8): 0.899046363934974, (8, 7): 0.899046363934974, (8, 6): 0.899046363934974, (8, 5): 0.899046363934974, (8, 4): 0.899046363934974, (8, 3): 0.899046363934974, (8, 2): 0.899046363934974, (8, 1): 0.899046363934974, (9, 11): 0.929007050588599, (9, 10): 0.899046363934974, (9, 9): 0.899046363934974, (9, 8): 0.899046363934974, (9, 7): 0.899046363934974, (9, 6): 0.899046363934974, (9, 4): 0.8789722422140274, (9, 3): 0.899046363934974, (9, 2): 0.899046363934974, (9, 1): 0.899046363934974, (10, 11): 0.929007050588599, (10, 10): 0.899046363934974, (10, 9): 0.899046363934974, (10, 8): 0.899046363934974, (10, 7): 0.899046363934974, (10, 6): 0.899046363934974, (10, 4): 0.8789722422140274, (10, 3): 0.899046363934974, (10, 2): 0.899046363934974, (10, 1): 0.899046363934974, (11, 11): 0.0, (11, 10): 0.899046363934974, (11, 9): 0.899046363934974, (11, 8): 0.899046363934974, (11, 7): 0.899046363934974, (11, 6): 0.899046363934974, (11, 4): 0.8789722422140274, (11, 3): 0.899046363934974, (11, 2): 0.899046363934974, (11, 1): 0.899046363934974}"
"(<Abstr_type.PI_STAR: 3>, 0.0)",4,"{(1, 11): 0.919154459350569, (1, 10): 0.919154459350569, (1, 9): 0.919154459350569, (1, 8): 0.941453126420418, (1, 7): 0.901817360988762, (1, 5): 0.941453126420418, (1, 4): 0.901817360988762, (1, 3): 0.901817360988762, (1, 2): 0.901817360988762, (1, 1): 0.901817360988762, (2, 11): 0.919154459350569, (2, 10): 0.919154459350569, (2, 9): 0.919154459350569, (2, 8): 0.941453126420418, (2, 7): 0.901817360988762, (2, 5): 0.941453126420418, (2, 4): 0.901817360988762, (2, 3): 0.901817360988762, (2, 2): 0.901817360988762, (2, 1): 0.901817360988762, (3, 11): 0.919154459350569, (3, 10): 0.919154459350569, (3, 9): 0.919154459350569, (3, 8): 0.941453126420418, (3, 7): 0.901817360988762, (3, 6): 0.901817360988762, (3, 5): 0.901817360988762, (3, 4): 0.901817360988762, (3, 3): 0.901817360988762, (3, 2): 0.901817360988762, (3, 1): 0.901817360988762, (4, 11): 0.919154459350569, (4, 10): 0.919154459350569, (4, 9): 0.919154459350569, (4, 8): 0.941453126420418, (4, 7): 0.901817360988762, (4, 5): 0.8814803993309293, (4, 4): 0.901817360988762, (4, 3): 0.941453126420418, (4, 2): 0.901817360988762, (4, 1): 0.901817360988762, (5, 11): 0.919154459350569, (5, 10): 0.919154459350569, (5, 9): 0.919154459350569, (5, 8): 0.941453126420418, (5, 7): 0.901817360988762, (5, 5): 0.919154459350569, (5, 4): 0.919154459350569, (5, 3): 0.941453126420418, (5, 2): 0.901817360988762, (5, 1): 0.901817360988762, (6, 8): 0.941453126420418, (6, 3): 0.941453126420418, (7, 11): 0.941453126420418, (7, 10): 0.901817360988762, (7, 9): 0.901817360988762, (7, 8): 0.901817360988762, (7, 7): 0.901817360988762, (7, 6): 0.901817360988762, (7, 4): 0.941453126420418, (7, 3): 0.901817360988762, (7, 2): 0.901817360988762, (7, 1): 0.901817360988762, (8, 11): 0.941453126420418, (8, 10): 0.901817360988762, (8, 9): 0.901817360988762, (8, 8): 0.901817360988762, (8, 7): 0.901817360988762, (8, 6): 0.901817360988762, (8, 5): 0.901817360988762, (8, 4): 0.901817360988762, (8, 3): 0.901817360988762, (8, 2): 0.901817360988762, (8, 1): 0.901817360988762, (9, 11): 0.941453126420418, (9, 10): 0.901817360988762, (9, 9): 0.901817360988762, (9, 8): 0.901817360988762, (9, 7): 0.901817360988762, (9, 6): 0.901817360988762, (9, 4): 0.8814803993309293, (9, 3): 0.901817360988762, (9, 2): 0.901817360988762, (9, 1): 0.901817360988762, (10, 11): 0.941453126420418, (10, 10): 0.901817360988762, (10, 9): 0.901817360988762, (10, 8): 0.901817360988762, (10, 7): 0.901817360988762, (10, 6): 0.901817360988762, (10, 4): 0.8814803993309293, (10, 3): 0.901817360988762, (10, 2): 0.901817360988762, (10, 1): 0.901817360988762, (11, 11): 0.0, (11, 10): 0.901817360988762, (11, 9): 0.901817360988762, (11, 8): 0.901817360988762, (11, 7): 0.901817360988762, (11, 6): 0.901817360988762, (11, 4): 0.8814803993309293, (11, 3): 0.901817360988762, (11, 2): 0.901817360988762, (11, 1): 0.901817360988762}"
"(<Abstr_type.Q_STAR: 1>, 0.0)",0,"{(1, 11): 0.07159418419626841, (1, 10): 0.009614964005376148, (1, 9): 0.3034582851375905, (1, 8): 0.3462227484190892, (1, 7): 0.25612840862644143, (1, 5): 0.11970669640395776, (1, 4): 0.4898465400763049, (1, 3): 0.1437257233840467, (1, 2): 0.13601509713301888, (1, 1): 0.07191400064733322, (2, 11): 0.23939734814570096, (2, 10): 0.563509184490893, (2, 9): 0.8194667477690273, (2, 8): 0.8736444732316618, (2, 7): 0.6732600113237773, (2, 5): 0.5197364388332855, (2, 4): 0.7881140780498426, (2, 3): 0.7334223150812766, (2, 2): 0.5745671203209345, (2, 1): 0.27291402679837595, (3, 11): 0.4429990480299298, (3, 10): 0.8194667477690273, (3, 9): 0.8113962609699706, (3, 8): 0.8860501373066575, (3, 7): 0.8764530609414132, (3, 6): 0.8668398193734138, (3, 5): 0.8558341602590894, (3, 4): 0.838014558946854, (3, 3): 0.7881140780498426, (3, 2): 0.7334223150812766, (3, 1): 0.16670057471228655, (4, 11): 0.09729436955718292, (4, 10): 0.8113962609699706, (4, 9): 0.8089755765671023, (4, 8): 0.8955464688277353, (4, 7): 0.6076029756309113, (4, 5): 0.27675612375454894, (4, 4): 0.5956659295219308, (4, 3): 0.7650593858195477, (4, 2): 0.7881140780498426, (4, 1): 0.1780753609599809, (5, 11): 0.029041251894338673, (5, 10): 0.3179986669493687, (5, 9): 0.7941958006010987, (5, 8): 0.9038222069091221, (5, 7): 0.7062157888307548, (5, 5): 0.030666630082239934, (5, 4): 0.7835614446320971, (5, 3): 0.8556958670762188, (5, 2): 0.7641856238427429, (5, 1): 0.35741165705155054, (6, 8): 0.9101729616514129, (6, 3): 0.8667185312847759, (7, 11): 0.4334859730389521, (7, 10): 0.7606218824132783, (7, 9): 0.9071768391596503, (7, 8): 0.9153389271352403, (7, 7): 0.766901011391581, (7, 6): 0.6425683978949305, (7, 4): 0.8853487306861416, (7, 3): 0.8764530609414132, (7, 2): 0.5721080230859205, (7, 1): 0.25612840862644143, (8, 11): 0.9268353711044084, (8, 10): 0.9486382942992994, (8, 9): 0.9332409398296598, (8, 8): 0.9234406302745296, (8, 7): 0.9153389271352403, (8, 6): 0.9116753673875552, (8, 5): 0.9049626360227133, (8, 4): 0.8954964111575794, (8, 3): 0.7537715416051723, (8, 2): 0.6416566448215391, (8, 1): 0.28215663610747166, (9, 11): 0.9899999999999989, (9, 10): 0.9800999999999983, (9, 9): 0.9486382942992994, (9, 8): 0.9332409398296598, (9, 7): 0.9234406302745296, (9, 6): 0.5248757988291676, (9, 4): 0.8851867432325891, (9, 3): 0.8687816839253234, (9, 2): 0.8485190999032575, (9, 1): 0.3266464653709934, (10, 11): 0.9999999999999994, (10, 10): 0.9899999999999989, (10, 9): 0.9800999999999983, (10, 8): 0.9486382942992994, (10, 7): 0.9332409398296598, (10, 6): 0.8277387935631321, (10, 4): 0.8725737050833642, (10, 3): 0.8485190999032575, (10, 2): 0.728713107276948, (10, 1): 0.3855799553365293, (11, 11): 0.0, (11, 10): 0.9452797192520153, (11, 9): 0.9609935194801813, (11, 8): 0.9297288945382599, (11, 7): 0.9305423120634397, (11, 6): 0.9105632988596897, (11, 4): 0.31751304141541803, (11, 3): 0.42104073469270703, (11, 2): 0.31279330489244395, (11, 1): 0.06117873686066452}"
"(<Abstr_type.Q_STAR: 1>, 0.0)",1,"{(1, 11): 0.017339243078218318, (1, 10): 0.2587263445396232, (1, 9): 0.5724889603953215, (1, 8): 0.2532977054439688, (1, 7): 0.5471992158382494, (1, 5): 0.11605892580286248, (1, 4): 0.22708387969312027, (1, 3): 0.5025217086204142, (1, 2): 0.29336947047467465, (1, 1): 0.10244315586389598, (2, 11): 0.2541562529970212, (2, 10): 0.528246507055659, (2, 9): 0.8256665589075451, (2, 8): 0.5054133487918515, (2, 7): 0.8656377098448247, (2, 5): 0.6865155405049573, (2, 4): 0.7492051390910512, (2, 3): 0.6935107969737242, (2, 2): 0.23689796145573225, (2, 1): 0.024523465012611607, (3, 11): 0.06518819831055547, (3, 10): 0.8256665589075451, (3, 9): 0.8722890917012227, (3, 8): 0.9043664622660947, (3, 7): 0.8953065657250777, (3, 6): 0.8860545641675791, (3, 5): 0.8752892321494428, (3, 4): 0.842098245074429, (3, 3): 0.7492051390910512, (3, 2): 0.6935107969737242, (3, 1): 0.13715426317672708, (4, 11): 0.35749250697622015, (4, 10): 0.8722890917012227, (4, 9): 0.861088850430078, (4, 8): 0.9135087684578834, (4, 7): 0.6938534009334114, (4, 5): 0.17223421518040935, (4, 4): 0.5394203216202124, (4, 3): 0.8454419124201425, (4, 2): 0.7492051390910512, (4, 1): 0.12215739098669953, (5, 11): 0.29258641401687935, (5, 10): 0.6693546770157692, (5, 9): 0.8863895824426937, (5, 8): 0.9227404243086559, (5, 7): 0.7403894342836383, (5, 5): 0.3639238594312384, (5, 4): 0.7485642459878887, (5, 3): 0.8764685835618528, (5, 2): 0.7453194332650017, (5, 1): 0.40592767546562364, (6, 8): 0.9320634355571393, (6, 3): 0.8862342172085917, (7, 11): 0.4081763854701505, (7, 10): 0.9067958540061082, (7, 9): 0.9509892886126187, (7, 8): 0.9414794163405004, (7, 7): 0.6944257875072786, (7, 6): 0.9009228984942196, (7, 4): 0.9043616935472233, (7, 3): 0.8953065657250777, (7, 2): 0.4834323615735992, (7, 1): 0.5471992158382494, (8, 11): 0.9066707820668974, (8, 10): 0.9702985363672837, (8, 9): 0.9605950070765633, (8, 8): 0.9509892127809579, (8, 7): 0.9414794163405004, (8, 6): 0.9320645328713709, (8, 5): 0.9227427644394768, (8, 4): 0.9135132380000598, (8, 3): 0.9029605803840483, (8, 2): 0.663892253862602, (8, 1): 0.3297418841693849, (9, 11): 0.9378174145203839, (9, 10): 0.9800999999999983, (9, 9): 0.9702985363672837, (9, 8): 0.9605950070765633, (9, 7): 0.9509892127809579, (9, 6): 0.9414796479812869, (9, 4): 0.9041292301876492, (9, 3): 0.8746382536343079, (9, 2): 0.8588248934123162, (9, 1): 0.36700738174080644, (10, 11): 0.8761171307235942, (10, 10): 0.9899999999999989, (10, 9): 0.9800999999999983, (10, 8): 0.9702985363672837, (10, 7): 0.9605950070765633, (10, 6): 0.6922695360685979, (10, 4): 0.8913974905054864, (10, 3): 0.8588248934123162, (10, 2): 0.23488189041627813, (10, 1): 0.0813171171004189, (11, 11): 0.0, (11, 10): 0.9999999999999994, (11, 9): 0.9899999999999989, (11, 8): 0.9800657886174964, (11, 7): 0.9293419801560476, (11, 6): 0.5747129616728431, (11, 4): 0.5409308790702199, (11, 3): 0.7278720277989144, (11, 2): 0.529357700775937, (11, 1): 0.15342392866163795}"
"(<Abstr_type.Q_STAR: 1>, 0.0)",2,"{(1, 11): 0.019325868880227137, (1, 10): 0.17566893338164827, (1, 9): 0.2364409546341244, (1, 8): 0.695596045643738, (1, 7): 0.44588772125530735, (1, 5): 0.28213479269308767, (1, 4): 0.05620044848841768, (1, 3): 0.37821637595890734, (1, 2): 0.07142416156173081, (1, 1): 0.029444475985751555, (2, 11): 0.04581203141320286, (2, 10): 0.5068024994666236, (2, 9): 0.7410145454865306, (2, 8): 0.8449056640941064, (2, 7): 0.2835352714176425, (2, 5): 0.6361321788071401, (2, 4): 0.7935290561025931, (2, 3): 0.7509819281843575, (2, 2): 0.4524236708540546, (2, 1): 0.17138861881108058, (3, 11): 0.09776131534499743, (3, 10): 0.7410145454865306, (3, 9): 0.8435308367162558, (3, 8): 0.889533842063437, (3, 7): 0.8768961066126696, (3, 6): 0.4877121742780446, (3, 5): 0.20614963379961526, (3, 4): 0.7081802491094317, (3, 3): 0.7935290561025931, (3, 2): 0.7509819281843575, (3, 1): 0.45940558926233305, (4, 11): 0.2522072899402062, (4, 10): 0.8435308367162558, (4, 9): 0.8900431176973738, (4, 8): 0.9039230102049302, (4, 7): 0.7716193735692817, (4, 5): 0.5064310409111119, (4, 4): 0.7877450783990638, (4, 3): 0.8384982966073663, (4, 2): 0.7935290561025931, (4, 1): 0.2397298849869897, (5, 11): 0.6394256141163241, (5, 10): 0.8702388847940973, (5, 9): 0.9010088666876802, (5, 8): 0.9134588157456045, (5, 7): 0.8867706679648151, (5, 5): 0.11375701551442678, (5, 4): 0.5188595076313148, (5, 3): 0.8506775386406942, (5, 2): 0.825424610359381, (5, 1): 0.253093695761481, (6, 8): 0.9226629382620352, (6, 3): 0.8610075334250008, (7, 11): 0.5571735635234004, (7, 10): 0.8745372707137533, (7, 9): 0.8056217058372813, (7, 8): 0.9316244996856313, (7, 7): 0.8894616425051787, (7, 6): 0.7619621071053103, (7, 4): 0.8021281028737454, (7, 3): 0.8768961066126696, (7, 2): 0.7583197180992979, (7, 1): 0.44588772125530735, (8, 11): 0.9800978956778069, (8, 10): 0.9599793537806797, (8, 9): 0.950878054840162, (8, 8): 0.9412336170161822, (8, 7): 0.9316244996856313, (8, 6): 0.9225268282738938, (8, 5): 0.9136471346530699, (8, 4): 0.9045934695934528, (8, 3): 0.8953591695990966, (8, 2): 0.8854833048011411, (8, 1): 0.5293249213172364, (9, 11): 0.9899999999999989, (9, 10): 0.9675564702070032, (9, 9): 0.9599793537806797, (9, 8): 0.950878054840162, (9, 7): 0.9412336170161822, (9, 6): 0.9310153449782722, (9, 4): 0.6623731954801994, (9, 3): 0.8852323138725289, (9, 2): 0.8741974649670065, (9, 1): 0.7097812641805177, (10, 11): 0.9999999999999994, (10, 10): 0.9575500033638793, (10, 9): 0.9675564702070032, (10, 8): 0.9599793537806797, (10, 7): 0.950878054840162, (10, 6): 0.8489479322617195, (10, 4): 0.4957283584957112, (10, 3): 0.8741974649670065, (10, 2): 0.4286761182552337, (10, 1): 0.26056054900513576, (11, 11): 0.0, (11, 10): 0.8293915662121877, (11, 9): 0.9523273119473218, (11, 8): 0.8123615734715938, (11, 7): 0.8403796835205883, (11, 6): 0.39308531613928427, (11, 4): 0.17908940007376137, (11, 3): 0.6534344295303417, (11, 2): 0.17002760636037523, (11, 1): 0.01011499819624177}"
"(<Abstr_type.Q_STAR: 1>, 0.0)",3,"{(1, 11): 0.00033466383946900317, (1, 10): 0.06235773526620507, (1, 9): 0.3373985404261891, (1, 8): 0.25592747326678955, (1, 7): 0.4879779970771603, (1, 5): 0.052596566860693486, (1, 4): 0.22896298172951624, (1, 3): 0.02515819369088367, (1, 2): 0.0015329967193404934, (1, 1): 0.02596552369981926, (2, 11): 0.060485018925878736, (2, 10): 0.32010833543971307, (2, 9): 0.688544842257887, (2, 8): 0.7661353616928016, (2, 7): 0.805787160558097, (2, 5): 0.4038970289982653, (2, 4): 0.8233758201570474, (2, 3): 0.7494811636862286, (2, 2): 0.4116220456034033, (2, 1): 0.13723939136681063, (3, 11): 0.14688190538489218, (3, 10): 0.688544842257887, (3, 9): 0.8519963355987903, (3, 8): 0.8685283742300727, (3, 7): 0.8944907436806504, (3, 6): 0.313762485884591, (3, 5): 0.2359042415433906, (3, 4): 0.7801805242091436, (3, 3): 0.8233758201570474, (3, 2): 0.7494811636862286, (3, 1): 0.454287421181185, (4, 11): 0.1936102343417283, (4, 10): 0.8519963355987903, (4, 9): 0.8988470406440434, (4, 8): 0.6476507173705792, (4, 7): 0.9030605045380512, (4, 5): 0.09618400895661544, (4, 4): 0.4211850479326037, (4, 3): 0.8650296406641494, (4, 2): 0.8233758201570474, (4, 1): 0.0649448144427071, (5, 11): 0.4223618026502947, (5, 10): 0.8767678994086361, (5, 9): 0.9134138910906264, (5, 8): 0.9227058295145073, (5, 7): 0.9133405355489701, (5, 5): 0.2095914796763291, (5, 4): 0.6664214933962811, (5, 3): 0.8756030248951497, (5, 2): 0.8413128306369455, (5, 1): 0.37079164748709986, (6, 8): 0.9320379503851265, (6, 3): 0.8850709353556739, (7, 11): 0.32244021071383194, (7, 10): 0.4918984438318532, (7, 9): 0.9209603386088766, (7, 8): 0.9414577490249115, (7, 7): 0.8606597552905815, (7, 6): 0.8381873602258, (7, 4): 0.8219359531269247, (7, 3): 0.8944907436806504, (7, 2): 0.7049702591395459, (7, 1): 0.4879779970771603, (8, 11): 0.9800190288883089, (8, 10): 0.9702785558463908, (8, 9): 0.9605766310752142, (8, 8): 0.9509688182055475, (8, 7): 0.9414577490249115, (8, 6): 0.9320401960456032, (8, 5): 0.922713703114768, (8, 4): 0.9134765272221144, (8, 3): 0.9043144063281193, (8, 2): 0.8847539557629208, (8, 1): 0.7133957934026571, (9, 11): 0.9899999999999989, (9, 10): 0.9800999999999983, (9, 9): 0.9702785558463908, (9, 8): 0.9605766310752142, (9, 7): 0.9509688182055475, (9, 6): 0.9215785675166283, (9, 4): 0.9042312639142011, (9, 3): 0.6939174754594445, (9, 2): 0.818001191460111, (9, 1): 0.31666652182508825, (10, 11): 0.9999999999999994, (10, 10): 0.9899999999999989, (10, 9): 0.9800999999999983, (10, 8): 0.9702785558463908, (10, 7): 0.9605766310752142, (10, 6): 0.9112783516179939, (10, 4): 0.8946501410111667, (10, 3): 0.818001191460111, (10, 2): 0.5191831415856645, (10, 1): 0.2220022779942963, (11, 11): 0.0, (11, 10): 0.9777197682621254, (11, 9): 0.8361515611654369, (11, 8): 0.9522002545994849, (11, 7): 0.8281575743481321, (11, 6): 0.38691463153851635, (11, 4): 0.6257564395638744, (11, 3): 0.5597228294917763, (11, 2): 0.22479038397306522, (11, 1): 0.02926670053462642}"
"(<Abstr_type.Q_STAR: 1>, 0.0)",4,"{(1, 11): 0.21890536026858232, (1, 10): 0.06625055978487739, (1, 9): 0.22505958633560008, (1, 8): 0.047488510668108566, (1, 7): 0.3171217403515382, (1, 5): 0.08695371475528112, (1, 4): 0.2875379445764403, (1, 3): 0.3945760560497097, (1, 2): 0.08573278993147557, (1, 1): 0.02081107601046845, (2, 11): 0.469495858542891, (2, 10): 0.43650069036196343, (2, 9): 0.8534548712959107, (2, 8): 0.4655820118906106, (2, 7): 0.6184946229777507, (2, 5): 0.5858546575424725, (2, 4): 0.8003524537793467, (2, 3): 0.7296654616314873, (2, 2): 0.41678058845394667, (2, 1): 0.12319505169753525, (3, 11): 0.7106368839644294, (3, 10): 0.8534548712959107, (3, 9): 0.8831284862122779, (3, 8): 0.9019033572152049, (3, 7): 0.8946262502965818, (3, 6): 0.5843768997907771, (3, 5): 0.2128644872641834, (3, 4): 0.8271919563328205, (3, 3): 0.8003524537793467, (3, 2): 0.7296654616314873, (3, 1): 0.13751821427808225, (4, 11): 0.17923631130941903, (4, 10): 0.8831284862122779, (4, 9): 0.8978793489553053, (4, 8): 0.9127036379826099, (4, 7): 0.7601337565950876, (4, 5): 0.29405774759408104, (4, 4): 0.8539494503720952, (4, 3): 0.7976441692839584, (4, 2): 0.8003524537793467, (4, 1): 0.3192802123934444, (5, 11): 0.6027833015476555, (5, 10): 0.8410763262188591, (5, 9): 0.9126674547784117, (5, 8): 0.9224380502184526, (5, 7): 0.7826359497978258, (5, 5): 0.5348970762341754, (5, 4): 0.8667506335649336, (5, 3): 0.8765430197566996, (5, 2): 0.8435951599135573, (5, 1): 0.26322074184503186, (6, 8): 0.931869826890054, (6, 3): 0.8856024753931643, (7, 11): 0.6189245878344826, (7, 10): 0.8004219762703338, (7, 9): 0.9278966187074997, (7, 8): 0.9413011488504078, (7, 7): 0.9225813659030693, (7, 6): 0.7013115642625739, (7, 4): 0.9041528423902072, (7, 3): 0.8946262502965818, (7, 2): 0.6727098624298176, (7, 1): 0.3171217403515382, (8, 11): 0.9701606737632957, (8, 10): 0.9702379218790855, (8, 9): 0.9604484232425391, (8, 8): 0.9508048980529463, (8, 7): 0.9413011488504078, (8, 6): 0.9319011771113164, (8, 5): 0.92257869962865, (8, 4): 0.9133458504023928, (8, 3): 0.9037006876755231, (8, 2): 0.8833429448790072, (8, 1): 0.6813032959264728, (9, 11): 0.9899999999999989, (9, 10): 0.9800999999999983, (9, 9): 0.9702379218790855, (9, 8): 0.9604484232425391, (9, 7): 0.9508048980529463, (9, 6): 0.8984916000100005, (9, 4): 0.9033432008415877, (9, 3): 0.7544943685127482, (9, 2): 0.7936786760526963, (9, 1): 0.08816680896706726, (10, 11): 0.9999999999999994, (10, 10): 0.9899999999999989, (10, 9): 0.9800999999999983, (10, 8): 0.9702379218790855, (10, 7): 0.9604484232425391, (10, 6): 0.8705550167537423, (10, 4): 0.8868962447125615, (10, 3): 0.7936786760526963, (10, 2): 0.5569911419645305, (10, 1): 0.2769327735969377, (11, 11): 0.0, (11, 10): 0.9999964538801502, (11, 9): 0.9899173992624545, (11, 8): 0.9785349648264744, (11, 7): 0.7034407465202037, (11, 6): 0.5472800443348312, (11, 4): 0.6081323078103613, (11, 3): 0.19003670782465965, (11, 2): 0.055496921949287396, (11, 1): 0.01934752963749064}"
