ground,0,"{(1, 11): 0.0013589071772837108, (1, 10): 0.022952246594174757, (1, 9): 0.031016331059292523, (1, 8): 0.04934543203020171, (1, 7): 0.1908796069086957, (1, 5): 0.2557812239879613, (1, 4): 0.060002860540251016, (1, 3): 0.0071046103928471315, (1, 2): 0.0009107096097705997, (1, 1): 0.0010196172226571679, (2, 11): 0.021637690178057667, (2, 10): 0.11606648698814848, (2, 9): 0.31745582665683625, (2, 8): 0.3611820453726033, (2, 7): 0.6987150687122051, (2, 5): 0.6345633527010346, (2, 4): 0.07142808187284932, (2, 3): 0.03775193252055446, (2, 2): 0.11157977345339941, (2, 1): 0.013269253861548402, (3, 11): 0.02129156144355937, (3, 10): 0.14873630541893273, (3, 9): 0.7109535204481664, (3, 8): 0.8886516750603801, (3, 7): 0.8947055437171627, (3, 6): 0.8829476087966893, (3, 5): 0.8656339424933257, (3, 4): 0.7906824206602554, (3, 3): 0.5941236842678722, (3, 2): 0.3377320165946773, (3, 1): 0.10716090272355547, (4, 11): 0.019139568484618334, (4, 10): 0.4211363427958712, (4, 9): 0.8677892374756128, (4, 8): 0.9135160006764353, (4, 7): 0.9043448438849375, (4, 5): 0.7324690394425358, (4, 4): 0.21918915737155364, (4, 3): 0.12630291201034222, (4, 2): 0.014453199624933775, (4, 1): 0.013933569224438077, (5, 11): 0.05229242758839436, (5, 10): 0.3835529590571263, (5, 9): 0.8190424487159608, (5, 8): 0.92274461038405, (5, 7): 0.8372365848639213, (5, 5): 0.37402864240026956, (5, 4): 0.13230000510501433, (5, 3): 0.02710154908104971, (5, 2): 0.0051062321997435295, (5, 1): 0.0015205645079335141, (6, 8): 0.9320653388633192, (6, 3): 0.10995704636068684, (7, 11): 0.9551451012596034, (7, 10): 0.9385747353615995, (7, 9): 0.9437619092216717, (7, 8): 0.9414801490073516, (7, 7): 0.8889997853670842, (7, 6): 0.6304550333033102, (7, 4): 0.75117448005348, (7, 3): 0.4350702632413337, (7, 2): 0.19027987289989173, (7, 1): 0.029808986845374925, (8, 11): 0.9800999999999983, (8, 10): 0.9702989999999893, (8, 9): 0.9605960099999004, (8, 8): 0.9509900498993824, (8, 7): 0.9414769178394528, (8, 6): 0.9320068786963395, (8, 5): 0.9222787495248107, (8, 4): 0.9108517275580698, (8, 3): 0.6429193508722761, (8, 2): 0.30702345182495505, (8, 1): 0.0066297383712712364, (9, 11): 0.9899999999999989, (9, 10): 0.977972117248048, (9, 9): 0.9215302756845167, (9, 8): 0.8730958606691425, (9, 7): 0.39013808981066056, (9, 6): 0.44063897845932304, (9, 4): 0.8822946084340225, (9, 3): 0.5397156725847203, (9, 2): 0.11109141637462694, (9, 1): 0.03927162606898253, (10, 11): 0.9999999999999994, (10, 10): 0.9899999905226851, (10, 9): 0.9800599896122091, (10, 8): 0.9509341982793158, (10, 7): 0.8534998515269737, (10, 6): 0.3456104338624855, (10, 4): 0.7446592084130124, (10, 3): 0.4117086959380493, (10, 2): 0.10257706400960927, (10, 1): 0.0009777858027269599, (11, 11): 0.0, (11, 10): 0.5671790485278314, (11, 9): 0.8085619806301022, (11, 8): 0.17895558692836475, (11, 7): 0.18590598339974151, (11, 6): 0.06482547356931938, (11, 4): 0.2634333429851235, (11, 3): 0.05126741026015146, (11, 2): 0.009497527461819352, (11, 1): 5.289016213905515e-05}"
ground,1,"{(1, 11): 0.0008873752708087578, (1, 10): 0.021636840830406463, (1, 9): 0.0021617628116939527, (1, 8): 0.024375398649214956, (1, 7): 0.07331320479889915, (1, 5): 0.021342862450856315, (1, 4): 0.0586218658223009, (1, 3): 0.009597369842263078, (1, 2): 0.028469385764400237, (1, 1): 0.0023088793962753166, (2, 11): 0.015881112558087714, (2, 10): 0.13840944223416318, (2, 9): 0.01376865839599764, (2, 8): 0.17445165725875988, (2, 7): 0.5500720829532335, (2, 5): 0.28873775497084725, (2, 4): 0.3767818948631049, (2, 3): 0.1533028059292516, (2, 2): 0.15189886799574617, (2, 1): 0.03728304802023576, (3, 11): 0.09706527621363273, (3, 10): 0.33275799912110876, (3, 9): 0.16714213202774966, (3, 8): 0.6452671916734339, (3, 7): 0.8762507972712816, (3, 6): 0.863991287546095, (3, 5): 0.8438530631160993, (3, 4): 0.8033992018344448, (3, 3): 0.6769386047035467, (3, 2): 0.46464718793436, (3, 1): 0.21639874652064123, (4, 11): 0.16695465623226163, (4, 10): 0.5750286897353595, (4, 9): 0.7979787050035702, (4, 8): 0.8824090753410085, (4, 7): 0.8861611452489631, (4, 5): 0.6132444830081873, (4, 4): 0.5729491305803898, (4, 3): 0.3221515541913878, (4, 2): 0.056806756795384675, (4, 1): 0.06858237800489314, (5, 11): 0.3971123356769514, (5, 10): 0.7447351118600257, (5, 9): 0.8923937599592477, (5, 8): 0.9043813785119856, (5, 7): 0.8953155217434301, (5, 5): 0.12423727973975077, (5, 4): 0.07838622238944, (5, 3): 0.04804093457421875, (5, 2): 0.003057753141730685, (5, 1): 0.008566444676029563, (6, 8): 0.9135171329760142, (6, 3): 0.023835193031701497, (7, 11): 0.45673202965691273, (7, 10): 0.8361629913724253, (7, 9): 0.7424595977494205, (7, 8): 0.9227446812327149, (7, 7): 0.924096966899661, (7, 6): 0.7509828908255299, (7, 4): 0.7339544596810819, (7, 3): 0.22394490902629055, (7, 2): 0.06919688313812121, (7, 1): 0.004723913145795378, (8, 11): 0.9707147434390051, (8, 10): 0.9702792608690605, (8, 9): 0.9591143927732677, (8, 8): 0.9320653472181838, (8, 7): 0.9414801494007736, (8, 6): 0.932059366078604, (8, 5): 0.9224453038851804, (8, 4): 0.9113732721967011, (8, 3): 0.727409688327973, (8, 2): 0.37018399936469976, (8, 1): 0.07755578992609327, (9, 11): 0.9899999999999989, (9, 10): 0.9800999999999983, (9, 9): 0.9702989999999978, (9, 8): 0.9605960099999973, (9, 7): 0.9509900498999829, (9, 6): 0.9365697277057236, (9, 4): 0.8802182545480043, (9, 3): 0.4801553394651461, (9, 2): 0.12540862237597875, (9, 1): 0.010430716738602705, (10, 11): 0.9999999999999994, (10, 10): 0.9895948955569012, (10, 9): 0.9212039694362254, (10, 8): 0.9506058243166798, (10, 7): 0.9024647961009304, (10, 6): 0.5342493361032696, (10, 4): 0.6941087406209862, (10, 3): 0.34283537354630933, (10, 2): 0.020512072780168214, (10, 1): 0.00018679069316354923, (11, 11): 0.0, (11, 10): 0.8122902797253293, (11, 9): 0.4959043743202565, (11, 8): 0.744795414210486, (11, 7): 0.29283769471569365, (11, 6): 0.10030436459598699, (11, 4): 0.24890501999509917, (11, 3): 0.12616221049813314, (11, 2): 0.009797336945367205, (11, 1): 0.00011159170739076}"
ground,2,"{(1, 11): 6.418516773844559e-05, (1, 10): 0.0017816644179426714, (1, 9): 0.14923690851529217, (1, 8): 0.2650940214635732, (1, 7): 0.15918849666940027, (1, 5): 0.16849840187013074, (1, 4): 0.008741580168362264, (1, 3): 0.024745692062807145, (1, 2): 0.0035141590277230966, (1, 1): 0.00016014196355540504, (2, 11): 0.0019823731729923227, (2, 10): 0.031198925728635824, (2, 9): 0.5288697746967082, (2, 8): 0.8722092724588704, (2, 7): 0.6037369563925723, (2, 5): 0.5190927425132242, (2, 4): 0.3063840185386241, (2, 3): 0.33509886220288626, (2, 2): 0.0810970137982786, (2, 1): 0.01949164231243037, (3, 11): 0.057338482610781935, (3, 10): 0.22617091952327298, (3, 9): 0.7234439824867298, (3, 8): 0.9043648015216079, (3, 7): 0.8945879529248579, (3, 6): 0.8830956135200981, (3, 5): 0.8646249192137538, (3, 4): 0.8003125566768933, (3, 3): 0.6667316289605337, (3, 2): 0.400602021853159, (3, 1): 0.12237683510174553, (4, 11): 0.1823007376118471, (4, 10): 0.5920571373731663, (4, 9): 0.8959773643035648, (4, 8): 0.9135168440833429, (4, 7): 0.663621177949096, (4, 5): 0.6657288989596257, (4, 4): 0.27623020107825486, (4, 3): 0.16748192394839728, (4, 2): 0.15035905608633857, (4, 1): 0.01160184056626904, (5, 11): 0.00731838954354043, (5, 10): 0.208037317458434, (5, 9): 0.8586029789476339, (5, 8): 0.9227446638318725, (5, 7): 0.8845322214961401, (5, 5): 0.15018341182837938, (5, 4): 0.0563397632194583, (5, 3): 0.021801014428257673, (5, 2): 0.01940552553070633, (5, 1): 0.0011961693667450627, (6, 8): 0.9320653459958606, (6, 3): 1.5216415991897778e-08, (7, 11): 0.09927203766917707, (7, 10): 0.10430471254443524, (7, 9): 0.815600956929604, (7, 8): 0.9414801492933693, (7, 7): 0.8827016306085295, (7, 6): 0.7182223877103431, (7, 4): 0.650244019140816, (7, 3): 0.23589507419552108, (7, 2): 0.03751741750534639, (7, 1): 3.156321294905103e-05, (8, 11): 0.6085842200620188, (8, 10): 0.6038303009806948, (8, 9): 0.9409847464262573, (8, 8): 0.9509900498998651, (8, 7): 0.9414774115474934, (8, 6): 0.9320005296037126, (8, 5): 0.9222128414116916, (8, 4): 0.910497501335539, (8, 3): 0.8598208687411901, (8, 2): 0.3292222166288137, (8, 1): 0.003864110855507156, (9, 11): 0.9817962641524551, (9, 10): 0.9353154626595772, (9, 9): 0.9702989999999972, (9, 8): 0.9605960099999832, (9, 7): 0.9341953825293802, (9, 6): 0.6195965414259239, (9, 4): 0.8654344497025035, (9, 3): 0.6705435121517355, (9, 2): 0.37411403368858603, (9, 1): 0.057626451336438414, (10, 11): 0.9991118157639901, (10, 10): 0.9685167309779191, (10, 9): 0.9800999999999983, (10, 8): 0.9688041292679729, (10, 7): 0.7199516629156897, (10, 6): 0.36626451560495066, (10, 4): 0.7817740240162832, (10, 3): 0.5792683557404643, (10, 2): 0.347339795373412, (10, 1): 0.1401471565104201, (11, 11): 0.0, (11, 10): 0.9999999999999994, (11, 9): 0.9899999999999989, (11, 8): 0.9800991268885237, (11, 7): 0.9360008953372557, (11, 6): 0.10439578004919564, (11, 4): 0.4129695796614054, (11, 3): 0.21038525931000196, (11, 2): 0.10221595899691496, (11, 1): 0.01144364632921016}"
ground,3,"{(1, 11): 0.0019090037791907703, (1, 10): 0.014607076354818659, (1, 9): 0.09460271799839057, (1, 8): 0.03225107542061147, (1, 7): 0.3060136334157764, (1, 5): 0.020093723642102358, (1, 4): 0.20188648101361223, (1, 3): 0.13580855261945932, (1, 2): 0.011724647298458284, (1, 1): 0.008470356344003213, (2, 11): 0.03470728200147545, (2, 10): 0.15871567059985256, (2, 9): 0.46395978313804515, (2, 8): 0.2898300240847174, (2, 7): 0.7805290690993416, (2, 5): 0.3664665210672674, (2, 4): 0.7398437775833624, (2, 3): 0.49044097096422234, (2, 2): 0.1641165739029055, (2, 1): 0.03629610112844223, (3, 11): 0.12778947613088035, (3, 10): 0.41698170757428343, (3, 9): 0.750200601796497, (3, 8): 0.6047255356782048, (3, 7): 0.8951903739119992, (3, 6): 0.8852106046657495, (3, 5): 0.8719759566277957, (3, 4): 0.8490600737818835, (3, 3): 0.7321347750329856, (3, 2): 0.46221688612081674, (3, 1): 0.12467685324094964, (4, 11): 0.025833836295550985, (4, 10): 0.3229018509224017, (4, 9): 0.8772903344584692, (4, 8): 0.9124306308299356, (4, 7): 0.9043520933495283, (4, 5): 0.5262698940194236, (4, 4): 0.5652208375404375, (4, 3): 0.43634883034633426, (4, 2): 0.093782281365107, (4, 1): 0.008406353401929242, (5, 11): 0.0017554155733507794, (5, 10): 0.15794238203346672, (5, 9): 0.7695169398617103, (5, 8): 0.9227446561245116, (5, 7): 0.9135148359760278, (5, 5): 0.05031478152283962, (5, 4): 0.1767103019012005, (5, 3): 0.16011245490406886, (5, 2): 0.023372020858050513, (5, 1): 0.0046587811313847545, (6, 8): 0.9320653441057478, (6, 3): 0.1050763722300452, (7, 11): 0.05038255286072647, (7, 10): 0.5597447373558269, (7, 9): 0.8280271409456461, (7, 8): 0.9414801490861718, (7, 7): 0.8974417158435706, (7, 6): 0.651635790456128, (7, 4): 0.8155153220043952, (7, 3): 0.4628579139774751, (7, 2): 0.053568774115811, (7, 1): 0.016459143699506695, (8, 11): 0.46124368127524207, (8, 10): 0.9616714386794092, (8, 9): 0.9600997822649803, (8, 8): 0.9509900498999663, (8, 7): 0.9414801402519088, (8, 6): 0.9320605955569274, (8, 5): 0.9225868758045848, (8, 4): 0.9121887618551106, (8, 3): 0.736789876781786, (8, 2): 0.4071788199511234, (8, 1): 0.09535520916186113, (9, 11): 0.9567034174304965, (9, 10): 0.9800999999999983, (9, 9): 0.9702989999999978, (9, 8): 0.9605960099999946, (9, 7): 0.9073019638712722, (9, 6): 0.6818333741656234, (9, 4): 0.8772838409079157, (9, 3): 0.3157099585633937, (9, 2): 0.02821130931388987, (9, 1): 0.009032396629044755, (10, 11): 0.9991015800381834, (10, 10): 0.9899999999999989, (10, 9): 0.9599722019971568, (10, 8): 0.8731242205584315, (10, 7): 0.38308799592312115, (10, 6): 0.11360138184371482, (10, 4): 0.7267981830971473, (10, 3): 0.42410996546155577, (10, 2): 0.2036713583664833, (10, 1): 0.060304486610625624, (11, 11): 0.0, (11, 10): 0.9999999999999994, (11, 9): 0.9871882085723817, (11, 8): 0.8185094799319148, (11, 7): 0.43965884765361496, (11, 6): 0.0441569263033262, (11, 4): 0.3790831239316537, (11, 3): 0.02617230484934061, (11, 2): 0.032484480491794525, (11, 1): 0.0035979651775832435}"
ground,4,"{(1, 11): 0.0003755457528475147, (1, 10): 0.005885425776782926, (1, 9): 0.0451488999417653, (1, 8): 0.20419425703580915, (1, 7): 0.5368130298243722, (1, 5): 0.1312009674665376, (1, 4): 0.1339246347231853, (1, 3): 0.052933146448899834, (1, 2): 0.014649001016769504, (1, 1): 0.0018137894119050564, (2, 11): 0.030243811118386133, (2, 10): 0.1244618841977605, (2, 9): 0.09551797592179924, (2, 8): 0.6462724609676048, (2, 7): 0.7583172339772568, (2, 5): 0.6346080745503997, (2, 4): 0.41393452808239545, (2, 3): 0.20539781438014956, (2, 2): 0.04647856887800424, (2, 1): 0.006924309100692548, (3, 11): 0.1911501476487986, (3, 10): 0.5574289757100003, (3, 9): 0.8268871069665163, (3, 8): 0.9040233012820476, (3, 7): 0.8932750804472767, (3, 6): 0.8736846391895395, (3, 5): 0.8256624671882358, (3, 4): 0.5271470662105783, (3, 3): 0.1120539842564558, (3, 2): 0.007246499910509901, (3, 1): 0.0005642091254286826, (4, 11): 0.0009177462764220774, (4, 10): 0.23720622562222016, (4, 9): 0.7845867694917406, (4, 8): 0.9134783673042094, (4, 7): 0.6812134762060515, (4, 5): 0.46739285718895285, (4, 4): 0.08531880715868012, (4, 3): 0.037007078476847394, (4, 2): 0.0030845249202857516, (4, 1): 0.0003022888528531275, (5, 11): 0.018724489584991472, (5, 10): 0.18822406193455163, (5, 9): 0.7686288181440478, (5, 8): 0.9227391965649758, (5, 7): 0.7098482549280023, (5, 5): 0.032412183218486275, (5, 4): 0.001574737730235271, (5, 3): 0.11688697443978277, (5, 2): 0.03237670319891007, (5, 1): 0.0001421815410197758, (6, 8): 0.9320648537064083, (6, 3): 0.28611695592283726, (7, 11): 0.33654007222088866, (7, 10): 0.07173634287513704, (7, 9): 0.8601445542591721, (7, 8): 0.9414801216740771, (7, 7): 0.8993005428823139, (7, 6): 0.5546807476378957, (7, 4): 0.8246662172234065, (7, 3): 0.5529699688416501, (7, 2): 0.2656572087863943, (7, 1): 0.06977186199857363, (8, 11): 0.8308466819893466, (8, 10): 0.870079832558732, (8, 9): 0.947569824266637, (8, 8): 0.9509900477098173, (8, 7): 0.9414768409528385, (8, 6): 0.932032719188068, (8, 5): 0.922373653116465, (8, 4): 0.9117586178196561, (8, 3): 0.8378814116164618, (8, 2): 0.5878511617722184, (8, 1): 0.19312536958858872, (9, 11): 0.9898201571122218, (9, 10): 0.980099999999998, (9, 9): 0.9702989999999863, (9, 8): 0.9605960099997848, (9, 7): 0.9509900250985076, (9, 6): 0.8773270309039648, (9, 4): 0.8789414709189414, (9, 3): 0.6421083338149552, (9, 2): 0.2729993756043161, (9, 1): 0.022512828321794194, (10, 11): 0.9999999999999994, (10, 10): 0.9899999999999989, (10, 9): 0.9796621279087209, (10, 8): 0.9286563478820097, (10, 7): 0.7229469107011373, (10, 6): 0.3950323674502774, (10, 4): 0.6712275655997324, (10, 3): 0.2231207218850822, (10, 2): 0.041943308306486904, (10, 1): 0.003850201913728409, (11, 11): 0.0, (11, 10): 0.9996794025336962, (11, 9): 0.9739569434048203, (11, 8): 0.8609226840543656, (11, 7): 0.597475759799699, (11, 6): 0.26207520170867576, (11, 4): 0.2697528779754189, (11, 3): 0.056849170984757245, (11, 2): 0.0028837092273649185, (11, 1): 0.000500742740424455}"
ground,5,"{(1, 11): 0.006402399768476933, (1, 10): 0.004079269008732064, (1, 9): 0.04535842106320448, (1, 8): 0.3303010099740599, (1, 7): 0.07087902189054263, (1, 5): 0.0799367929204903, (1, 4): 0.07535626072061657, (1, 3): 0.07756504855307172, (1, 2): 0.0034035806768751616, (1, 1): 0.0010590671791751015, (2, 11): 0.03947508863646219, (2, 10): 0.2680061269914388, (2, 9): 0.6173201610355076, (2, 8): 0.7196881843268979, (2, 7): 0.6735789215999626, (2, 5): 0.5027306914575278, (2, 4): 0.6528049333188966, (2, 3): 0.39467728888652204, (2, 2): 0.140381119900089, (2, 1): 0.03280453112648388, (3, 11): 0.042296856379987396, (3, 10): 0.1268301003375382, (3, 9): 0.82197139448031, (3, 8): 0.9037337082220891, (3, 7): 0.8950943541599512, (3, 6): 0.8847462260609684, (3, 5): 0.8714628811268884, (3, 4): 0.84918139072589, (3, 3): 0.3973530891686055, (3, 2): 0.09930236821749786, (3, 1): 0.015586393913710915, (4, 11): 0.3090943768315264, (4, 10): 0.6244551997124729, (4, 9): 0.8765289772661483, (4, 8): 0.913517221979939, (4, 7): 0.9043682810157496, (4, 5): 0.6011190756741127, (4, 4): 0.6672066403791633, (4, 3): 0.3104789298798931, (4, 2): 0.09369954128627239, (4, 1): 0.01606629463695931, (5, 11): 0.15810375139982533, (5, 10): 0.5993208117763641, (5, 9): 0.8663169909275024, (5, 8): 0.9227446922647861, (5, 7): 0.8757314458448592, (5, 5): 0.23151486229189774, (5, 4): 0.22155284678005477, (5, 3): 0.04750982467724573, (5, 2): 0.0056560912460906915, (5, 1): 0.00018645383457254494, (6, 8): 0.9320653477496141, (6, 3): 0.10562290937556593, (7, 11): 0.7238614140696892, (7, 10): 0.9183927076409916, (7, 9): 0.9508778774383025, (7, 8): 0.9414801493975868, (7, 7): 0.9152436848596385, (7, 6): 0.45016698094559665, (7, 4): 0.35029022262983656, (7, 3): 0.4818563497889214, (7, 2): 0.0877462079620855, (7, 1): 0.006673883513277283, (8, 11): 0.9799404257619675, (8, 10): 0.9702989999999978, (8, 9): 0.9605960099999963, (8, 8): 0.9509900498999824, (8, 7): 0.9414766189122482, (8, 6): 0.9316613529548489, (8, 5): 0.9187959888125947, (8, 4): 0.888280921640527, (8, 3): 0.8257799073243837, (8, 2): 0.5018898579386946, (8, 1): 0.11978661169273395, (9, 11): 0.9899999999999989, (9, 10): 0.9800999999999983, (9, 9): 0.97026100983414, (9, 8): 0.9429734651717908, (9, 7): 0.4705423362166142, (9, 6): 0.7768271694099949, (9, 4): 0.33889994978128246, (9, 3): 0.5760687051481458, (9, 2): 0.0490341508749978, (9, 1): 0.009004227716267434, (10, 11): 0.9999999999999994, (10, 10): 0.9888412793471278, (10, 9): 0.5824895585309837, (10, 8): 0.6335772527931784, (10, 7): 0.20771498529331492, (10, 6): 0.481412365341254, (10, 4): 0.06390467360469877, (10, 3): 0.2676460467991225, (10, 2): 0.0027050053255829698, (10, 1): 0.0010387906200596208, (11, 11): 0.0, (11, 10): 0.684080463658724, (11, 9): 0.24712234130560404, (11, 8): 0.06801810516951363, (11, 7): 0.04495346508450834, (11, 6): 0.003289646812723945, (11, 4): 0.004835894309397031, (11, 3): 0.057053059067842124, (11, 2): 0.004465477088091215, (11, 1): 0.00027240631514200136}"
ground,6,"{(1, 11): 0.006117413441551044, (1, 10): 0.042273849470028, (1, 9): 0.01406739813086215, (1, 8): 0.14223681894446266, (1, 7): 0.007403654295730445, (1, 5): 0.0005326124488970927, (1, 4): 0.004271427874765074, (1, 3): 0.028337352581203755, (1, 2): 0.11104533813716287, (1, 1): 0.007316381791565714, (2, 11): 0.03579195562002678, (2, 10): 0.1743881638007952, (2, 9): 0.32861669216441647, (2, 8): 0.6083679813363612, (2, 7): 0.1308923377064195, (2, 5): 0.0039386008325917755, (2, 4): 0.005850194106356303, (2, 3): 0.0636288991982654, (2, 2): 0.24124046428377327, (2, 1): 0.00013553286703357217, (3, 11): 0.054993888573731595, (3, 10): 0.39174717685989663, (3, 9): 0.7362832159643958, (3, 8): 0.8247208502382675, (3, 7): 0.4638506581993184, (3, 6): 0.1850769570478978, (3, 5): 0.04998810660720432, (3, 4): 0.01026681335227737, (3, 3): 0.07773653398494637, (3, 2): 0.3940482854518374, (3, 1): 0.028570963966073663, (4, 11): 0.011358000476811358, (4, 10): 0.39093920346667854, (4, 9): 0.8482824074037318, (4, 8): 0.8927179857419952, (4, 7): 0.5260297532560017, (4, 5): 0.0032169284826639864, (4, 4): 0.056717258674117116, (4, 3): 0.32948933166860656, (4, 2): 0.5999978220117358, (4, 1): 0.21594404991826033, (5, 11): 0.12481896827875152, (5, 10): 0.5074154809693465, (5, 9): 0.8292314411247802, (5, 8): 0.9042308869411404, (5, 7): 0.5366215019237994, (5, 5): 0.029448656012839813, (5, 4): 0.3609245755842164, (5, 3): 0.8420140102280396, (5, 2): 0.7606932387888703, (5, 1): 0.13232542052861931, (6, 8): 0.9134988410777497, (6, 3): 0.8789918893271063, (7, 11): 0.34401723090263114, (7, 10): 0.2924382751067282, (7, 9): 0.7838608159432481, (7, 8): 0.9227433562791877, (7, 7): 0.8640197483668636, (7, 6): 0.9205651722996121, (7, 4): 0.8169592246139319, (7, 3): 0.8943330314573412, (7, 2): 0.6910739329674572, (7, 1): 0.2471684876078213, (8, 11): 0.8869015062441267, (8, 10): 0.5172648202906096, (8, 9): 0.880874809323781, (8, 8): 0.9320653293518748, (8, 7): 0.9414801494009258, (8, 6): 0.9320653477748984, (8, 5): 0.9227446234959497, (8, 4): 0.9135162054946939, (8, 3): 0.9043687618700679, (8, 2): 0.7134552947543145, (8, 1): 0.18961460706573208, (9, 11): 0.9701938999142069, (9, 10): 0.9566765827900211, (9, 9): 0.8875589606812653, (9, 8): 0.955515960517491, (9, 7): 0.9509900498999901, (9, 6): 0.936854705100322, (9, 4): 0.7721232377284843, (9, 3): 0.891328863235545, (9, 2): 0.3090932365682262, (9, 1): 0.019454015325858248, (10, 11): 0.9800963252702453, (10, 10): 0.9899999999999989, (10, 9): 0.9800999999999983, (10, 8): 0.9702989999999978, (10, 7): 0.9605960099999972, (10, 6): 0.9181844538018705, (10, 4): 0.32450995734437926, (10, 3): 0.8139887394151788, (10, 2): 0.2961261384791938, (10, 1): 0.051866935918666646, (11, 11): 0.0, (11, 10): 0.9999999999999994, (11, 9): 0.9884145262468197, (11, 8): 0.9584283548042811, (11, 7): 0.8062695546719083, (11, 6): 0.48862947531274387, (11, 4): 0.09858018156787184, (11, 3): 0.5287800435790537, (11, 2): 0.16665075846341418, (11, 1): 0.004631814192539396}"
ground,7,"{(1, 11): 4.02675174852772e-05, (1, 10): 0.0011245382840423734, (1, 9): 0.014308016580020998, (1, 8): 0.08530994268286851, (1, 7): 0.003218425896916661, (1, 5): 0.0006121470347453833, (1, 4): 0.016102496711201203, (1, 3): 0.009699102119507017, (1, 2): 0.02881376671199247, (1, 1): 0.0030531896398334917, (2, 11): 0.00018109422702013622, (2, 10): 0.003682082241735551, (2, 9): 0.04297898408119365, (2, 8): 0.28670098876402517, (2, 7): 0.07661050929751576, (2, 5): 0.017228986482814634, (2, 4): 0.11079988308883192, (2, 3): 0.2195154886593325, (2, 2): 0.18781060264475405, (2, 1): 0.028466583565717726, (3, 11): 0.003055340278600263, (3, 10): 0.07658884950061433, (3, 9): 0.22416924697565535, (3, 8): 0.6832878792019517, (3, 7): 0.3288370212544865, (3, 6): 0.003331273009137173, (3, 5): 0.08889325482443984, (3, 4): 0.36937117506432143, (3, 3): 0.6597676267544371, (3, 2): 0.42322211524564535, (3, 1): 0.14596792303195755, (4, 11): 0.041029832209830204, (4, 10): 0.24646135029345548, (4, 9): 0.5575736134220999, (4, 8): 0.8158087751312434, (4, 7): 0.06390447349768932, (4, 5): 0.02103257584457235, (4, 4): 0.6483248548127079, (4, 3): 0.8537375189087528, (4, 2): 0.6997609649549204, (4, 1): 0.18741543106223896, (5, 11): 0.1816862328513847, (5, 10): 0.4423395851919811, (5, 9): 0.7571610198422994, (5, 8): 0.8773900231357938, (5, 7): 0.4014498503390189, (5, 5): 0.2144227535032045, (5, 4): 0.6898655701565689, (5, 3): 0.8754308645475407, (5, 2): 0.5354833563657172, (5, 1): 0.04361557221225088, (6, 8): 0.8922657901348933, (6, 3): 0.8860390133115358, (7, 11): 0.0005149957442677837, (7, 10): 0.06324517074365472, (7, 9): 0.6448755504470242, (7, 8): 0.9039873105919932, (7, 7): 0.9134848993625895, (7, 6): 0.9161563831789773, (7, 4): 0.8155513784963129, (7, 3): 0.895305989017033, (7, 2): 0.7272704183230726, (7, 1): 0.16497473361786705, (8, 11): 0.03809777721257132, (8, 10): 0.2875360990688868, (8, 9): 0.6576738839798765, (8, 8): 0.8349026833361936, (8, 7): 0.9227445297506126, (8, 6): 0.9320653479062951, (8, 5): 0.9227446939254661, (8, 4): 0.913517225935591, (8, 3): 0.9043807544191592, (8, 2): 0.6929363954717167, (8, 1): 0.12590173030129698, (9, 11): 0.16321686951499328, (9, 10): 0.7272836357321493, (9, 9): 0.9012232613547153, (9, 8): 0.9604957020760608, (9, 7): 0.9467064227872896, (9, 6): 0.9414801494009414, (9, 4): 0.8690939823960065, (9, 3): 0.8682042241035798, (9, 2): 0.4208040628029269, (9, 1): 0.07469939139304677, (10, 11): 0.4678112661778066, (10, 10): 0.9847491166355259, (10, 9): 0.9799919439145497, (10, 8): 0.9702989999999978, (10, 7): 0.9605960099999973, (10, 6): 0.9509900498999952, (10, 4): 0.41069252908557796, (10, 3): 0.7577767393966912, (10, 2): 0.5071258102015415, (10, 1): 0.2057554922387159, (11, 11): 0.0, (11, 10): 0.9999999999999994, (11, 9): 0.9899999999999989, (11, 8): 0.9800999999999983, (11, 7): 0.9444616931386925, (11, 6): 0.9027621128891627, (11, 4): 0.04543440535021274, (11, 3): 0.06494334425688837, (11, 2): 0.14797545710826532, (11, 1): 0.026219536875978063}"
ground,8,"{(1, 11): 0.009889318823670213, (1, 10): 0.052666416265949985, (1, 9): 0.28844208706500696, (1, 8): 0.6506910561689151, (1, 7): 0.18050837073439463, (1, 5): 0.0005123307253411176, (1, 4): 0.04689669950322864, (1, 3): 0.021932385137520716, (1, 2): 0.0026133854459373046, (1, 1): 0.00015399946420808597, (2, 11): 0.10695739925086974, (2, 10): 0.29096816948375076, (2, 9): 0.5533466383025603, (2, 8): 0.8619256354281026, (2, 7): 0.4172792680122901, (2, 5): 0.1857182288093272, (2, 4): 0.3935547745674353, (2, 3): 0.12910179782798165, (2, 2): 0.018220910426117412, (2, 1): 0.0019758656430812456, (3, 11): 0.027873466745525485, (3, 10): 0.23660107078976897, (3, 9): 0.8371842744677593, (3, 8): 0.9043279369316138, (3, 7): 0.8937008085697956, (3, 6): 0.8795044931816781, (3, 5): 0.8526296021052909, (3, 4): 0.7476005590653212, (3, 3): 0.4895091433372169, (3, 2): 0.17670576770176483, (3, 1): 0.021786903942420548, (4, 11): 0.03179274085529611, (4, 10): 0.6079508904918244, (4, 9): 0.9003470114661191, (4, 8): 0.9135161425478201, (4, 7): 0.6808904729498387, (4, 5): 0.7344490580037243, (4, 4): 0.4157974222367318, (4, 3): 0.14591261489288226, (4, 2): 0.0464409046130374, (4, 1): 0.004166813080950048, (5, 11): 0.1271130889421002, (5, 10): 0.5539776209694045, (5, 9): 0.8900176593697899, (5, 8): 0.9227446433924573, (5, 7): 0.8449949016625333, (5, 5): 0.37445700973820656, (5, 4): 0.09899936506835721, (5, 3): 0.06426861230422477, (5, 2): 0.0035727462857148605, (5, 1): 7.942684262863348e-05, (6, 8): 0.9320653458655275, (6, 3): 0.35115278768290886, (7, 11): 0.15630249307571675, (7, 10): 0.530557721989181, (7, 9): 0.9034345549099044, (7, 8): 0.941480149295619, (7, 7): 0.8998099380875492, (7, 6): 0.7329654661146998, (7, 4): 0.4834963215766283, (7, 3): 0.7983261908367153, (7, 2): 0.29889365286457226, (7, 1): 0.0370594643689315, (8, 11): 0.11501776170914357, (8, 10): 0.4944333369346752, (8, 9): 0.9140894902797343, (8, 8): 0.9509900498999859, (8, 7): 0.9414797197700272, (8, 6): 0.9319987285693263, (8, 5): 0.9222470415720057, (8, 4): 0.9109800239212881, (8, 3): 0.8941671851417872, (8, 2): 0.6882977856038682, (8, 1): 0.1921392816626488, (9, 11): 0.7703502493930152, (9, 10): 0.40600918669706204, (9, 9): 0.9507991497660566, (9, 8): 0.9605960099999973, (9, 7): 0.9495034286467068, (9, 6): 0.7762597193831537, (9, 4): 0.7160555462016595, (9, 3): 0.7740479519416144, (9, 2): 0.4777191620990659, (9, 1): 0.04196409460467271, (10, 11): 0.9467682917575222, (10, 10): 0.9618302104888399, (10, 9): 0.9800816348882966, (10, 8): 0.9702989999999978, (10, 7): 0.9427886722618457, (10, 6): 0.6551808197500719, (10, 4): 0.279089150967208, (10, 3): 0.3794110842527545, (10, 2): 0.1942497202745829, (10, 1): 0.016129439900764944, (11, 11): 0.0, (11, 10): 0.9999999999999994, (11, 9): 0.9899999999999989, (11, 8): 0.9800999999999983, (11, 7): 0.9519786889437031, (11, 6): 0.3222768708300896, (11, 4): 0.049679813614963264, (11, 3): 0.05975027254382329, (11, 2): 0.05403234814611732, (11, 1): 0.006840732010647738}"
ground,9,"{(1, 11): 0.0002782135212278315, (1, 10): 0.005664641503036109, (1, 9): 0.10311727076578281, (1, 8): 0.011716141586970052, (1, 7): 0.005516865589018997, (1, 5): 0.0016999559645478847, (1, 4): 0.02464262579009626, (1, 3): 0.20164639833267803, (1, 2): 0.020197094650027822, (1, 1): 0.0003153816467275145, (2, 11): 0.007444833628349781, (2, 10): 0.07607537793060952, (2, 9): 0.42550471280068725, (2, 8): 0.053548795937890394, (2, 7): 0.17587191504751484, (2, 5): 0.004448523027447629, (2, 4): 0.1494972801989044, (2, 3): 0.46649438295216483, (2, 2): 0.07879732051602324, (2, 1): 0.007501136945519789, (3, 11): 0.056385560261789626, (3, 10): 0.26045193047362825, (3, 9): 0.7304929684347926, (3, 8): 0.5069918885659097, (3, 7): 0.5258086022505413, (3, 6): 0.26760988685389886, (3, 5): 0.09624469966280953, (3, 4): 0.08718154329936734, (3, 3): 0.6704338258095774, (3, 2): 0.12495907450455937, (3, 1): 0.01930007146749123, (4, 11): 0.20623299213487253, (4, 10): 0.5821066258656922, (4, 9): 0.8726132009791376, (4, 8): 0.8922022665471172, (4, 7): 0.7603563339480255, (4, 5): 0.13696415365123404, (4, 4): 0.3845033157207384, (4, 3): 0.8047857803221578, (4, 2): 0.3886731221157844, (4, 1): 0.00872271958760179, (5, 11): 0.030626717377121117, (5, 10): 0.583781267339053, (5, 9): 0.9099662199533994, (5, 8): 0.9225814276084389, (5, 7): 0.6898733733279664, (5, 5): 0.04033527145533701, (5, 4): 0.48446317965663666, (5, 3): 0.8518080424375757, (5, 2): 0.35019453415466306, (5, 1): 0.05252036542020269, (6, 8): 0.9320499641973996, (6, 3): 0.8800735682476131, (7, 11): 0.06916811200875587, (7, 10): 0.34255071056003433, (7, 9): 0.8424077388502755, (7, 8): 0.941480065120287, (7, 7): 0.928387752108276, (7, 6): 0.8231932024161185, (7, 4): 0.7739568452738919, (7, 3): 0.8940126759482591, (7, 2): 0.5401975062154435, (7, 1): 0.02115699859116817, (8, 11): 0.3229324443551114, (8, 10): 0.4659839524728416, (8, 9): 0.9576968272237724, (8, 8): 0.9509900481294955, (8, 7): 0.9414792715094202, (8, 6): 0.932061226198823, (8, 5): 0.9227326329281964, (8, 4): 0.9134760765033462, (8, 3): 0.9042331831779504, (8, 2): 0.7392831600203387, (8, 1): 0.1932836123319701, (9, 11): 0.6627151544344695, (9, 10): 0.9012596447634621, (9, 9): 0.9702965920339485, (9, 8): 0.9605960099999875, (9, 7): 0.9509900393171256, (9, 6): 0.9095871328304709, (9, 4): 0.7691753460950522, (9, 3): 0.865872043961912, (9, 2): 0.3935867371385519, (9, 1): 0.04945231881023987, (10, 11): 0.40770184233585943, (10, 10): 0.9886516602318733, (10, 9): 0.9800999999999983, (10, 8): 0.9702989999999978, (10, 7): 0.9495331609591996, (10, 6): 0.5560420779410086, (10, 4): 0.21728874645373764, (10, 3): 0.6077868122000528, (10, 2): 0.18884629200385672, (10, 1): 0.06208627803428255, (11, 11): 0.0, (11, 10): 0.9999999999999994, (11, 9): 0.9899999999999989, (11, 8): 0.9797590706280749, (11, 7): 0.6612199747133445, (11, 6): 0.11031718744985845, (11, 4): 0.03391789842522516, (11, 3): 0.07550636708367565, (11, 2): 0.001842646299766729, (11, 1): 0.016404473733812968}"
"(<Abstr_type.PI_STAR: 3>, 0.0)",0,"{(1, 11): 0.7085306636353376, (1, 10): 0.7085306636353376, (1, 9): 0.7085306636353376, (1, 8): 0.7385414977888491, (1, 7): 0.6942648518349587, (1, 5): 0.7385414977888491, (1, 4): 0.6942648518349587, (1, 3): 0.6942648518349587, (1, 2): 0.6942648518349587, (1, 1): 0.6942648518349587, (2, 11): 0.7085306636353376, (2, 10): 0.7085306636353376, (2, 9): 0.7085306636353376, (2, 8): 0.7385414977888491, (2, 7): 0.6942648518349587, (2, 5): 0.7385414977888491, (2, 4): 0.6942648518349587, (2, 3): 0.6942648518349587, (2, 2): 0.6942648518349587, (2, 1): 0.6942648518349587, (3, 11): 0.7085306636353376, (3, 10): 0.7085306636353376, (3, 9): 0.7085306636353376, (3, 8): 0.7385414977888491, (3, 7): 0.6942648518349587, (3, 6): 0.6942648518349587, (3, 5): 0.6942648518349587, (3, 4): 0.6942648518349587, (3, 3): 0.6942648518349587, (3, 2): 0.6942648518349587, (3, 1): 0.6942648518349587, (4, 11): 0.7085306636353376, (4, 10): 0.7085306636353376, (4, 9): 0.7085306636353376, (4, 8): 0.7385414977888491, (4, 7): 0.6942648518349587, (4, 5): 0.721963864996372, (4, 4): 0.6942648518349587, (4, 3): 0.7385414977888491, (4, 2): 0.6942648518349587, (4, 1): 0.6942648518349587, (5, 11): 0.7085306636353376, (5, 10): 0.7085306636353376, (5, 9): 0.7085306636353376, (5, 8): 0.7385414977888491, (5, 7): 0.6942648518349587, (5, 5): 0.7085306636353376, (5, 4): 0.7085306636353376, (5, 3): 0.7385414977888491, (5, 2): 0.6942648518349587, (5, 1): 0.6942648518349587, (6, 8): 0.7385414977888491, (6, 3): 0.7385414977888491, (7, 11): 0.7385414977888491, (7, 10): 0.6942648518349587, (7, 9): 0.6942648518349587, (7, 8): 0.6942648518349587, (7, 7): 0.6942648518349587, (7, 6): 0.6942648518349587, (7, 4): 0.7385414977888491, (7, 3): 0.6942648518349587, (7, 2): 0.6942648518349587, (7, 1): 0.6942648518349587, (8, 11): 0.7385414977888491, (8, 10): 0.6942648518349587, (8, 9): 0.6942648518349587, (8, 8): 0.6942648518349587, (8, 7): 0.6942648518349587, (8, 6): 0.6942648518349587, (8, 5): 0.6942648518349587, (8, 4): 0.6942648518349587, (8, 3): 0.6942648518349587, (8, 2): 0.6942648518349587, (8, 1): 0.6942648518349587, (9, 11): 0.7385414977888491, (9, 10): 0.6942648518349587, (9, 9): 0.6942648518349587, (9, 8): 0.6942648518349587, (9, 7): 0.6942648518349587, (9, 6): 0.6942648518349587, (9, 4): 0.721963864996372, (9, 3): 0.6942648518349587, (9, 2): 0.6942648518349587, (9, 1): 0.6942648518349587, (10, 11): 0.7385414977888491, (10, 10): 0.6942648518349587, (10, 9): 0.6942648518349587, (10, 8): 0.6942648518349587, (10, 7): 0.6942648518349587, (10, 6): 0.6942648518349587, (10, 4): 0.721963864996372, (10, 3): 0.6942648518349587, (10, 2): 0.6942648518349587, (10, 1): 0.6942648518349587, (11, 11): 0.0, (11, 10): 0.6942648518349587, (11, 9): 0.6942648518349587, (11, 8): 0.6942648518349587, (11, 7): 0.6942648518349587, (11, 6): 0.6942648518349587, (11, 4): 0.721963864996372, (11, 3): 0.6942648518349587, (11, 2): 0.6942648518349587, (11, 1): 0.6942648518349587}"
"(<Abstr_type.PI_STAR: 3>, 0.0)",1,"{(1, 11): 0.7941577561033065, (1, 10): 0.7941577561033065, (1, 9): 0.7941577561033065, (1, 8): 0.9053799577902657, (1, 7): 0.8730808681412886, (1, 5): 0.9053799577902657, (1, 4): 0.8730808681412886, (1, 3): 0.8730808681412886, (1, 2): 0.8730808681412886, (1, 1): 0.8730808681412886, (2, 11): 0.7941577561033065, (2, 10): 0.7941577561033065, (2, 9): 0.7941577561033065, (2, 8): 0.9053799577902657, (2, 7): 0.8730808681412886, (2, 5): 0.9053799577902657, (2, 4): 0.8730808681412886, (2, 3): 0.8730808681412886, (2, 2): 0.8730808681412886, (2, 1): 0.8730808681412886, (3, 11): 0.7941577561033065, (3, 10): 0.7941577561033065, (3, 9): 0.7941577561033065, (3, 8): 0.9053799577902657, (3, 7): 0.8730808681412886, (3, 6): 0.8730808681412886, (3, 5): 0.8730808681412886, (3, 4): 0.8730808681412886, (3, 3): 0.8730808681412886, (3, 2): 0.8730808681412886, (3, 1): 0.8730808681412886, (4, 11): 0.7941577561033065, (4, 10): 0.7941577561033065, (4, 9): 0.7941577561033065, (4, 8): 0.9053799577902657, (4, 7): 0.8730808681412886, (4, 5): 0.768801328041236, (4, 4): 0.8730808681412886, (4, 3): 0.9053799577902657, (4, 2): 0.8730808681412886, (4, 1): 0.8730808681412886, (5, 11): 0.7941577561033065, (5, 10): 0.7941577561033065, (5, 9): 0.7941577561033065, (5, 8): 0.9053799577902657, (5, 7): 0.8730808681412886, (5, 5): 0.7941577561033065, (5, 4): 0.7941577561033065, (5, 3): 0.9053799577902657, (5, 2): 0.8730808681412886, (5, 1): 0.8730808681412886, (6, 8): 0.9053799577902657, (6, 3): 0.9053799577902657, (7, 11): 0.9053799577902657, (7, 10): 0.8730808681412886, (7, 9): 0.8730808681412886, (7, 8): 0.8730808681412886, (7, 7): 0.8730808681412886, (7, 6): 0.8730808681412886, (7, 4): 0.9053799577902657, (7, 3): 0.8730808681412886, (7, 2): 0.8730808681412886, (7, 1): 0.8730808681412886, (8, 11): 0.9053799577902657, (8, 10): 0.8730808681412886, (8, 9): 0.8730808681412886, (8, 8): 0.8730808681412886, (8, 7): 0.8730808681412886, (8, 6): 0.8730808681412886, (8, 5): 0.8730808681412886, (8, 4): 0.8730808681412886, (8, 3): 0.8730808681412886, (8, 2): 0.8730808681412886, (8, 1): 0.8730808681412886, (9, 11): 0.9053799577902657, (9, 10): 0.8730808681412886, (9, 9): 0.8730808681412886, (9, 8): 0.8730808681412886, (9, 7): 0.8730808681412886, (9, 6): 0.8730808681412886, (9, 4): 0.768801328041236, (9, 3): 0.8730808681412886, (9, 2): 0.8730808681412886, (9, 1): 0.8730808681412886, (10, 11): 0.9053799577902657, (10, 10): 0.8730808681412886, (10, 9): 0.8730808681412886, (10, 8): 0.8730808681412886, (10, 7): 0.8730808681412886, (10, 6): 0.8730808681412886, (10, 4): 0.768801328041236, (10, 3): 0.8730808681412886, (10, 2): 0.8730808681412886, (10, 1): 0.8730808681412886, (11, 11): 0.0, (11, 10): 0.8730808681412886, (11, 9): 0.8730808681412886, (11, 8): 0.8730808681412886, (11, 7): 0.8730808681412886, (11, 6): 0.8730808681412886, (11, 4): 0.768801328041236, (11, 3): 0.8730808681412886, (11, 2): 0.8730808681412886, (11, 1): 0.8730808681412886}"
"(<Abstr_type.PI_STAR: 3>, 0.0)",2,"{(1, 11): 0.8261153361432138, (1, 10): 0.8261153361432138, (1, 9): 0.8261153361432138, (1, 8): 0.9247386429404321, (1, 7): 0.8737086905530576, (1, 5): 0.9247386429404321, (1, 4): 0.8737086905530576, (1, 3): 0.8737086905530576, (1, 2): 0.8737086905530576, (1, 1): 0.8737086905530576, (2, 11): 0.8261153361432138, (2, 10): 0.8261153361432138, (2, 9): 0.8261153361432138, (2, 8): 0.9247386429404321, (2, 7): 0.8737086905530576, (2, 5): 0.9247386429404321, (2, 4): 0.8737086905530576, (2, 3): 0.8737086905530576, (2, 2): 0.8737086905530576, (2, 1): 0.8737086905530576, (3, 11): 0.8261153361432138, (3, 10): 0.8261153361432138, (3, 9): 0.8261153361432138, (3, 8): 0.9247386429404321, (3, 7): 0.8737086905530576, (3, 6): 0.8737086905530576, (3, 5): 0.8737086905530576, (3, 4): 0.8737086905530576, (3, 3): 0.8737086905530576, (3, 2): 0.8737086905530576, (3, 1): 0.8737086905530576, (4, 11): 0.8261153361432138, (4, 10): 0.8261153361432138, (4, 9): 0.8261153361432138, (4, 8): 0.9247386429404321, (4, 7): 0.8737086905530576, (4, 5): 0.843441542626962, (4, 4): 0.8737086905530576, (4, 3): 0.9247386429404321, (4, 2): 0.8737086905530576, (4, 1): 0.8737086905530576, (5, 11): 0.8261153361432138, (5, 10): 0.8261153361432138, (5, 9): 0.8261153361432138, (5, 8): 0.9247386429404321, (5, 7): 0.8737086905530576, (5, 5): 0.8261153361432138, (5, 4): 0.8261153361432138, (5, 3): 0.9247386429404321, (5, 2): 0.8737086905530576, (5, 1): 0.8737086905530576, (6, 8): 0.9247386429404321, (6, 3): 0.9247386429404321, (7, 11): 0.9247386429404321, (7, 10): 0.8737086905530576, (7, 9): 0.8737086905530576, (7, 8): 0.8737086905530576, (7, 7): 0.8737086905530576, (7, 6): 0.8737086905530576, (7, 4): 0.9247386429404321, (7, 3): 0.8737086905530576, (7, 2): 0.8737086905530576, (7, 1): 0.8737086905530576, (8, 11): 0.9247386429404321, (8, 10): 0.8737086905530576, (8, 9): 0.8737086905530576, (8, 8): 0.8737086905530576, (8, 7): 0.8737086905530576, (8, 6): 0.8737086905530576, (8, 5): 0.8737086905530576, (8, 4): 0.8737086905530576, (8, 3): 0.8737086905530576, (8, 2): 0.8737086905530576, (8, 1): 0.8737086905530576, (9, 11): 0.9247386429404321, (9, 10): 0.8737086905530576, (9, 9): 0.8737086905530576, (9, 8): 0.8737086905530576, (9, 7): 0.8737086905530576, (9, 6): 0.8737086905530576, (9, 4): 0.843441542626962, (9, 3): 0.8737086905530576, (9, 2): 0.8737086905530576, (9, 1): 0.8737086905530576, (10, 11): 0.9247386429404321, (10, 10): 0.8737086905530576, (10, 9): 0.8737086905530576, (10, 8): 0.8737086905530576, (10, 7): 0.8737086905530576, (10, 6): 0.8737086905530576, (10, 4): 0.843441542626962, (10, 3): 0.8737086905530576, (10, 2): 0.8737086905530576, (10, 1): 0.8737086905530576, (11, 11): 0.0, (11, 10): 0.8737086905530576, (11, 9): 0.8737086905530576, (11, 8): 0.8737086905530576, (11, 7): 0.8737086905530576, (11, 6): 0.8737086905530576, (11, 4): 0.843441542626962, (11, 3): 0.8737086905530576, (11, 2): 0.8737086905530576, (11, 1): 0.8737086905530576}"
"(<Abstr_type.PI_STAR: 3>, 0.0)",3,"{(1, 11): 0.9205084055070549, (1, 10): 0.9205084055070549, (1, 9): 0.9205084055070549, (1, 8): 0.9433795674390006, (1, 7): 0.8167762677648547, (1, 5): 0.9433795674390006, (1, 4): 0.8167762677648547, (1, 3): 0.8167762677648547, (1, 2): 0.8167762677648547, (1, 1): 0.8167762677648547, (2, 11): 0.9205084055070549, (2, 10): 0.9205084055070549, (2, 9): 0.9205084055070549, (2, 8): 0.9433795674390006, (2, 7): 0.8167762677648547, (2, 5): 0.9433795674390006, (2, 4): 0.8167762677648547, (2, 3): 0.8167762677648547, (2, 2): 0.8167762677648547, (2, 1): 0.8167762677648547, (3, 11): 0.9205084055070549, (3, 10): 0.9205084055070549, (3, 9): 0.9205084055070549, (3, 8): 0.9433795674390006, (3, 7): 0.8167762677648547, (3, 6): 0.8167762677648547, (3, 5): 0.8167762677648547, (3, 4): 0.8167762677648547, (3, 3): 0.8167762677648547, (3, 2): 0.8167762677648547, (3, 1): 0.8167762677648547, (4, 11): 0.9205084055070549, (4, 10): 0.9205084055070549, (4, 9): 0.9205084055070549, (4, 8): 0.9433795674390006, (4, 7): 0.8167762677648547, (4, 5): 0.8147395928825046, (4, 4): 0.8167762677648547, (4, 3): 0.9433795674390006, (4, 2): 0.8167762677648547, (4, 1): 0.8167762677648547, (5, 11): 0.9205084055070549, (5, 10): 0.9205084055070549, (5, 9): 0.9205084055070549, (5, 8): 0.9433795674390006, (5, 7): 0.8167762677648547, (5, 5): 0.9205084055070549, (5, 4): 0.9205084055070549, (5, 3): 0.9433795674390006, (5, 2): 0.8167762677648547, (5, 1): 0.8167762677648547, (6, 8): 0.9433795674390006, (6, 3): 0.9433795674390006, (7, 11): 0.9433795674390006, (7, 10): 0.8167762677648547, (7, 9): 0.8167762677648547, (7, 8): 0.8167762677648547, (7, 7): 0.8167762677648547, (7, 6): 0.8167762677648547, (7, 4): 0.9433795674390006, (7, 3): 0.8167762677648547, (7, 2): 0.8167762677648547, (7, 1): 0.8167762677648547, (8, 11): 0.9433795674390006, (8, 10): 0.8167762677648547, (8, 9): 0.8167762677648547, (8, 8): 0.8167762677648547, (8, 7): 0.8167762677648547, (8, 6): 0.8167762677648547, (8, 5): 0.8167762677648547, (8, 4): 0.8167762677648547, (8, 3): 0.8167762677648547, (8, 2): 0.8167762677648547, (8, 1): 0.8167762677648547, (9, 11): 0.9433795674390006, (9, 10): 0.8167762677648547, (9, 9): 0.8167762677648547, (9, 8): 0.8167762677648547, (9, 7): 0.8167762677648547, (9, 6): 0.8167762677648547, (9, 4): 0.8147395928825046, (9, 3): 0.8167762677648547, (9, 2): 0.8167762677648547, (9, 1): 0.8167762677648547, (10, 11): 0.9433795674390006, (10, 10): 0.8167762677648547, (10, 9): 0.8167762677648547, (10, 8): 0.8167762677648547, (10, 7): 0.8167762677648547, (10, 6): 0.8167762677648547, (10, 4): 0.8147395928825046, (10, 3): 0.8167762677648547, (10, 2): 0.8167762677648547, (10, 1): 0.8167762677648547, (11, 11): 0.0, (11, 10): 0.8167762677648547, (11, 9): 0.8167762677648547, (11, 8): 0.8167762677648547, (11, 7): 0.8167762677648547, (11, 6): 0.8167762677648547, (11, 4): 0.8147395928825046, (11, 3): 0.8167762677648547, (11, 2): 0.8167762677648547, (11, 1): 0.8167762677648547}"
"(<Abstr_type.PI_STAR: 3>, 0.0)",4,"{(1, 11): 0.7600463615480005, (1, 10): 0.7600463615480005, (1, 9): 0.7600463615480005, (1, 8): 0.8958983777542683, (1, 7): 0.8343041233084396, (1, 5): 0.8958983777542683, (1, 4): 0.8343041233084396, (1, 3): 0.8343041233084396, (1, 2): 0.8343041233084396, (1, 1): 0.8343041233084396, (2, 11): 0.7600463615480005, (2, 10): 0.7600463615480005, (2, 9): 0.7600463615480005, (2, 8): 0.8958983777542683, (2, 7): 0.8343041233084396, (2, 5): 0.8958983777542683, (2, 4): 0.8343041233084396, (2, 3): 0.8343041233084396, (2, 2): 0.8343041233084396, (2, 1): 0.8343041233084396, (3, 11): 0.7600463615480005, (3, 10): 0.7600463615480005, (3, 9): 0.7600463615480005, (3, 8): 0.8958983777542683, (3, 7): 0.8343041233084396, (3, 6): 0.8343041233084396, (3, 5): 0.8343041233084396, (3, 4): 0.8343041233084396, (3, 3): 0.8343041233084396, (3, 2): 0.8343041233084396, (3, 1): 0.8343041233084396, (4, 11): 0.7600463615480005, (4, 10): 0.7600463615480005, (4, 9): 0.7600463615480005, (4, 8): 0.8958983777542683, (4, 7): 0.8343041233084396, (4, 5): 0.7321163237842316, (4, 4): 0.8343041233084396, (4, 3): 0.8958983777542683, (4, 2): 0.8343041233084396, (4, 1): 0.8343041233084396, (5, 11): 0.7600463615480005, (5, 10): 0.7600463615480005, (5, 9): 0.7600463615480005, (5, 8): 0.8958983777542683, (5, 7): 0.8343041233084396, (5, 5): 0.7600463615480005, (5, 4): 0.7600463615480005, (5, 3): 0.8958983777542683, (5, 2): 0.8343041233084396, (5, 1): 0.8343041233084396, (6, 8): 0.8958983777542683, (6, 3): 0.8958983777542683, (7, 11): 0.8958983777542683, (7, 10): 0.8343041233084396, (7, 9): 0.8343041233084396, (7, 8): 0.8343041233084396, (7, 7): 0.8343041233084396, (7, 6): 0.8343041233084396, (7, 4): 0.8958983777542683, (7, 3): 0.8343041233084396, (7, 2): 0.8343041233084396, (7, 1): 0.8343041233084396, (8, 11): 0.8958983777542683, (8, 10): 0.8343041233084396, (8, 9): 0.8343041233084396, (8, 8): 0.8343041233084396, (8, 7): 0.8343041233084396, (8, 6): 0.8343041233084396, (8, 5): 0.8343041233084396, (8, 4): 0.8343041233084396, (8, 3): 0.8343041233084396, (8, 2): 0.8343041233084396, (8, 1): 0.8343041233084396, (9, 11): 0.8958983777542683, (9, 10): 0.8343041233084396, (9, 9): 0.8343041233084396, (9, 8): 0.8343041233084396, (9, 7): 0.8343041233084396, (9, 6): 0.8343041233084396, (9, 4): 0.7321163237842316, (9, 3): 0.8343041233084396, (9, 2): 0.8343041233084396, (9, 1): 0.8343041233084396, (10, 11): 0.8958983777542683, (10, 10): 0.8343041233084396, (10, 9): 0.8343041233084396, (10, 8): 0.8343041233084396, (10, 7): 0.8343041233084396, (10, 6): 0.8343041233084396, (10, 4): 0.7321163237842316, (10, 3): 0.8343041233084396, (10, 2): 0.8343041233084396, (10, 1): 0.8343041233084396, (11, 11): 0.0, (11, 10): 0.8343041233084396, (11, 9): 0.8343041233084396, (11, 8): 0.8343041233084396, (11, 7): 0.8343041233084396, (11, 6): 0.8343041233084396, (11, 4): 0.7321163237842316, (11, 3): 0.8343041233084396, (11, 2): 0.8343041233084396, (11, 1): 0.8343041233084396}"
"(<Abstr_type.PI_STAR: 3>, 0.0)",5,"{(1, 11): 0.719743529690841, (1, 10): 0.719743529690841, (1, 9): 0.719743529690841, (1, 8): 0.9143195607045312, (1, 7): 0.848191164640421, (1, 5): 0.9143195607045312, (1, 4): 0.848191164640421, (1, 3): 0.848191164640421, (1, 2): 0.848191164640421, (1, 1): 0.848191164640421, (2, 11): 0.719743529690841, (2, 10): 0.719743529690841, (2, 9): 0.719743529690841, (2, 8): 0.9143195607045312, (2, 7): 0.848191164640421, (2, 5): 0.9143195607045312, (2, 4): 0.848191164640421, (2, 3): 0.848191164640421, (2, 2): 0.848191164640421, (2, 1): 0.848191164640421, (3, 11): 0.719743529690841, (3, 10): 0.719743529690841, (3, 9): 0.719743529690841, (3, 8): 0.9143195607045312, (3, 7): 0.848191164640421, (3, 6): 0.848191164640421, (3, 5): 0.848191164640421, (3, 4): 0.848191164640421, (3, 3): 0.848191164640421, (3, 2): 0.848191164640421, (3, 1): 0.848191164640421, (4, 11): 0.719743529690841, (4, 10): 0.719743529690841, (4, 9): 0.719743529690841, (4, 8): 0.9143195607045312, (4, 7): 0.848191164640421, (4, 5): 0.6386618690296927, (4, 4): 0.848191164640421, (4, 3): 0.9143195607045312, (4, 2): 0.848191164640421, (4, 1): 0.848191164640421, (5, 11): 0.719743529690841, (5, 10): 0.719743529690841, (5, 9): 0.719743529690841, (5, 8): 0.9143195607045312, (5, 7): 0.848191164640421, (5, 5): 0.719743529690841, (5, 4): 0.719743529690841, (5, 3): 0.9143195607045312, (5, 2): 0.848191164640421, (5, 1): 0.848191164640421, (6, 8): 0.9143195607045312, (6, 3): 0.9143195607045312, (7, 11): 0.9143195607045312, (7, 10): 0.848191164640421, (7, 9): 0.848191164640421, (7, 8): 0.848191164640421, (7, 7): 0.848191164640421, (7, 6): 0.848191164640421, (7, 4): 0.9143195607045312, (7, 3): 0.848191164640421, (7, 2): 0.848191164640421, (7, 1): 0.848191164640421, (8, 11): 0.9143195607045312, (8, 10): 0.848191164640421, (8, 9): 0.848191164640421, (8, 8): 0.848191164640421, (8, 7): 0.848191164640421, (8, 6): 0.848191164640421, (8, 5): 0.848191164640421, (8, 4): 0.848191164640421, (8, 3): 0.848191164640421, (8, 2): 0.848191164640421, (8, 1): 0.848191164640421, (9, 11): 0.9143195607045312, (9, 10): 0.848191164640421, (9, 9): 0.848191164640421, (9, 8): 0.848191164640421, (9, 7): 0.848191164640421, (9, 6): 0.848191164640421, (9, 4): 0.6386618690296927, (9, 3): 0.848191164640421, (9, 2): 0.848191164640421, (9, 1): 0.848191164640421, (10, 11): 0.9143195607045312, (10, 10): 0.848191164640421, (10, 9): 0.848191164640421, (10, 8): 0.848191164640421, (10, 7): 0.848191164640421, (10, 6): 0.848191164640421, (10, 4): 0.6386618690296927, (10, 3): 0.848191164640421, (10, 2): 0.848191164640421, (10, 1): 0.848191164640421, (11, 11): 0.0, (11, 10): 0.848191164640421, (11, 9): 0.848191164640421, (11, 8): 0.848191164640421, (11, 7): 0.848191164640421, (11, 6): 0.848191164640421, (11, 4): 0.6386618690296927, (11, 3): 0.848191164640421, (11, 2): 0.848191164640421, (11, 1): 0.848191164640421}"
"(<Abstr_type.PI_STAR: 3>, 0.0)",6,"{(1, 11): 0.8356362432969157, (1, 10): 0.8356362432969157, (1, 9): 0.8356362432969157, (1, 8): 0.9332460180341778, (1, 7): 0.8351703946987836, (1, 5): 0.9332460180341778, (1, 4): 0.8351703946987836, (1, 3): 0.8351703946987836, (1, 2): 0.8351703946987836, (1, 1): 0.8351703946987836, (2, 11): 0.8356362432969157, (2, 10): 0.8356362432969157, (2, 9): 0.8356362432969157, (2, 8): 0.9332460180341778, (2, 7): 0.8351703946987836, (2, 5): 0.9332460180341778, (2, 4): 0.8351703946987836, (2, 3): 0.8351703946987836, (2, 2): 0.8351703946987836, (2, 1): 0.8351703946987836, (3, 11): 0.8356362432969157, (3, 10): 0.8356362432969157, (3, 9): 0.8356362432969157, (3, 8): 0.9332460180341778, (3, 7): 0.8351703946987836, (3, 6): 0.8351703946987836, (3, 5): 0.8351703946987836, (3, 4): 0.8351703946987836, (3, 3): 0.8351703946987836, (3, 2): 0.8351703946987836, (3, 1): 0.8351703946987836, (4, 11): 0.8356362432969157, (4, 10): 0.8356362432969157, (4, 9): 0.8356362432969157, (4, 8): 0.9332460180341778, (4, 7): 0.8351703946987836, (4, 5): 0.7269157949318584, (4, 4): 0.8351703946987836, (4, 3): 0.9332460180341778, (4, 2): 0.8351703946987836, (4, 1): 0.8351703946987836, (5, 11): 0.8356362432969157, (5, 10): 0.8356362432969157, (5, 9): 0.8356362432969157, (5, 8): 0.9332460180341778, (5, 7): 0.8351703946987836, (5, 5): 0.8356362432969157, (5, 4): 0.8356362432969157, (5, 3): 0.9332460180341778, (5, 2): 0.8351703946987836, (5, 1): 0.8351703946987836, (6, 8): 0.9332460180341778, (6, 3): 0.9332460180341778, (7, 11): 0.9332460180341778, (7, 10): 0.8351703946987836, (7, 9): 0.8351703946987836, (7, 8): 0.8351703946987836, (7, 7): 0.8351703946987836, (7, 6): 0.8351703946987836, (7, 4): 0.9332460180341778, (7, 3): 0.8351703946987836, (7, 2): 0.8351703946987836, (7, 1): 0.8351703946987836, (8, 11): 0.9332460180341778, (8, 10): 0.8351703946987836, (8, 9): 0.8351703946987836, (8, 8): 0.8351703946987836, (8, 7): 0.8351703946987836, (8, 6): 0.8351703946987836, (8, 5): 0.8351703946987836, (8, 4): 0.8351703946987836, (8, 3): 0.8351703946987836, (8, 2): 0.8351703946987836, (8, 1): 0.8351703946987836, (9, 11): 0.9332460180341778, (9, 10): 0.8351703946987836, (9, 9): 0.8351703946987836, (9, 8): 0.8351703946987836, (9, 7): 0.8351703946987836, (9, 6): 0.8351703946987836, (9, 4): 0.7269157949318584, (9, 3): 0.8351703946987836, (9, 2): 0.8351703946987836, (9, 1): 0.8351703946987836, (10, 11): 0.9332460180341778, (10, 10): 0.8351703946987836, (10, 9): 0.8351703946987836, (10, 8): 0.8351703946987836, (10, 7): 0.8351703946987836, (10, 6): 0.8351703946987836, (10, 4): 0.7269157949318584, (10, 3): 0.8351703946987836, (10, 2): 0.8351703946987836, (10, 1): 0.8351703946987836, (11, 11): 0.0, (11, 10): 0.8351703946987836, (11, 9): 0.8351703946987836, (11, 8): 0.8351703946987836, (11, 7): 0.8351703946987836, (11, 6): 0.8351703946987836, (11, 4): 0.7269157949318584, (11, 3): 0.8351703946987836, (11, 2): 0.8351703946987836, (11, 1): 0.8351703946987836}"
"(<Abstr_type.PI_STAR: 3>, 0.0)",7,"{(1, 11): 0.8525371264713677, (1, 10): 0.8525371264713677, (1, 9): 0.8525371264713677, (1, 8): 0.8988289813892228, (1, 7): 0.8692678166194808, (1, 5): 0.8988289813892228, (1, 4): 0.8692678166194808, (1, 3): 0.8692678166194808, (1, 2): 0.8692678166194808, (1, 1): 0.8692678166194808, (2, 11): 0.8525371264713677, (2, 10): 0.8525371264713677, (2, 9): 0.8525371264713677, (2, 8): 0.8988289813892228, (2, 7): 0.8692678166194808, (2, 5): 0.8988289813892228, (2, 4): 0.8692678166194808, (2, 3): 0.8692678166194808, (2, 2): 0.8692678166194808, (2, 1): 0.8692678166194808, (3, 11): 0.8525371264713677, (3, 10): 0.8525371264713677, (3, 9): 0.8525371264713677, (3, 8): 0.8988289813892228, (3, 7): 0.8692678166194808, (3, 6): 0.8692678166194808, (3, 5): 0.8692678166194808, (3, 4): 0.8692678166194808, (3, 3): 0.8692678166194808, (3, 2): 0.8692678166194808, (3, 1): 0.8692678166194808, (4, 11): 0.8525371264713677, (4, 10): 0.8525371264713677, (4, 9): 0.8525371264713677, (4, 8): 0.8988289813892228, (4, 7): 0.8692678166194808, (4, 5): 0.8395750664613358, (4, 4): 0.8692678166194808, (4, 3): 0.8988289813892228, (4, 2): 0.8692678166194808, (4, 1): 0.8692678166194808, (5, 11): 0.8525371264713677, (5, 10): 0.8525371264713677, (5, 9): 0.8525371264713677, (5, 8): 0.8988289813892228, (5, 7): 0.8692678166194808, (5, 5): 0.8525371264713677, (5, 4): 0.8525371264713677, (5, 3): 0.8988289813892228, (5, 2): 0.8692678166194808, (5, 1): 0.8692678166194808, (6, 8): 0.8988289813892228, (6, 3): 0.8988289813892228, (7, 11): 0.8988289813892228, (7, 10): 0.8692678166194808, (7, 9): 0.8692678166194808, (7, 8): 0.8692678166194808, (7, 7): 0.8692678166194808, (7, 6): 0.8692678166194808, (7, 4): 0.8988289813892228, (7, 3): 0.8692678166194808, (7, 2): 0.8692678166194808, (7, 1): 0.8692678166194808, (8, 11): 0.8988289813892228, (8, 10): 0.8692678166194808, (8, 9): 0.8692678166194808, (8, 8): 0.8692678166194808, (8, 7): 0.8692678166194808, (8, 6): 0.8692678166194808, (8, 5): 0.8692678166194808, (8, 4): 0.8692678166194808, (8, 3): 0.8692678166194808, (8, 2): 0.8692678166194808, (8, 1): 0.8692678166194808, (9, 11): 0.8988289813892228, (9, 10): 0.8692678166194808, (9, 9): 0.8692678166194808, (9, 8): 0.8692678166194808, (9, 7): 0.8692678166194808, (9, 6): 0.8692678166194808, (9, 4): 0.8395750664613358, (9, 3): 0.8692678166194808, (9, 2): 0.8692678166194808, (9, 1): 0.8692678166194808, (10, 11): 0.8988289813892228, (10, 10): 0.8692678166194808, (10, 9): 0.8692678166194808, (10, 8): 0.8692678166194808, (10, 7): 0.8692678166194808, (10, 6): 0.8692678166194808, (10, 4): 0.8395750664613358, (10, 3): 0.8692678166194808, (10, 2): 0.8692678166194808, (10, 1): 0.8692678166194808, (11, 11): 0.0, (11, 10): 0.8692678166194808, (11, 9): 0.8692678166194808, (11, 8): 0.8692678166194808, (11, 7): 0.8692678166194808, (11, 6): 0.8692678166194808, (11, 4): 0.8395750664613358, (11, 3): 0.8692678166194808, (11, 2): 0.8692678166194808, (11, 1): 0.8692678166194808}"
"(<Abstr_type.PI_STAR: 3>, 0.0)",8,"{(1, 11): 0.9053332092689894, (1, 10): 0.9053332092689894, (1, 9): 0.9053332092689894, (1, 8): 0.9307879302974923, (1, 7): 0.8953459888728319, (1, 5): 0.9307879302974923, (1, 4): 0.8953459888728319, (1, 3): 0.8953459888728319, (1, 2): 0.8953459888728319, (1, 1): 0.8953459888728319, (2, 11): 0.9053332092689894, (2, 10): 0.9053332092689894, (2, 9): 0.9053332092689894, (2, 8): 0.9307879302974923, (2, 7): 0.8953459888728319, (2, 5): 0.9307879302974923, (2, 4): 0.8953459888728319, (2, 3): 0.8953459888728319, (2, 2): 0.8953459888728319, (2, 1): 0.8953459888728319, (3, 11): 0.9053332092689894, (3, 10): 0.9053332092689894, (3, 9): 0.9053332092689894, (3, 8): 0.9307879302974923, (3, 7): 0.8953459888728319, (3, 6): 0.8953459888728319, (3, 5): 0.8953459888728319, (3, 4): 0.8953459888728319, (3, 3): 0.8953459888728319, (3, 2): 0.8953459888728319, (3, 1): 0.8953459888728319, (4, 11): 0.9053332092689894, (4, 10): 0.9053332092689894, (4, 9): 0.9053332092689894, (4, 8): 0.9307879302974923, (4, 7): 0.8953459888728319, (4, 5): 0.8695418189981368, (4, 4): 0.8953459888728319, (4, 3): 0.9307879302974923, (4, 2): 0.8953459888728319, (4, 1): 0.8953459888728319, (5, 11): 0.9053332092689894, (5, 10): 0.9053332092689894, (5, 9): 0.9053332092689894, (5, 8): 0.9307879302974923, (5, 7): 0.8953459888728319, (5, 5): 0.9053332092689894, (5, 4): 0.9053332092689894, (5, 3): 0.9307879302974923, (5, 2): 0.8953459888728319, (5, 1): 0.8953459888728319, (6, 8): 0.9307879302974923, (6, 3): 0.9307879302974923, (7, 11): 0.9307879302974923, (7, 10): 0.8953459888728319, (7, 9): 0.8953459888728319, (7, 8): 0.8953459888728319, (7, 7): 0.8953459888728319, (7, 6): 0.8953459888728319, (7, 4): 0.9307879302974923, (7, 3): 0.8953459888728319, (7, 2): 0.8953459888728319, (7, 1): 0.8953459888728319, (8, 11): 0.9307879302974923, (8, 10): 0.8953459888728319, (8, 9): 0.8953459888728319, (8, 8): 0.8953459888728319, (8, 7): 0.8953459888728319, (8, 6): 0.8953459888728319, (8, 5): 0.8953459888728319, (8, 4): 0.8953459888728319, (8, 3): 0.8953459888728319, (8, 2): 0.8953459888728319, (8, 1): 0.8953459888728319, (9, 11): 0.9307879302974923, (9, 10): 0.8953459888728319, (9, 9): 0.8953459888728319, (9, 8): 0.8953459888728319, (9, 7): 0.8953459888728319, (9, 6): 0.8953459888728319, (9, 4): 0.8695418189981368, (9, 3): 0.8953459888728319, (9, 2): 0.8953459888728319, (9, 1): 0.8953459888728319, (10, 11): 0.9307879302974923, (10, 10): 0.8953459888728319, (10, 9): 0.8953459888728319, (10, 8): 0.8953459888728319, (10, 7): 0.8953459888728319, (10, 6): 0.8953459888728319, (10, 4): 0.8695418189981368, (10, 3): 0.8953459888728319, (10, 2): 0.8953459888728319, (10, 1): 0.8953459888728319, (11, 11): 0.0, (11, 10): 0.8953459888728319, (11, 9): 0.8953459888728319, (11, 8): 0.8953459888728319, (11, 7): 0.8953459888728319, (11, 6): 0.8953459888728319, (11, 4): 0.8695418189981368, (11, 3): 0.8953459888728319, (11, 2): 0.8953459888728319, (11, 1): 0.8953459888728319}"
"(<Abstr_type.PI_STAR: 3>, 0.0)",9,"{(1, 11): 0.8204029149836108, (1, 10): 0.8204029149836108, (1, 9): 0.8204029149836108, (1, 8): 0.9041627388180751, (1, 7): 0.7855674365015549, (1, 5): 0.9041627388180751, (1, 4): 0.7855674365015549, (1, 3): 0.7855674365015549, (1, 2): 0.7855674365015549, (1, 1): 0.7855674365015549, (2, 11): 0.8204029149836108, (2, 10): 0.8204029149836108, (2, 9): 0.8204029149836108, (2, 8): 0.9041627388180751, (2, 7): 0.7855674365015549, (2, 5): 0.9041627388180751, (2, 4): 0.7855674365015549, (2, 3): 0.7855674365015549, (2, 2): 0.7855674365015549, (2, 1): 0.7855674365015549, (3, 11): 0.8204029149836108, (3, 10): 0.8204029149836108, (3, 9): 0.8204029149836108, (3, 8): 0.9041627388180751, (3, 7): 0.7855674365015549, (3, 6): 0.7855674365015549, (3, 5): 0.7855674365015549, (3, 4): 0.7855674365015549, (3, 3): 0.7855674365015549, (3, 2): 0.7855674365015549, (3, 1): 0.7855674365015549, (4, 11): 0.8204029149836108, (4, 10): 0.8204029149836108, (4, 9): 0.8204029149836108, (4, 8): 0.9041627388180751, (4, 7): 0.7855674365015549, (4, 5): 0.754553674106038, (4, 4): 0.7855674365015549, (4, 3): 0.9041627388180751, (4, 2): 0.7855674365015549, (4, 1): 0.7855674365015549, (5, 11): 0.8204029149836108, (5, 10): 0.8204029149836108, (5, 9): 0.8204029149836108, (5, 8): 0.9041627388180751, (5, 7): 0.7855674365015549, (5, 5): 0.8204029149836108, (5, 4): 0.8204029149836108, (5, 3): 0.9041627388180751, (5, 2): 0.7855674365015549, (5, 1): 0.7855674365015549, (6, 8): 0.9041627388180751, (6, 3): 0.9041627388180751, (7, 11): 0.9041627388180751, (7, 10): 0.7855674365015549, (7, 9): 0.7855674365015549, (7, 8): 0.7855674365015549, (7, 7): 0.7855674365015549, (7, 6): 0.7855674365015549, (7, 4): 0.9041627388180751, (7, 3): 0.7855674365015549, (7, 2): 0.7855674365015549, (7, 1): 0.7855674365015549, (8, 11): 0.9041627388180751, (8, 10): 0.7855674365015549, (8, 9): 0.7855674365015549, (8, 8): 0.7855674365015549, (8, 7): 0.7855674365015549, (8, 6): 0.7855674365015549, (8, 5): 0.7855674365015549, (8, 4): 0.7855674365015549, (8, 3): 0.7855674365015549, (8, 2): 0.7855674365015549, (8, 1): 0.7855674365015549, (9, 11): 0.9041627388180751, (9, 10): 0.7855674365015549, (9, 9): 0.7855674365015549, (9, 8): 0.7855674365015549, (9, 7): 0.7855674365015549, (9, 6): 0.7855674365015549, (9, 4): 0.754553674106038, (9, 3): 0.7855674365015549, (9, 2): 0.7855674365015549, (9, 1): 0.7855674365015549, (10, 11): 0.9041627388180751, (10, 10): 0.7855674365015549, (10, 9): 0.7855674365015549, (10, 8): 0.7855674365015549, (10, 7): 0.7855674365015549, (10, 6): 0.7855674365015549, (10, 4): 0.754553674106038, (10, 3): 0.7855674365015549, (10, 2): 0.7855674365015549, (10, 1): 0.7855674365015549, (11, 11): 0.0, (11, 10): 0.7855674365015549, (11, 9): 0.7855674365015549, (11, 8): 0.7855674365015549, (11, 7): 0.7855674365015549, (11, 6): 0.7855674365015549, (11, 4): 0.754553674106038, (11, 3): 0.7855674365015549, (11, 2): 0.7855674365015549, (11, 1): 0.7855674365015549}"
