"(<Abstr_type.A_STAR: 2>, 0.0, <Corr_type.UNI_RAND: 1>, 0.05, 0)",0.0006985306123535168,0.04013841123502308,0.02117261111892943,0.00016539041930695996,0.026442329313300993,0.00016246049446861255,0.007706071695490304,0.018661043304213743,0.06892243666950351,0.019039938071843426,0.09317615503395874,4.415019030639206e-18,3.0503797254033336e-20,3.5429614253689193e-19,4.973016027486422e-07,5.840590333789195e-07,0.0002006359183678487,0.003312755559318725,8.76773091760781e-11,6.080173426692866e-07,1.412863019333499e-05,2.6082738513917536e-05,6.648744632900598e-06,5.730101166055336e-05,6.013005467294112e-06,0.00940764388498063,0.019820963105550534,0.003541326722843863,0.005005048397719937,0.0022385251638676086,1.2415091724904627e-06,0.07247995204099188,8.202402155491524e-05,0.1679551288863446,0.0461071636637052,0.011065372534244116,0.018561686115397068,0.0011301997669315184,0.030535946461872337,0.004843530800923458,1.9529582427804465e-07,1.5335886545394236e-16,0.022587450994662108,0.1040681045300613,0.12723709721277418,9.928240891280272e-05,0.08772350036198218,0.12596472654552232,0.16032611790780918,0.13514580981205665,0.175504209064184,0.20737808308930328,0.2,0.19484867571441555,0.17906765085174328,0.18454893942082848,0.18829729620980837,0.1882979228294795,0.18830056801140022,0.2287560353059554,0.3571356282391596,0.20000000002788046,0.20267088895423183,0.2826693963252345,0.198,0.19672470825598193,0.18641306958139803,0.33514580981205666,0.3823558298802,0.3439600746776561,0.3900798,0.19405980000000353,0.32644806777701046,0.3109460831366035,0.37188229022664687,0.3403198969612653,0.31577808712499633,0.398,0.3610975838838451,0.39074326883412597,0.3980288862337704,0.3920598000004526,0.4117786974159518,0.398,0.21647443921416581,0.20000000000001278,0.1168052853850402,0.285526116642998,0.29801714924991307,0.3265223204169437,0.20318221977238687,0.39405980354107883,0.3710744249817609,0.3881392087372575,0.382548938885584,0.2244785487589997,0.38813920199999996,0.38813920199999996,0.39602,0.2350940915412159
"(<Abstr_type.PI_STAR: 3>, 0.0, <Corr_type.UNI_RAND: 1>, 0.05, 0)",0.08524195123567237,0.0053122389993036315,0.6658689786166109,0.7244762238372806,0.48520813399841156,0.7718103863032615,0.6866390897443011,0.6830936482745712,0.6996376969218516,0.721022046731822,0.5723129987224187,0.7125640584257568,0.6883728300898466,0.7713901415577492,0.8014321951917088,0.592594443927144,0.7147368970407806,0.5085349542776075,0.4721306128612925,0.8542992051653616,0.7389241165848088,0.6463484836109211,0.5046078196420887,0.6684096289182715,0.5503210899082891,0.7380354414940818,0.591836085804171,0.6700633540353745,0.7532928774482288,0.6571708327773721,0.5895060522081599,0.6360522287395325,0.44591470038481856,0.4413066143737673,0.452180413200766,0.33321624683812845,0.3663674995132181,0.4550659856616678,0.31046155521443064,0.5346484943984173,0.5021128424905417,0.3616824695240527,0.3788756708347675,0.5699238276735662,0.6115073330028145,0.7403829865196989,0.7176969423857561,0.8858968461345901,0.8273768056153511,0.7621293697315574,0.7171317399862327,0.6230503317154639,0.631552852820302,0.6922880647375546,0.6803456808789118,0.6254849036382917,0.7848056900707128,0.6793352956045016,0.4730681387815287,0.7464188539570819,0.8696819016417037,0.6601234453342607,0.7096366354872232,0.426312617748991,0.2633304035659204,0.5942425030214893,0.4145297774478604,0.4346444284700068,0.5050222909045969,0.5856206929852619,0.7641380676036894,0.5593336833101938,0.42650404513035395,0.37283632375685993,0.4012942215396684,0.5623485210323187,0.6793506010181752,0.6786226105418626,0.5201767041779902,0.782514942001468,0.4764285704590524,0.6978237982048112,0.6920270382524704,0.6661469082072695,0.4673467878247042,0.617037899376182,0.8386520639910648,0.5305034610513271,0.7904608935223155,0.8339093120656361,0.551694998249612,0.5884042636999847,0.37552489427310254,0.6917306657397676,0.7377271544016326,0.5697552516579054,0.7758149507130854,0.5978251251708511,0.6536003289128679,0.7235723947245118
"(<Abstr_type.Q_STAR: 1>, 0.0, <Corr_type.UNI_RAND: 1>, 0.05, 0)",0.06041116641387404,2.8151502523979557e-06,0.020727370407154073,0.09541557083177604,0.002017240354418192,1.4130977612670565e-05,0.030289612798519015,0.010313650300850694,6.03533123371854e-19,0.0,0.0,2.1310792465147808e-23,0.04384745387329447,1.9810526290517997e-11,5.887173501577813e-05,7.216863345135629e-17,0.004569441948990062,1.296149392585639e-09,2.3143822267265886e-06,0.04005540537149787,2.75142707473114e-27,0.0,2.865814203201688e-37,1.055656884705523e-24,0.0,0.0,2.038334717272099e-25,1.968514581954257e-05,3.9154865644348874e-28,3.262337250009435e-17,1.7467089053185396e-06,7.024780427382223e-20,6.834176699776506e-13,2.291238404459323e-06,1.2690124621007254e-08,0.08258993422677764,0.00060002932091052,4.2432839843137024e-09,0.0006568341457847136,0.052542517570983174,0.15400862916103103,0.007783910803525561,0.0028206714647196797,0.05868454430504318,0.07620942362090993,0.008870341108095332,0.04046000542575543,0.014809670513916823,0.00043500945865827145,0.010629352705558487,5.335480005402663e-07,0.0009917740556709411,2.390279172896144e-08,0.019232260678629726,0.16032611790780918,0.17550420459979357,0.18270344949672818,0.1940598,0.1720116709282577,0.19019800998,0.19602,0.19602,0.19602,0.19602,0.2,0.08426684443095363,0.19019800998,0.2,0.1882960298802,0.186413069581398,0.19602,5.77606905999091e-06,0.2,0.19602,0.19019800998,0.1940598,0.19602,0.20000000000000026,0.19211920200818072,0.192119202,0.2,0.20042208924272664,0.17906765085174328,0.16358138751944615,0.2,0.1940598,0.2,0.192119202,0.192119202,0.12852232041694364,0.1882960298802,0.1702915542189751,0.11859328928029989,0.06554455152199258,0.16358138766730831,0.18454893888558402,0.16358138751944615,0.13928264360993098,0.26440888253610517,0.19211920200109606
"(<Abstr_type.A_STAR: 2>, 0.0, <Corr_type.UNI_RAND: 1>, 0.05, 1)",0.002934320508951693,0.006035672529131704,0.10734901186922045,0.0708102137161842,0.0002685270500463929,0.00026055152813296497,0.0,0.0,1.4461403386597826e-27,4.962502439221309e-05,2.5241253135348116e-12,0.014083849301032316,9.214771769028284e-39,0.0,0.0004483251643650787,1.1386080144739048e-29,4.128170543463204e-21,0.0010748087327511731,1.1266229868004004e-19,0.00023328175034300968,1.3487339274364285e-37,2.1623411404904736e-27,3.3285759106309914e-17,7.32435508882941e-16,9.446678581850521e-15,0.003414159512177739,9.959856418279698e-27,0.002450446524172163,1.7657027933626306e-16,0.0,0.0002579460129070321,5.417965119532418e-12,1.2576524594764529e-09,0.04946773717877365,4.766960042731256e-05,0.0,1.9170346075227683e-08,1.1094764074164308e-33,2.355140558894771e-13,1.5387306212579594e-07,0.0022839793376144744,1.5540123433542373e-38,4.928498359764487e-08,1.15315293138979e-22,0.019622753477080403,0.0019841948402344496,2.0084930355516913e-24,4.3248609225092676e-08,4.50703499910584e-09,6.570896817568102e-21,2.5133183542870514e-35,8.502881760235029e-39,1.8030320322325779e-07,0.008606955147308451,1.3224664754487475e-09,0.057516721901253245,1.0938885737200029e-10,3.5560990758470366e-13,0.0015746853667212026,9.547125845066657e-06,2.2302553080357774e-09,9.161231607448497e-05,0.0006502658046236278,0.0018869495717868303,0.00029394852783138243,1.3410851910690687e-05,5.655137950156149e-05,0.011520028942380151,1.1555904653874392e-05,9.68726051155882e-10,7.742872708809033e-17,4.5649649025893504e-21,5.397973785035407e-37,0.027895113776731005,3.123855626264957e-14,0.0,0.02351400150886834,7.270484264696029e-05,7.932539623576952e-20,0.03276159394161767,0.004091196177545311,3.6434078614813244e-07,1.0335969989966123e-23,9.367045021279904e-07,6.203872703523219e-07,0.004324212778236427,0.0006437631462849834,1.4646137644510885e-20,0.19420779135361216,0.0,0.004569443371544081,0.0003060064009961716,3.09424629306401e-05,4.0395932160871884e-10,5.836274479703228e-15,2.1686641140674577e-12,2.201241682446758e-15,1.0776584418621288e-15,0.16032611790780918,0.19800000000101137
"(<Abstr_type.PI_STAR: 3>, 0.0, <Corr_type.UNI_RAND: 1>, 0.05, 1)",0.06236808235015249,0.16944524632795338,0.5190070605530753,0.65715466210408,0.8737793264323386,0.666408706468844,0.6534815784312895,0.7681458607517742,0.8553468483487684,0.7395348108990631,0.8433706954707192,0.5963856561668097,0.6354976450926941,0.5238946900256322,0.586341104792073,0.5841113311442883,0.6414899142383446,0.4401758146154854,0.40110627527133,0.580469250792185,0.44861578081973247,0.6023764970550859,0.5702584259589839,0.3044866789669285,0.5900635883438285,0.4555404354387476,0.2773956111788737,0.5654116231364593,0.5293121048269247,0.543991922472473,0.6304247488432536,0.5780190964765527,0.3052196671431343,0.2772230158813021,0.4388350928017767,0.444865758399888,0.6472098589284432,0.7314661370786604,0.3638347425065075,0.4957734004871278,0.5632686511031938,0.5069243981480172,0.66169472518934,0.6578347085863475,0.6961739753663788,0.2235371099179831,0.36623768454796723,0.8365179040048035,0.5444874561599693,0.5388687330245492,0.5173773086101877,0.6009464282320189,0.4895724989543167,0.6300661637266112,0.5502889456974163,0.3555169044309518,0.23165703549484964,0.353464242527913,0.36538451123889876,0.5179001703709791,0.6155642619863176,0.6383154717425075,0.7531485326602153,0.5936761807158283,0.6149229238059765,0.7905856609620185,0.7241970666871351,0.5375489947699869,0.6631972783088684,0.7928411688533735,0.36900433615739064,0.43483029492520575,0.36430029282001813,0.5394363625722853,0.3459050782206162,0.5175758880645779,0.4194103226803283,0.535344855384837,0.3579010639057516,0.4376323421381455,0.3044486335038673,0.41850558414121564,0.7047633365829732,0.6917168376226861,0.5723556182024422,0.7298169570308297,0.5911884928028411,0.6560798838287999,0.6183409407061754,0.5322894329457803,0.5373434898726895,0.38793168592770366,0.5981719435512408,0.4701051543369109,0.6450257271851173,0.6586213778129743,0.7236947097572004,0.5352560271817559,0.534189669177987,0.46723760743285514
"(<Abstr_type.Q_STAR: 1>, 0.0, <Corr_type.UNI_RAND: 1>, 0.05, 1)",0.013178112340887196,0.0007634506546818018,0.07956295965486393,0.0145108434090094,0.03262464750031987,0.03596888863273655,0.14290677725858209,0.1352733163783463,0.1258922183743022,0.17347888699063357,0.022051965275758718,0.13955644111137483,0.1873148486508111,0.04005541177856274,0.03426656361589127,0.0007870860611148788,2.624886713034653e-11,6.684714557502079e-11,8.36625105170097e-14,3.0326707925169014e-05,1.1487825185778959e-07,4.770200042621577e-05,0.001015350441724754,0.16523372481050774,0.1738142584745341,0.26834017096412427,0.3324890135632401,0.3484888391670521,0.41708563506975666,0.37666814127754533,0.32901441227556677,0.19098933387700218,0.3029174098358711,0.3461757128093157,0.2572773174798416,0.22042912887580407,0.3899931395466937,0.2944771918826033,0.4139985452119527,0.307918531801206,0.371216913212722,0.27696673400847344,0.36747498432322584,0.2810559035313872,0.3221848715448671,0.3083615155739154,0.3787507978752022,0.2510282357897468,0.38797207877237605,0.359459352731892,0.1279856377665189,0.23504437804276535,0.2681933413824409,0.3881734283614185,0.5634254621388574,0.3627853119475276,0.3467717312822599,0.2106503659858141,0.345796386733634,0.3626812565090894,0.3689651502332577,0.30807233128772804,0.38037855133123066,0.26347240134610306,0.24124571118830115,0.19511355724535334,0.15134200585119703,0.12864970825140737,0.3548897557449501,0.09397610350407784,0.16082522945206099,0.5280018300885418,0.49118586539529013,0.31152884889905297,0.3218660315492284,0.38714164753488267,0.17859532596215877,0.22313158846572834,0.2993075126391351,0.2305146765943548,0.16151217473161367,0.23987677155921822,0.21931521317128685,0.2153692111999086,0.4535488842803164,0.2948128824106886,0.4602424137635932,0.4083217125904913,0.14018820580000885,0.4847493620207617,0.36072966512024207,0.4265592526327392,0.30085903416949933,0.34348980851767147,0.19679004987609156,0.37424422518852957,0.1584731712717124,0.3070917017291021,0.2583613242719706,0.26206634544054597
"(<Abstr_type.A_STAR: 2>, 0.0, <Corr_type.UNI_RAND: 1>, 0.05, 2)",0.0034012717073320965,0.014944171644950969,0.013192147815677912,0.1431218321739346,0.1347895341294229,0.00014686074681990416,0.006968544254456799,3.6514295279711965e-38,2.0106195127201504e-25,0.0,0.0,3.2177820243299e-23,0.0,0.0,1.130800615976472e-13,0.0,0.0,2.0699633841187442e-05,0.0,0.0,0.0,1.5730274886307463e-21,0.0,0.0,6.701769686254154e-42,0.0,0.0,7.309053700807513e-10,2.454345028524273e-14,3.779162711295185e-42,6.322920318617286e-25,1.998946891409635e-10,5.273760324837418e-15,5.443811861445428e-07,0.0006976611734220979,2.0930964049005127e-25,9.949274923647254e-07,0.0,0.0,0.0,0.0,0.0,0.0,1.1100662392706084e-43,0.0005057906318924689,0.0,0.0034834807784446054,6.276287830826066e-37,9.949370369390862e-45,0.0,0.0,0.0,8.086155949459709e-39,2.5821911128778357e-05,9.088921434041233e-45,0.0,0.0,4.0610229907602214e-15,0.0,5.122542087065059e-16,0.0,0.0,2.8688483628249897e-38,0.0,2.3514109055874288e-21,0.003969683559876037,5.0126287264861706e-05,0.0,9.808225860231986e-22,1.3161935657237656e-33,0.0001054535339656066,0.12852232041694364,0.07247440357210991,0.04384745387329447,5.837542946125009e-35,0.05637213910809271,0.0,1.9375341232275807e-28,0.0,8.137620016887565e-26,1.0879655792185928e-05,0.0,1.823189401832611e-37,0.08684626535836235,0.07103216294101458,8.009473414530303e-11,0.018661043304213743,0.0,5.77606905999091e-06,0.0,0.0,1.921201235202246e-20,1.4825421254574197e-22,2.624886713034653e-11,0.019039938071843426,0.0,6.744390523708888e-10,2.3991540716125178e-21,5.3242001221962747e-05,0.0
"(<Abstr_type.PI_STAR: 3>, 0.0, <Corr_type.UNI_RAND: 1>, 0.05, 2)",0.009120788867805936,0.00559021005833194,0.37732866115308883,0.4710492925412881,0.66017639849323,0.600827515456377,0.6581920916831072,0.7258900389350336,0.7228581306630745,0.9651178777711682,0.5541232818941813,0.8972199177911063,0.38995127864707707,0.6582504200758046,0.8909240311293608,0.7996131663673367,0.8512212871750368,0.9308443727496207,0.6916315870938978,0.6670652606561762,0.580295935434091,0.6501548052392835,0.54735459957195,0.7935302533424103,0.6482919833393024,0.6560307700123732,0.712567619849762,0.8801232025453121,0.9138558725551265,0.9860998000000001,0.7580496601542641,0.6275937857995671,0.7091162067839106,0.7409603854346829,0.8313613074234827,0.9325404739308796,0.6950399567915293,0.6524755841420724,0.754779139727632,0.856132880174313,0.8452903335398416,0.9764352318802001,0.9623513542189752,0.9431359263101291,0.8621792667647099,0.9451806984371853,0.8232128995212159,0.6756383220182973,0.7994963663398047,0.550166796324292,0.8573333837235058,0.7635542317238505,0.9321364770571348,0.7979636673649866,0.8851080084011415,0.7558634762730833,0.9370893674045373,0.9400686291610312,0.8064459786823305,0.9464653199078091,0.9385826351749691,0.9390830594407266,0.9168281309820774,0.6812839987554101,0.9562500749282578,0.6558242243655745,0.9670194793769282,0.9801592020000001,0.9527826567287312,0.9824130695813981,0.783000989696071,0.896977177757414,0.873335561284405,0.9881392019999999,0.794289811427066,0.9723970119799998,0.9801596,0.8072319823696719,0.7683210377788512,0.9050648954242526,0.9683780040000001,0.8498770268984883,0.8228001433390499,0.8765085300532952,0.9557005895194461,0.9060695924754987,0.9784152318802001,0.8423966486922285,0.7002856059915596,0.965015617001761,0.8705805628956822,0.98223800998,0.9743560298802001,0.8706101978985281,0.90694348297824,0.9743572119799999,0.710688771005356,0.9238405256736805,0.8072899737328628,0.7651972464358648
"(<Abstr_type.Q_STAR: 1>, 0.0, <Corr_type.UNI_RAND: 1>, 0.05, 2)",0.00543493146006757,1.7196077254193396e-07,0.010007324711082337,0.0054305593428654545,0.006165380239647165,0.005312944086097366,0.0007485110083630283,0.07933556128440503,1.5981949519145264e-36,0.0,0.0,1.4975172984418382e-22,0.0,0.0,0.0,0.0,0.0,0.0,7.88757365440994e-25,1.209375323422272e-10,7.47325651162493e-12,0.0,0.0,1.3450541229033946e-44,2.530805509731567e-05,0.0,0.0,1.7737207102894613e-30,0.0,0.0,0.0,4.3111945728401205e-43,0.0,0.0,0.0,1.4309183150524714e-17,1.4561109712918377e-05,4.579122796877074e-05,0.0,0.0,0.0,0.0,0.0,2.6824433635489896e-22,0.0,2.604155827118106e-32,0.0,2.330361440073119e-22,2.640214438206304e-26,9.27341887386e-26,1.815479934021101e-14,0.0,0.0,0.0,0.0,0.0,0.0,0.0,0.00023801831480768252,0.0,1.0167435553897617e-17,0.0016066578580973395,0.0,0.0,5.542600704948041e-05,9.928240891280272e-05,2.0127385869655013e-07,0.140937163340592,1.970598732230216e-06,0.02548266753575178,0.0007950364209370273,2.3143822267265886e-06,1.7680903966935064e-08,1.6967111843792627e-07,7.891729078252521e-16,0.002736894701546041,0.08536332876936421,1.6160397525507312e-18,0.13788981717381557,4.905097282601314e-13,0.0,0.0,1.45160922531469e-40,0.0,7.83765334007098e-19,0.08364197198744369,0.004050287976952588,0.03809229195300549,8.818886776865572e-07,6.648744632887127e-06,0.0,8.620617459200709e-33,1.103621766430958e-28,1.460747816452141e-27,8.449067171762613e-33,0.0,7.718331564753171e-14,4.265794327099975e-14,0.00017606223633649198,2.9881029415133294e-29
"(<Abstr_type.A_STAR: 2>, 0.0, <Corr_type.UNI_RAND: 1>, 0.05, 3)",0.027035861158608905,0.00430611206034352,0.04909136798641511,0.025328893653147465,0.06422785944905506,0.09981077368259267,0.062454828358412595,0.0,0.0,1.6271895964812725e-15,0.0,0.0,0.0,0.0,0.0,0.0,0.0,0.0,4.63275746342807e-35,0.0,0.0,0.0,0.0,0.008185060195260788,0.0,1.2280772563349345e-34,7.83765334007098e-19,0.0,0.0,0.0,0.0,0.0,1.0925855487666484e-28,1.8999867490052925e-38,0.0,0.0,4.178723590091493e-42,3.305767829198408e-20,3.348012748235367e-32,0.0,0.0,1.0368363538170679e-07,0.0,0.002024482032658012,0.0,0.0,6.151613871215763e-37,0.0,0.0,0.0,0.0,3.8927552661340824e-13,4.327180907614247e-37,0.0,5.658145937586583e-15,0.0,2.2695428185210445e-35,2.110890072012915e-33,0.0,3.561739518722548e-05,0.0,4.0119323405976117e-32,0.0005426557623111799,1.1194979795823017e-32,8.688229949175833e-21,0.0,6.206923614288374e-17,0.0,9.62833590343801e-33,5.193471695415269e-10,3.221188827284503e-24,1.203004737901878e-43,0.0,5.187978961004071e-09,0.0,0.0011647953537327342,2.7557910721791905e-19,4.5622056881253e-11,0.0,0.0,0.0,0.0,2.1446424286648925e-10,0.0,0.0,0.0,5.273761677732852e-15,4.261282725484386e-13,0.0,0.0,0.0,0.0,0.0,0.0,0.0,5.846774018774174e-08,0.0,0.0,2.096415766769216e-17,0.0
"(<Abstr_type.PI_STAR: 3>, 0.0, <Corr_type.UNI_RAND: 1>, 0.05, 3)",0.03450124741869834,0.7282203842068015,0.956966909441598,0.9668626514967281,0.960827342885584,0.9801792019999999,1.0,0.984179002,0.964828301461598,0.962790081561398,0.99204,0.933236896588931,0.9920200000000001,0.988119202,0.9900399999999999,0.9763560298802,0.988119202,0.9861790019999999,0.982199002,0.974492869581398,0.976278404,0.982199002,0.9860998000000001,0.9687302815613978,0.9574434807319433,0.984139202,0.978219002,0.97633721198,0.9804152318802,0.9705344338802,0.9627132319399999,0.7950991425132274,0.9880798000000001,0.968670879561398,0.8983247480645176,0.970766948865584,0.99602,0.9803360298802002,0.970727940885584,0.9785689388855839,0.9511060996206,0.9861790019999999,0.97243641398,0.9573256608317433,0.9647888994615978,0.9841592020000001,0.978298204,0.9723776059999999,0.9803360298802,0.9801793999999999,0.9744160199599999,0.940072734079887,0.9880599999999999,0.9784530695813981,0.9821592019999998,0.9801,0.9921192019999999,0.98421800998,0.982238404,0.951410454861961,0.9920199999999999,0.9821396,0.98804,0.976278404,0.978219002,0.9783758298802001,0.9900798,0.9724364139799999,0.9497413837675449,0.951260200645984,0.959025129341798,0.9783758298802001,0.9746681408855841,0.976278404,0.9880798000000001,0.9821396,0.968592071581398,0.9685328695813981,0.9823558298801999,0.978219002,0.9763360298802001,0.9296459065196551,0.9803360298802,0.976278404,0.97035760998,0.9588498697404001,0.9647312617603999,0.9705340398601999,0.9608273428855838,0.99002,0.99204,0.9686132418602,0.9822180099800001,0.9900399999999999,0.998,0.9900399999999999,0.97633721198,0.8621193302421822,0.9761992020000001,0.984179002
"(<Abstr_type.Q_STAR: 1>, 0.0, <Corr_type.UNI_RAND: 1>, 0.05, 3)",0.14200654454825998,0.019655810592860465,0.024293815541167725,0.06686778725548552,0.03215642815805799,0.03602855381734244,0.013082048396674553,7.958781598762667e-05,0.0,1.662869444626297e-26,4.225361265952259e-05,2.0084930355516913e-24,2.487030963539668e-36,0.0,0.0,0.0,0.0,0.0,9.372069605325427e-36,8.875099425094492e-32,0.018849538691124993,0.0,0.0,2.1075371146938333e-22,2.587674170885998e-26,0.0,1.9747831270667366e-27,0.0,0.0,0.0,0.0,1.7265116344044815e-33,0.0,0.0,1.0313749242133318e-40,0.0,1.6832246566509744e-28,0.0,0.0,0.0,7.862573878669882e-22,0.0,0.0,1.3189820615273823e-35,8.498835450825802e-29,0.004757663775803025,1.0879654839993373e-05,0.0,0.0,0.0,3.597733942409779e-24,7.891729078252521e-16,3.942482477994123e-06,0.0,0.0,2.5523331261584556e-32,0.0,0.0,4.071770707462573e-08,0.0,5.190737050587145e-19,0.01557289744038238,3.563633049274238e-15,0.0,1.1059599063099365e-30,0.0021288151572888625,0.0,0.0,1.7365850715350763e-29,0.0,0.0,0.0,0.0,0.0,0.0,0.0,3.452313758424372e-23,0.0260000689070011,0.0,0.0,0.0,0.0,0.0,4.216448539474669e-22,6.282902667603771e-19,6.183992759088656e-23,9.229387614276911e-31,1.9354756591228668e-08,1.4415498615789194e-05,2.072164881876773e-25,3.777136541974635e-13,3.942482477994123e-06,0.0,0.0,0.0629618346361904,3.664951809541446e-13,4.586407889599631e-16,3.6244649159832855e-12,8.342457613959386e-21,7.243624186360773e-11
"(<Abstr_type.A_STAR: 2>, 0.0, <Corr_type.UNI_RAND: 1>, 0.05, 4)",0.008690281903046692,0.007708230589320612,0.017655790500376998,0.020302848331058145,0.030143940618372007,0.13424099002456874,1.544990548091095e-23,0.0,1.029731835248419e-10,9.248941059419458e-33,0.0015126364802777739,0.0,0.0,5.77916751666376e-35,2.7895247557001135e-21,0.0,1.4226178642137632e-21,0.0,6.122182197056197e-42,0.0,3.3515574320071376e-33,4.7998956377731824e-40,0.0,5.640237881415722e-31,1.4461428174359037e-27,3.2468628713116625e-41,0.0,2.0352217768486535e-08,0.00015605890276917627,1.2183664336739323e-17,5.6971826540843174e-12,3.9175496080687595e-19,3.71374228323867e-16,3.3426947338128256e-21,1.3478972975283822e-27,1.773992297605405e-26,3.7196506106806835e-27,2.2876099528927815e-14,3.492338394402719e-24,8.851672994389211e-39,6.655516881707233e-21,3.450495927786555e-32,1.5110439291990152e-21,2.9024090460952228e-11,2.1355941641460753e-25,8.754484714069453e-18,2.58766222118474e-07,0.0,0.0,0.0,0.0,1.059013442721175e-27,0.0,8.661702875315809e-09,7.6169295221569e-11,3.281371555097214e-13,0.0,0.0,1.0668818567852786e-15,0.0009492636869629095,1.0390330222560732e-09,0.0,2.816204592230574e-11,2.020211710316283e-20,6.190510322310495e-05,2.438823220207021e-27,0.0,4.871509921597205e-35,0.0,4.093390820555747e-32,3.4853327042369147e-13,2.5469249527708118e-11,0.0,9.166145966818308e-34,0.0,0.0,3.8681366406538154e-26,0.0,1.2954731134008017e-37,1.745797541259533e-34,3.2554402542147354e-15,1.1440400482172433e-24,1.8729345817592233e-28,0.0,1.5922905813598613e-42,1.1088868889407223e-23,5.0419235815386925e-39,0.0,3.300516916995511e-09,0.0,0.0,0.0004667156220699674,0.02472580682727241,0.0,6.148121172204827e-27,1.193486447448109e-07,0.00868808687787488,5.921490846278476e-20,5.727405833803967e-17,1.978966934336439e-29
"(<Abstr_type.PI_STAR: 3>, 0.0, <Corr_type.UNI_RAND: 1>, 0.05, 4)",0.007016901746513558,0.20747719366195075,0.5060411373253352,0.9684950318802,0.9764352318802001,0.9763758298802001,0.986139202,0.980199002,0.9880600000000002,0.9880600000000002,0.9642915542189752,0.9763758298802001,0.9588100815613979,0.9685544338802,0.986139202,0.982199002,0.9804330695813981,0.9763758298802001,0.9782380099800001,0.9704950318801998,0.97037721198,0.9000490112732322,0.9705538398602,0.9666332418601999,0.9783160298802,0.982199002,0.97429780998,0.9626142338802,0.9860599999999999,0.970766948865584,0.9765920597604,0.9762982040000001,0.9744352318801999,0.99204,0.9801793999999999,0.974239002,0.9820998,0.970766948865584,0.8735640450952253,0.9802388019999999,0.9650356170017609,0.974611079561398,0.9650356170017609,0.9880597999999999,0.988119202,0.9531227787457841,0.9687081408855839,0.9900798,0.9940200000000001,0.9880798000000001,0.9651148190017608,0.951320179022996,0.959023970765784,0.978179202,0.9820998000000001,0.8911265805254235,0.9801395999999999,0.976588938885584,0.9706287388855841,0.974318204,0.984179002,0.9724552318802001,0.986139202,0.9841396,0.986139202,0.9550810554967282,0.9647869488655839,0.9781990019999999,0.9629047687657841,0.97637701198,0.9475282865831588,0.98223800998,0.9684950318802,0.970572271581398,0.984179002,0.9823558298802,0.9940200000000001,0.9632268528517433,0.9550053528655841,0.9900798,0.78023800998,0.927705308519655,0.9667302815613981,0.9821198000000001,0.984179002,0.96841701198,0.9745140398602,0.9590804614767281,0.9783758298802001,0.9803360298802,0.9762580099800001,0.9534108488819608,0.9704750318802,0.9900399999999999,0.9743770119799999,0.964750281561398,0.9920199999999999,0.974532669581398,0.9762580099800001,0.9474350897511681
"(<Abstr_type.Q_STAR: 1>, 0.0, <Corr_type.UNI_RAND: 1>, 0.05, 4)",0.006814271436360533,0.03321288908833282,0.0008322407637631127,0.07674916596205225,0.09785999710075417,0.11979925032737442,0.043363697711595,0.0504670120983023,0.04778576274801768,0.015349977961498723,0.1114921040129607,0.12558557012882532,0.17796636224866616,0.42571398269052096,0.060188096610893284,0.045869555040631824,0.08273206483781,0.36092940948574304,0.48638228556412433,0.6577999813417965,0.6290473073914846,0.7243181944971895,0.6358169377656162,0.6361697775472889,0.5952450812455603,0.6484508529857615,0.7629429613875789,0.7443325576177459,0.6769652828591565,0.7402107004749541,0.752484572180758,0.763208094534217,0.7710227580099211,0.7671270740447842,0.8584656396171176,0.7650750871064799,0.9044899584341828,0.9367031298878091,0.960886150865584,0.934290322653129,0.976219002,0.9880798000000001,0.9880599999999999,0.7001463230088311,0.9063904583228876,0.9704950318802,0.7729956173159691,0.9743182039999999,0.967019479376928,0.968729099461598,0.9665150318801998,0.976668140885584,0.9763758298802001,0.9842384039999998,0.9781596,0.970727940885584,0.9689562150017608,0.964750281561398,0.9251743917428721,0.9461594258399539,0.9706487388855841,0.9646520597603999,0.9627710617604001,0.976278404,0.9782388019999999,0.9722788019999999,0.949712994303226,0.974239002,0.956945950865584,0.9725140398601999,0.9514907923823122,0.9724552318802001,0.9572340210017607,0.9651148190017608,0.9764352318802001,0.9647888994615981,0.9549292717404001,0.96661402994,0.9707290994615981,0.9613056608317432,0.99204,0.9764352318802001,0.960964958845584,0.98621800998,0.9783758298802001,0.9361678311610311,0.9668626514967281,0.8968536310908644,0.974588938885584,0.9427786197938417,0.9626532418602001,0.9672894845831589,0.9459372173996462,0.7940598216172563,0.9457537823432258,0.976668140885584,0.9685738398602,0.9880599999999999,0.9652856608317434,0.9348587874892071
"(<Abstr_type.A_STAR: 2>, 0.0, <Corr_type.UNI_RAND: 1>, 0.1, 0)",0.07347827914854528,0.0249765880551936,0.0012623550721301785,0.010417828586717873,2.2290808072961016e-18,5.54260070494931e-05,9.666565019898648e-08,0.03691853821647915,0.02580591908663976,0.021480442356623455,0.0010748087371382495,0.06665226027913032,0.04211968923934571,0.027616162617494566,0.008288654531519356,0.05150123707040631,0.029332708328384065,0.0308147160125452,0.05927794021128271,0.07933556265379524,0.012485424014128853,0.13806954356281573,0.15716537834847671,0.03487635614783046,0.24284996369271225,0.16967727224412377,0.23295510206798964,0.24171785098061851,0.176066067473663,0.03300185357208294,0.04052810918068347,0.13638340941377713,0.30014716846652806,0.2386480543066667,0.28360803698351245,0.2288056676552681,0.24957020252292952,0.2302158678034166,0.27360376028728817,0.22065832050116335,0.24958699416055433,0.3986533579629992,0.2658328154692668,0.19810782244418038,0.20924488774968997,0.2247518932150197,0.1132983554116295,0.19704746993262506,0.21571398020824734,0.15623799871446736,0.24429495255311479,0.2704814228497374,0.10443516779357002,0.19753233567606995,0.25232518078710386,0.17439940128467077,0.3999038991993996,0.2943835039838986,0.3149363847798361,0.29800967865230943,0.3376539614614671,0.25987642313175163,0.33369585428434356,0.26772639034389917,0.20858886314319097,0.2129208350886203,0.19883691800962916,0.10358245201610816,0.20791227173161633,0.16343376854094346,0.2163021029082734,0.3336994361049559,0.18285516405733326,0.03862862765373845,0.22412497698724193,0.1985725109786256,0.09418336520653658,0.20064325698450017,0.20144871985435064,0.21972184866637107,0.28487791953355496,0.3078719665669919,0.20579500846652182,0.20596592597119137,0.20040243045066958,0.2770080160402189,0.264014993911672,0.03701892386107418,0.22989502333465411,0.23657891465508402,0.33123355382610115,0.21849663940645017,0.17422389463600377,0.214795645898637,0.28659536875537384,0.27074972353406246,0.28102680346909426,0.24413778166928707,0.21593822174624075,0.2962157693739444
"(<Abstr_type.PI_STAR: 3>, 0.0, <Corr_type.UNI_RAND: 1>, 0.1, 0)",0.14236560210745136,0.0032162809868803406,0.03812981336017622,0.02452977558812703,0.12042663411236709,0.2259790002026804,0.04978337143380662,0.04905673823524774,0.22514340893000534,0.027815622365167735,0.20749195629018433,0.3302224659552814,0.06921334235518926,0.1771196370541704,0.09988881641982202,0.20220514194113762,0.13423949458595405,0.37954513379619026,0.19525800051778555,0.022792763573340306,0.05195631905579238,0.09293893382877541,0.10061020817353458,0.32606734293371126,0.023644989048398467,0.02779669492876702,0.00027290170156783137,0.11181123106501208,0.2634807946268371,0.2020981731681739,0.36847697978976807,0.2539189244576184,0.2877544103347432,0.27525091463496704,0.1531172533483521,0.09880706069534685,0.10547553310278772,0.04466177601523951,0.08011353944492008,0.2378627928308677,0.21700882395706836,0.09370648657986443,0.008914325533816495,0.22867256345384007,0.11359835430295266,0.34882029875679454,0.18396181756232444,0.24487364478362106,0.06837578237011363,0.2563445167027094,0.1885717792490654,0.24052294972061866,0.0004914511579950418,0.0016246741889821704,0.00039061317105597483,0.1351716703719374,0.006244775081037839,0.30663234246311377,0.03485624523887519,0.1984591400924546,0.23815887494425608,0.017234319829919596,0.20701165332666577,0.2621026625039807,0.2496746584065773,0.19953331530290058,0.014540771559424862,0.15784901596296624,0.05373728431820028,0.29987861962772905,0.3785522002456782,0.0076966513791510635,0.01333178546284392,0.20919748499925603,0.03329944293631132,0.22126109036603422,0.11971199135266453,0.13570331630645666,0.09584976727881256,0.040976610626611995,0.0791051142865716,0.1993952710094538,0.33404249015666443,0.03658299552927845,0.1177061559532139,0.25618599106559187,0.01936094646877813,0.025703083531828395,0.11198548167512148,0.18886860618249,0.07350628691709568,0.027403811396083406,0.06196970631519096,0.19929400999440278,0.014687535439033015,0.3546819919519478,0.0503776122539083,0.008518913058307463,0.0007658485072761955,0.098628558285254
"(<Abstr_type.Q_STAR: 1>, 0.0, <Corr_type.UNI_RAND: 1>, 0.1, 0)",0.11949758047830386,0.10791149223772863,0.12797310200939138,0.040945865917380406,0.07854220567156113,0.11392024049543185,0.0,0.0,2.748503790055467e-07,0.0,0.0,0.0,5.5543965771023685e-45,1.1242411626111225e-17,2.9488316417163253e-07,2.647201908328953e-19,6.903208787653037e-13,0.003890686857034504,0.00581592093716053,1.3738039710880163e-07,0.025227840860394257,0.0011531475235884278,0.00010651879583090664,1.2012133232430594e-10,1.3493213594802637e-09,0.0035901106550091317,1.1325996477365163e-24,2.4582379761376942e-06,3.267511747825556e-09,0.0,7.800404366402995e-05,0.00037791264572427326,0.0003452297199112985,0.00043500945865827145,1.443076091848871e-06,0.0025509647121813085,3.392567628447801e-16,0.03586313970387046,0.024725806827291315,2.893209816900316e-08,1.1611091046321175e-19,0.022587450995898654,7.963759879934146e-05,3.816552753840265e-14,0.026498333997317595,0.0028029523249842236,0.0050020313919381075,7.755154912177568e-09,0.0009593068392670618,0.0005685172204373666,7.141096495179301e-07,0.00047144313196084204,0.0009060027076771825,0.0022867496222917227,0.0023115980859869972,7.211284848633048e-07,8.919544598014799e-08,3.26405595269104e-08,0.000630952264148717,2.093085800570489e-06,1.5515366408212462e-08,0.05809769886199275,1.7624864092897508e-05,8.360716885077088e-10,9.50022256436784e-18,0.007716522648519779,2.7052175075787565e-10,1.636686027762152e-10,0.01785298522424039,4.229834835987924e-06,0.11053669543247704,0.0030262593401355095,7.984087279957604e-08,6.468967538364639e-19,8.909200404702081e-07,8.912159870696357e-12,2.9437684111603995e-05,0.06620661800471753,1.240814037434827e-05,4.245506921782409e-06,0.05152183590228719,0.001574685366721228,0.021697415330860215,0.023049669268488424,0.0005279527023924,0.00019623628508805784,0.025742399246378268,0.0005703552949794824,0.001145826181920267,1.1916887782740808e-05,3.455952405107887e-05,0.00038948422227837615,1.2920412288652043e-06,0.013127067899107484,0.0038307108040314883,0.05047213305617661,0.011849761852183125,0.07875607904136858,0.0047148990444952615,4.925965324538015e-07
"(<Abstr_type.A_STAR: 2>, 0.0, <Corr_type.UNI_RAND: 1>, 0.1, 1)",0.001072868001282695,0.0030571641224596594,0.010477428129027197,0.03268412308832917,0.030004996457707257,0.0029363797790044016,0.013342517080584723,0.0007560717256192205,1.42713436296313e-05,1.430925078212245e-36,3.535471154382532e-17,0.0,0.012995797219649937,6.845016606781184e-05,1.3450412196053772e-06,1.8484254449331034e-12,0.016876713065293984,1.3037118550433978e-05,0.0036201969735454864,0.00039738877175749915,5.751699775845827e-21,1.7831216292050907e-16,7.355642490862923e-35,0.04553302218819283,0.0461071636637052,0.0001328775655113547,0.04657289258960121,0.0006837777160709981,0.013127067898636302,1.0357397719825271e-06,0.0006060902231420637,0.0023070469199184657,0.000559267298710369,0.027014336019820857,0.08047190664230833,0.14646067393087953,0.0037751295666937266,1.6042889292002217e-07,0.001409876047246908,0.007328397506227302,2.3688817646848066e-09,2.1357593323823416e-06,2.6082738513917536e-05,0.06488910597446071,1.4739352494682669e-07,0.023751523572391714,7.095771840899075e-39,0.0009243982302592124,1.9926112010958466e-07,6.444447337066456e-05,0.021272558215544836,0.07241644525940039,0.00034639821883883235,0.0021493577265169783,0.015365733366228701,6.128605219087389e-05,0.00016575910056995468,1.6427525082560125e-05,0.0002910646447921978,0.0009453682131613159,0.006239821017080609,0.0,3.3907649932257345e-06,0.15598636112255598,0.01654086647529463,0.0020864535415585687,0.010543551816005676,0.00024778191074068955,0.014514958070689876,0.000575114663722384,0.10943134852170959,0.0020655872183022264,0.002086452410097867,8.273820263482883e-07,0.00015922753062868716,0.00020266254380590774,1.0995392727244679e-15,0.0008703025839161995,0.0021155834502815884,0.0021503424849298905,0.01049650616709312,0.0004438419127214278,0.08597780270477873,0.0010018291717528837,0.01513213321773175,0.162744671514774,0.15775326914073357,0.02874945094831636,0.010417828586724721,0.00017684601732235596,0.01382458023877289,0.032109638222179306,0.06488910597268513,0.03696091278970927,0.0007560717256192205,1.87997840471685e-09,0.062332959671886665,0.016879542705342674,0.007996280670060123,1.0264679902788972e-07
"(<Abstr_type.PI_STAR: 3>, 0.0, <Corr_type.UNI_RAND: 1>, 0.1, 1)",0.010581311761285812,0.2591777938225742,0.7589207601093613,0.6334366717613816,0.7609684445778274,0.591416523069809,0.257994551303526,0.7046538700047135,0.6589355357929247,0.5670611297482827,0.6569513233893596,0.4955157377508659,0.7253962672599867,0.5276833562568415,0.3849519880869197,0.6838965175448937,0.5667608319665186,0.743394261497716,0.5630785315031803,0.712721658262151,0.5901249585275481,0.42723794624950334,0.44785165167998875,0.3523446338882704,0.5344604894770274,0.4658784459681704,0.5475112306196446,0.4254969419023906,0.5301565714353504,0.76282267267814,0.6970792904817686,0.5681750372683854,0.488691501395116,0.778097349816474,0.576455261489316,0.46778475501955763,0.47246475450905867,0.3668987554600525,0.46763721062463803,0.5794043993459808,0.3846524662195868,0.5778424482485359,0.7477776662288298,0.704454074318617,0.5049022975140531,0.6716506447457122,0.670924849630612,0.8806893746533732,0.8741231560957129,0.7718576343111827,0.7951697721114873,0.7399256054088033,0.7140679296693714,0.8712418229236434,0.7389896215934316,0.8141973770894054,0.7693650108443713,0.7362109684117671,0.8481540737597694,0.6120091150099778,0.6718046265084896,0.5897063454905067,0.5490563783047123,0.7269922350650356,0.6801895776525826,0.6047682850066565,0.8040511049084358,0.8908386198105351,0.8588520580908539,0.9278874884477173,0.8855138890536448,0.8216673833345615,0.9028406304376448,0.8178911262621238,0.7363987377184865,0.9187524380769968,0.90486467897824,0.7824427196202081,0.8712334218476607,0.9160445262406464,0.77833721198,0.7729364737679368,0.966572669581398,0.8427853692670935,0.9117861369319706,0.895392847041437,0.9002861925854653,0.8694153612844051,0.9843160298802001,0.6440144944457452,0.962750281561398,0.703123128250241,0.8282767428670512,0.9245426690212311,0.8732808147881308,0.8663453099703069,0.8446862818842066,0.8827120515120356,0.8800049201076761,0.8986844469601726
"(<Abstr_type.Q_STAR: 1>, 0.0, <Corr_type.UNI_RAND: 1>, 0.1, 1)",0.00025762800495365926,0.0007310123816258989,0.014370091753864753,0.004110937082883291,0.00043957834941617615,0.0,0.0,0.0,3.1354541640396306e-27,0.0,0.0,0.0,0.0,0.0,0.002655606192015422,0.0,2.156029957440582e-34,0.0,1.2274306069807956e-43,0.0,0.0,0.0,0.0024016826383411365,0.0,1.5142452361840822e-23,5.324225660289497e-24,0.0,4.6499138813151615e-10,1.1290152726227552e-40,5.97812572916118e-10,2.331600332069589e-32,0.0,0.0,4.3088831586868437e-14,4.238506152269766e-12,1.0839461049113723e-11,0.0022611365291592004,3.52426542878584e-14,3.293555002341517e-26,3.363969201958407e-08,9.45169992248438e-25,4.686952901084497e-08,2.4246646687194468e-12,1.2583210663026718e-19,0.08258993422677764,2.0460283086224386e-32,1.5262234797368894e-30,0.0,8.23719324581838e-09,0.00038172994517603523,0.035149460298235166,0.0005880887374244006,1.955025918305926e-08,7.508945695853441e-26,9.532052544403631e-33,4.739308260460339e-09,0.00048100185826221347,9.151630272324128e-42,0.0,0.001107708791579123,3.9907424703840675e-08,3.4834974873313556e-22,0.15713562816144377,0.0,0.10097717775741395,1.523889908498196e-29,1.3023455131649581e-42,1.293409167947633e-07,1.561426174449567e-33,3.725550522941991e-19,9.161275550254815e-24,0.0,2.0525388081268734e-16,0.039654851317782895,4.583970929802814e-06,5.1306671154918893e-08,0.12852232041694364,0.13788981717381557,0.13379435171393608,0.07174965953637838,0.04901749098969278,0.18829602988029437,0.059876078262466256,0.18454893888558402,0.1449960671915707,0.09132194954878295,0.011753166055900663,3.3268072773027975e-07,0.04128150742348274,0.0,0.0,1.782191267281715e-44,3.1570871696215412e-24,3.192337932405845e-06,8.889219143019029e-43,8.36457651487048e-33,0.00015763525648658232,5.262610924884196e-13,8.48071529142665e-08,1.0891173594207838e-06
"(<Abstr_type.A_STAR: 2>, 0.0, <Corr_type.UNI_RAND: 1>, 0.1, 2)",0.003644743871783796,0.08057943485274041,0.001546929580471787,0.08208163995323314,0.015262996781318771,0.028461497556417727,0.0,0.0,0.0,0.0,0.0,5.9655158252691706e-27,0.0,0.0,0.0,2.327134033366138e-21,0.0,0.0,1.9416296817336688e-11,6.526801847128742e-17,0.0,8.047723349056157e-25,0.0,0.0,0.0,3.4834974873313556e-22,3.224599237166576e-25,0.0,6.705300390975513e-33,4.3043259853377627e-13,4.7168281043114356e-33,3.7612007710052923e-28,2.482887280822437e-34,6.921544901965951e-44,2.748503790055467e-07,4.0182765211534656e-05,3.664951809541446e-13,1.7831216292050907e-16,0.0,2.8117582804047726e-38,8.638882154303633e-35,2.790994365764186e-12,0.0006122123466080196,6.914158188667863e-05,1.8999776355601088e-19,9.886353559112398e-20,3.221173378610861e-05,0.0,0.0,2.6542078711687024e-12,4.4080061735658075e-07,0.0,0.001011911086288074,1.138008475522834e-38,0.0,3.670800121746773e-43,0.0013818195139066946,0.021052980369671823,6.013005469386096e-06,0.10511929750511242,0.05637213910809271,5.369463243444201e-13,0.07247440357209936,0.02148044114852752,0.03309251913294696,7.06201255238071e-06,0.11623328282362193,0.006561394629739483,0.0,0.0,2.937937479714902e-13,7.580763464570348e-16,0.029928281120723765,0.006302849501363174,0.014083849301032316,1.055651821159073e-05,0.0,7.148458763350049e-08,0.022137965653584703,2.2973133099138527e-18,1.4522674669957969e-12,1.3913600247886618e-19,1.306473907017811e-07,2.8804814080367245e-07,7.759276806670304e-19,1.664622010833476e-08,5.1497168363260544e-21,1.7992280422204606e-15,4.921446418289441e-06,0.0013680013187676275,2.7611479159980925e-08,1.7292418353006443e-06,1.3818261419656461e-22,1.3521765749167133e-11,1.3316314741663482e-34,0.03410549077646335,0.1383144065106821,0.04405163835978311,0.004351558796324344,0.17443631496074322
"(<Abstr_type.PI_STAR: 3>, 0.0, <Corr_type.UNI_RAND: 1>, 0.1, 2)",0.010937666055950354,0.00020686645839249372,0.8363252700584247,0.763114424981761,0.935619271730492,0.782199169965805,0.6292434616414229,0.8940518173081127,0.9536611875194462,0.9003401401788163,0.91872507897824,0.7765928106513679,0.8001529533306041,0.7988406714647196,0.9414850536785462,0.78421800998,0.7999060096465664,0.7705820955557645,0.7744160202275351,0.9367645727496207,0.6875791988413281,0.7781508721685796,0.7704565187109449,0.6176777310830286,0.7583261179078092,0.796020005187979,0.964885939162796,0.9724552318801999,0.857111144557145,0.7973662177366856,0.9600914709282578,0.9763360298802001,0.980199002,0.8310546895412159,0.8235195174034828,0.972916415001761,0.9881392019999999,0.8687239137298537,0.9614559763432258,0.972668538885584,0.99204,0.929879077658172,0.9703382039999999,0.8287935548492605,0.7704211276292362,0.9724552318802001,0.9575547843232257,0.722400165917685,0.9803360298802,0.92252901356324,0.976492869581398,0.8000473245732651,0.986139202,0.9706514735813979,0.931625906519655,0.8652246236081874,0.984139202,0.9781596,0.964907109441598,0.9940597999999999,0.9822578099799999,0.9783372119799999,0.8630661945356648,0.9684768079999999,0.98819800998,0.9723580039999999,0.766699222058221,0.8606389238920087,0.982199002,0.9545095641989751,0.8408835463050431,0.9782778099800001,0.9054694540948288,0.962807342885584,0.9840998000000001,0.9688426514967281,0.8497892841797803,0.7829389794097001,0.9221078271538156,0.7823427974249672,0.974552271581398,0.6803544460639296,0.9669418534967281,0.9860998000000001,0.9743182039999999,0.875543377986644,0.9704950318801998,0.9517005895194461,0.9730676508517433,0.98408,0.8373892798297412,0.9649047687657839,0.9801596,0.9723760298801999,0.9743958298802001,0.9781596,0.960888101461598,0.9649820084669821,0.916233282823622,0.9746287388855841
"(<Abstr_type.Q_STAR: 1>, 0.0, <Corr_type.UNI_RAND: 1>, 0.1, 2)",0.002418140362627116,0.010860163052199518,0.037391454378898056,0.002920608178333081,0.06891562469588819,0.04005632343556279,1.0012070566223443e-06,0.0,1.2437130951788089e-31,4.39870818675149e-24,0.0,0.0,0.0,0.0,1.614338335267198e-36,2.1446424286648925e-10,0.0,0.0,5.423700245887293e-13,0.0,0.0,0.0,0.0,0.0,0.0,0.0,0.0,0.0,3.9844417614480957e-35,0.0,0.0,3.09424629306401e-05,0.0,4.327160151929486e-18,1.5490868793543635e-35,0.0,0.0,0.0,0.0,0.0,5.065953125735128e-15,0.0,0.0,0.0,0.0,0.0,0.0,0.0,0.0,0.0,0.0,0.0,0.0,0.0,0.0,0.0,0.0,0.0,0.0,0.0,0.0,0.0,0.0,0.0,0.001925262269259096,0.0,0.0001927300626468412,0.0,0.0,0.0,2.3626402721796073e-35,0.0,0.0,4.2097712861262055e-30,0.0,0.0,0.0,0.0,0.0,0.0,0.0,0.0,0.0,0.0,0.0,0.0,0.0,0.0,0.0,0.0,0.0,0.0,0.0,0.0,0.0,0.0,0.0,0.0,0.0,0.0
"(<Abstr_type.A_STAR: 2>, 0.0, <Corr_type.UNI_RAND: 1>, 0.1, 3)",0.003036377518869936,0.00961408580377273,1.4347271505199343e-05,0.0008885141886161784,2.3915499190069015e-18,0.0,0.0,0.0,0.0,0.0,0.0,0.0,0.0,0.0,0.0,0.0,0.0,0.0,3.703957373340411e-42,3.759202263169515e-18,0.0,0.0,2.739805510305093e-23,0.0,0.0,0.0,0.0,0.0,1.694838032732358e-25,0.0,0.0,4.165479066844015e-39,6.899573873415357e-22,0.0,3.874290599684986e-37,2.2827736545549537e-12,4.574301752928299e-23,1.8260724621065098e-10,8.53886652543687e-05,1.7551509269365494e-10,4.830421242405188e-08,0.0,0.0,4.802424374955114e-31,0.0,3.3409185984706154e-11,2.6193499326659637e-28,0.0,4.097705010092871e-14,0.0,3.0455344740272035e-09,0.0,0.0,0.0,0.0,2.3489239996498484e-20,0.0,0.0,3.2417055242888366e-30,1.764352428759441e-06,0.0,0.0,0.0,3.63792223904209e-25,0.0,0.0,1.374570680121503e-32,3.2086775056787054e-13,2.2563670218568854e-20,4.471417794931606e-11,0.0,1.1641820257362172e-12,0.01654086647529463,1.0145940302216364e-15,6.39351949926173e-07,0.0,2.767480313439488e-23,1.6672703184318663e-19,3.6514295279711965e-38,0.0,5.251510285488122e-30,2.1674571582913067e-20,0.0,0.0,0.0,3.8456802316226545e-11,1.7274212154650742e-24,8.94575137068583e-11,1.3464652720652273e-07,0.0,8.120455003809633e-43,0.0,0.0,7.043405672512585e-32,1.5690163055319512e-06,0.0002880989521275379,1.4061545831886619e-10,1.9653972099254097e-13,9.293076977683953e-09,8.823619343593407e-36
"(<Abstr_type.PI_STAR: 3>, 0.0, <Corr_type.UNI_RAND: 1>, 0.1, 3)",0.03764619009916779,0.1298255890869477,0.19212259289351036,0.08426684470142345,0.0019060096465676074,0.2951467281935233,0.25647028944348454,0.5127124686780173,0.46798168734392886,0.3693931488408962,0.5124251956965136,0.3223680620903155,0.5488877960897972,0.40436669218900834,0.7003984855551296,0.7500615230623554,0.6570060469385598,0.6118198856934585,0.4177568978563295,0.3911714021090977,0.5658103911991266,0.4389645808200841,0.36916073659571225,0.3081800699734335,0.4764734653107851,0.36046943508457174,0.5113698599846561,0.49049117543010834,0.49327568908695696,0.5016190064722335,0.4849630696237555,0.7159312882612412,0.44229204460668353,0.6736664149404167,0.4561950898900921,0.5558168026732785,0.7275971853916166,0.5850920822146731,0.3731601862701869,0.5107272665359559,0.5669687503494087,0.5190975084179288,0.5615468691501778,0.4466881492372027,0.5459470238517831,0.4576470435958693,0.7724404009135547,0.5453138237740418,0.7474099731174146,0.6618540458336069,0.5325330337206282,0.5927061996136733,0.43207238487450017,0.43556455673799777,0.6565652535486034,0.5397477210558016,0.5671165190781299,0.3038146648075634,0.3077954224486646,0.30631412327753443,0.44460891230102567,0.4930108950239612,0.4864806484508823,0.3488158012092677,0.39890763810230767,0.36831064820259074,0.31022981192858645,0.4967088514874026,0.4980671315251744,0.633856399786677,0.5142689491519778,0.5402531265752744,0.5326617250953879,0.6261160307317192,0.492345477238832,0.5832870916643793,0.34081841628028975,0.37381447588281724,0.5894578207410187,0.3118372845848418,0.37254155421441276,0.441380947494544,0.5099182848901748,0.5230039927333491,0.38466880430029504,0.5093639237569841,0.5805655459838122,0.5584684337849645,0.6621661807563199,0.5341291169244948,0.4540465533259569,0.5583896667928097,0.8694195815895711,0.7665485888775863,0.45454759005556716,0.8150611645644344,0.3112583547778657,0.31945761941453454,0.40467925290621987,0.493780306937606
"(<Abstr_type.Q_STAR: 1>, 0.0, <Corr_type.UNI_RAND: 1>, 0.1, 3)",0.0029957600263757055,0.07491413758339587,0.11060089035012341,0.005364555620187556,0.06467180387877061,0.08344845710964563,0.0013009556423980984,0.08176403488450987,0.0,1.6168988891125458e-28,0.00026584177954592895,0.1882960298802,0.0,0.12852232041694364,0.16032611790780918,0.10511929750511242,0.18454893888558402,0.1720116709282577,0.03696091278970927,0.17906765085174328,0.1365109190020774,0.08772350036198218,0.198,0.1882960298802,0.11623328282362193,0.17906765168466393,0.2,0.1669027522900175,0.19602,0.2,0.2,0.19602,0.198,0.18270344950077633,0.19602773057385817,0.19602000000425676,0.20000000000000412,0.20396968355987605,0.15824814167973728,0.20587466761329348,0.17210672260176593,0.21486953869112496,0.2042954917121375,0.2687404210120943,0.2254571073250467,0.344206639141031,0.13433005734104872,0.2529410066906396,0.16558881210393145,0.3601622321351936,0.2739459275299453,0.35570058951944616,0.32847640819679674,0.180981135956867,0.2773404582335911,0.36264843867678537,0.2852660183811414,0.14314357099960293,0.3669150264783381,0.3565008583182808,0.3512920881752021,0.372011707019818,0.3980002510805617,0.3680316709282577,0.3788891926816521,0.29778508593101793,0.37872344949672815,0.3823558298802,0.36631155422032874,0.4005002005144089,0.38892266709185563,0.39007980524038277,0.39476687334665284,0.4200049593130208,0.4315481814009169,0.46727912360693774,0.46892243666950345,0.3940598,0.4,0.3916226827784446,0.41883560706531525,0.29699717775741397,0.40000000000000246,0.3900798,0.40247807584647494,0.38813920199999996,0.386179002,0.5004562171933707,0.3921192054015462,0.39402,0.38601664854976103,0.39602,0.4,0.38829616992053445,0.40000012805568835,0.4,0.3920529067473649,0.5142855856663979,0.34652834286942075,0.39204000000000205
"(<Abstr_type.A_STAR: 2>, 0.0, <Corr_type.UNI_RAND: 1>, 0.1, 4)",0.004485042388809093,0.0011649487372840598,0.00942284068884613,0.015591618148588726,0.005259814645300801,0.008504056299085353,1.42713436296313e-05,0.09996740597983982,0.005643182269405925,0.0,0.0,0.0,0.0,9.200090882531814e-09,4.709335850913266e-22,8.47589110127637e-17,0.00464914606548582,4.593682538352915e-08,0.0006976611734220979,0.011177143973983956,6.128605219087389e-05,0.0012248239125690293,4.962502439221309e-05,0.0012004499167089055,0.00025281288720643873,0.0006837777160709981,0.00235388915614398,0.1019971492499131,1.523894161081055e-10,1.9070416699231805e-32,1.3120155785612424e-11,0.001606657976628183,4.095547345922871e-23,0.0,2.0763021650336674e-19,0.029039381243156543,1.9779153939647416e-19,5.757816963356724e-41,8.28525365076488e-05,3.880433022653104e-06,1.0164245734149239e-07,4.022530841744845e-06,2.117601840859426e-36,5.209984815635353e-13,0.00048100185826221347,0.0,3.419591221285471e-14,2.8251589733696705e-14,0.0,2.4055035624540262e-14,1.3772444869627778e-29,1.1537604489097766e-13,1.8222206535499297e-27,1.3862131359564188e-06,0.00017075672368900666,1.362953912967453e-28,1.3723916749159753e-25,9.302904560833538e-29,5.0982441221166815e-40,0.0,2.498896009284572e-31,4.001414667206301e-43,4.694409544635086e-19,2.200080167944937e-06,4.154444145967322e-08,6.441053906230476e-14,4.42670361698229e-11,2.5002125157660804e-22,4.941565599520113e-20,4.037485515107816e-38,5.971803126703172e-09,1.472580555775356e-38,0.005530882942244747,1.5981872860389088e-17,0.0,3.1008166556649026e-26,6.998861653045016e-45,0.0,0.0,0.0,1.5222709059533767e-09,1.2326251755328716e-09,3.160414553081786e-06,7.900122281729456e-36,7.197779416830872e-05,0.0,5.709252740382729e-14,2.414423406965802e-08,2.1491860813375176e-12,0.00040140267000288155,0.14794007467765607,0.1365109190020774,0.15094385744072653,1.0919036498907865e-06,0.0006122123466080196,6.080173426692866e-07,0.03925830280460507,0.00021310690246151206,0.14794007467765607,0.0014975101154755034
"(<Abstr_type.PI_STAR: 3>, 0.0, <Corr_type.UNI_RAND: 1>, 0.1, 4)",0.03060648319401636,6.095980596147787e-07,2.5537967816600954e-09,0.08860960853359766,0.09901785822382311,7.10052883369244e-07,0.13789524185605667,1.5620013223387678e-09,0.17029158441965114,1.9516053455856538e-07,0.12471425509875085,0.13789018886304918,7.2056436521598856e-06,6.177407175145417e-05,0.13515377766001835,0.17727931014410137,0.3600533373972915,0.00024940834375485093,2.994375535671356e-07,0.00016625309348244772,0.17029432308490894,0.18087928946545712,1.4220327048759999e-08,1.3585312165414378e-06,5.2879660621904324e-06,2.36517585823769e-06,0.0005882609713139959,0.09997046367113442,4.447485304931911e-06,0.08772620662983319,0.19213568966243252,5.7607030393059436e-08,0.04012050181251571,0.17402315198568757,7.324673515893775e-05,0.13928271531622513,8.075184149341691e-05,1.2149615865144015e-05,0.009417421730472568,8.071162637171147e-06,5.891941984374411e-06,0.0004136916008083947,0.18271923981671295,0.1479452979644999,0.0037383837232676334,0.07621001612462322,0.17374916801441048,1.5793722885565758e-05,3.459715810052181e-07,0.0020865537643185014,1.4557646365228572e-05,0.142350104364336,8.319659725650458e-07,0.18829859384786393,1.0290805751645548e-06,0.3787246298105408,2.4173773623297044e-06,0.13380853592976863,0.1573197347235546,0.1619460965887704,3.860018641873883e-07,2.138426683566872e-08,1.759997402462191e-08,3.76622164084689e-07,0.028462687760720827,2.0980852623427274e-07,2.98911038036027e-08,7.829245583356472e-06,1.8113472466172515e-06,1.1913323264559785e-05,1.0091243443788144e-05,0.0006188061103864637,0.00032083946650006434,0.1940598036335538,0.06545014394059687,0.1960389151190159,0.049967423652996716,0.013943259532225505,0.026264853645182183,8.202742997734722e-05,7.133590214997271e-05,0.0004632911828537604,0.10636812724063285,0.061123717862930214,0.15583915580483312,0.05000784330043227,0.00123733202425854,0.17061987402833773,0.002611948869830106,0.471056891548489,0.050509782733558196,0.025227840862799344,0.2475394354823745,0.14820408347447872,0.08033694757520858,0.02281807459736876,0.040462534895958926,0.15961116926979235,0.0006628479198251236,0.013944741724227988
"(<Abstr_type.Q_STAR: 1>, 0.0, <Corr_type.UNI_RAND: 1>, 0.1, 4)",0.004753461429336267,0.10207221300493867,0.00010783585484169641,6.790955889544365e-26,0.0,0.0,1.8328613018400722e-42,1.9560652703658405e-18,0.0133936005495728,1.713761911054295e-07,2.1905040842749048e-11,0.0,0.0,4.521387218019743e-31,0.0,2.3966166714109258e-20,3.455952605666627e-05,2.5241252759468744e-12,5.9465795154752745e-05,0.0018126142487960976,0.003123215421326982,0.000576385771549655,0.0007047082559819169,0.005545414094526016,0.0,2.3107171241341228e-14,7.669482380610279e-08,6.98068442555604e-23,0.0,3.219492696471902e-33,0.022587450994662108,0.04128150742348274,0.02962899830951591,0.08426684443095363,0.003969683559876111,0.10943132847815226,0.12727481989374118,0.019940273058147676,0.043408979334561525,0.1150709499953857,0.0801369305903081,0.04297488954121591,0.017393311819649388,0.08342417598664409,0.03376443131613811,0.03586313671894212,0.03155965815421028,0.05098195213932564,0.02237800400979805,0.035504509510595327,0.12100121342750728,0.03622539062519406,0.06233221628982849,0.029039381243156543,0.11740735638749689,0.00980999717378216,0.05441669368194475,0.01884953883174045,0.15556427206802875,0.19656223544503765,0.1953304943061247,0.024233763271409692,0.04307524424246819,0.10302742348476068,0.1635813875194463,0.1317652350365684,0.09040873005329511,0.19211920200005375,0.02574013158078813,0.1040681045300613,0.07605345453566126,0.06170889425799301,0.12761787018533907,0.16032615436392994,3.783129621163047e-05,0.1524686007524835,0.15873123453236934,0.12346177745006608,0.05751672187337288,0.18829915869846595,0.005839509698339658,0.18454893888558696,0.13651091961029888,0.019622753472738463,0.05809769886199275,0.1883251615948361,0.03886672475385228,0.12780771912660835,0.1421119118068704,0.04996741388578454,9.441658300617852e-05,0.13721329027982945,0.13182950684143008,0.03700579277450141,0.14665190509112264,0.13849511390204228,0.013733104745168876,0.1259647262406471,0.03479796669334377,0.011635634395342244
