"(<Abstr_type.Q_STAR: 1>, 0.0, 'explicit errors', 0, 0)",0,"{(1, 11): 0.025881224358707502, (1, 10): 0.07053369217499647, (1, 9): 0.27721999870045727, (1, 8): 0.45055470372012857, (1, 7): 0.4775900381496967, (1, 5): 0.12706349742238918, (1, 4): 0.3564383152896976, (1, 3): 0.21491679381120493, (1, 2): 0.0641105362693383, (1, 1): 0.018745181486264053, (2, 11): 0.06794284201379523, (2, 10): 0.25074262451492463, (2, 9): 0.43386838851023224, (2, 8): 0.4863269159756831, (2, 7): 0.4876418305715221, (2, 5): 0.3734849563886956, (2, 4): 0.4869227239168865, (2, 3): 0.448075990191226, (2, 2): 0.21934367002999436, (2, 1): 0.08068856639851163, (3, 11): 0.09811836685145861, (3, 10): 0.43386838851023224, (3, 9): 0.42525727485487647, (3, 8): 0.49022535643799886, (3, 7): 0.5339990785970726, (3, 6): 0.48723259453431694, (3, 5): 0.45515921387861563, (3, 4): 0.47939335384805265, (3, 3): 0.4869227239168865, (3, 2): 0.448075990191226, (3, 1): 0.19362346532065777, (4, 11): 0.24957113491299204, (4, 10): 0.42525727485487647, (4, 9): 0.4067824411504381, (4, 8): 0.4846472575527533, (4, 7): 0.49676494721941805, (4, 5): 0.48987609608461385, (4, 4): 0.5314170448520291, (4, 3): 0.5404797805537441, (4, 2): 0.4869227239168865, (4, 1): 0.37166603446942825, (5, 11): 0.06533109247764506, (5, 10): 0.29502740495781016, (5, 9): 0.2951951911593042, (5, 8): 0.4310534756688318, (5, 7): 0.4824898253772154, (5, 5): 0.514944893746842, (5, 4): 0.5950169066903366, (5, 3): 0.6745112486621917, (5, 2): 0.5699265813254493, (5, 1): 0.5164718323905177, (6, 8): 0.19120186041927972, (6, 3): 0.7445950358237536, (7, 11): 0.7400945657305996, (7, 10): 0.25520858607101093, (7, 9): 0.15456691692415098, (7, 8): 0.5219023075657243, (7, 7): 0.1401549759276534, (7, 6): 0.31940192662526423, (7, 4): 0.49363658114071024, (7, 3): 0.5339990785970726, (7, 2): 0.5183234470802511, (7, 1): 0.4775900381496967, (8, 11): 0.9797425320676073, (8, 10): 0.7120179934853689, (8, 9): 0.6729146578915746, (8, 8): 0.6257874558071433, (8, 7): 0.5219023075657243, (8, 6): 0.5699357781185478, (8, 5): 0.5525938542510882, (8, 4): 0.5309890100702318, (8, 3): 0.6218030944280962, (8, 2): 0.4973571318312763, (8, 1): 0.440995493178727, (9, 11): 0.9899997314386101, (9, 10): 0.6468512325847369, (9, 9): 0.7120179934853689, (9, 8): 0.6729146578915746, (9, 7): 0.6257874558071433, (9, 6): 0.5897679057092156, (9, 4): 0.620351634922294, (9, 3): 0.6468512325847369, (9, 2): 0.6214591729236498, (9, 1): 0.4695710930988228, (10, 11): 0.9999999999979219, (10, 10): 0.989997576218416, (10, 9): 0.7445950358237536, (10, 8): 0.7120179934853689, (10, 7): 0.6729146578915746, (10, 6): 0.4853057093307776, (10, 4): 0.620641212986286, (10, 3): 0.6214591729236498, (10, 2): 0.47261598685667916, (10, 1): 0.27022502868544507, (11, 11): 0.0, (11, 10): 0.9997033421842042, (11, 9): 0.9856418436834362, (11, 8): 0.5720035606341725, (11, 7): 0.32805804360022983, (11, 6): 0.05941571912202285, (11, 4): 0.4798543621434451, (11, 3): 0.437781538266228, (11, 2): 0.26361913167414147, (11, 1): 0.10030776312379777}"
"(<Abstr_type.Q_STAR: 1>, 0.0, 'explicit errors', 0, 0)",1,"{(1, 11): 0.004151913442224865, (1, 10): 0.029205138647480883, (1, 9): 0.09800970726088908, (1, 8): 0.2297019359588598, (1, 7): 0.5744640380371367, (1, 5): 0.27263680762877274, (1, 4): 0.5499552921329836, (1, 3): 0.2770895071202302, (1, 2): 0.19250189575708396, (1, 1): 0.04578751753808205, (2, 11): 0.003011451848485401, (2, 10): 0.028621471903305197, (2, 9): 0.3673432988999431, (2, 8): 0.6108890862131338, (2, 7): 0.6902690797699086, (2, 5): 0.5728443320581978, (2, 4): 0.6391559029133627, (2, 3): 0.6220512993682115, (2, 2): 0.4426454248166327, (2, 1): 0.10503605031486656, (3, 11): 0.07080349399903021, (3, 10): 0.3673432988999431, (3, 9): 0.495159403191121, (3, 8): 0.6878285095852156, (3, 7): 0.7738110156716231, (3, 6): 0.5650064700406899, (3, 5): 0.6290873008124692, (3, 4): 0.6516580626995326, (3, 3): 0.6391559029133627, (3, 2): 0.6220512993682115, (3, 1): 0.22500662665565824, (4, 11): 0.19892533808254492, (4, 10): 0.495159403191121, (4, 9): 0.4770919596578378, (4, 8): 0.6468921051803935, (4, 7): 0.6895890195032824, (4, 5): 0.4374283299182528, (4, 4): 0.6755667546220152, (4, 3): 0.7141460076288956, (4, 2): 0.6391559029133627, (4, 1): 0.2913309715843365, (5, 11): 0.061767430139883325, (5, 10): 0.11256248176808353, (5, 9): 0.07766230846751529, (5, 8): 0.4609389365832891, (5, 7): 0.6427640061888299, (5, 5): 0.6347017525981412, (5, 4): 0.6907823031652714, (5, 3): 0.7710484176948379, (5, 2): 0.6687092494430882, (5, 1): 0.6149022657634311, (6, 8): 0.3318813289744572, (6, 3): 0.8276976059432865, (7, 11): 0.2357877993708778, (7, 10): 0.5769006457634138, (7, 9): 0.7541968224203929, (7, 8): 0.7907758203092748, (7, 7): 0.29604118523425343, (7, 6): 0.7071301634094324, (7, 4): 0.6705686800757327, (7, 3): 0.7738110156716231, (7, 2): 0.7141689612367302, (7, 1): 0.5744640380371367, (8, 11): 0.6287831551256806, (8, 10): 0.9243013097560773, (8, 9): 0.9021375358492759, (8, 8): 0.8759623374257547, (8, 7): 0.7907758203092748, (8, 6): 0.8439147753626877, (8, 5): 0.8402664492797969, (8, 4): 0.8400467481916203, (8, 3): 0.8496943189346121, (8, 2): 0.8038425642829093, (8, 1): 0.595787560541888, (9, 11): 0.9868459631774676, (9, 10): 0.8513374113373002, (9, 9): 0.9243013097560773, (9, 8): 0.9021375358492759, (9, 7): 0.8759623374257547, (9, 6): 0.8543927363360895, (9, 4): 0.8368943337923453, (9, 3): 0.8513374113373002, (9, 2): 0.7848079082907943, (9, 1): 0.2419006737872822, (10, 11): 0.9999998050998669, (10, 10): 0.9899313548667426, (10, 9): 0.8276976059432865, (10, 8): 0.9243013097560773, (10, 7): 0.9021375358492759, (10, 6): 0.7985456624455792, (10, 4): 0.7439581385494269, (10, 3): 0.7848079082907943, (10, 2): 0.3540315930406253, (10, 1): 0.09651805285919207, (11, 11): 0.0, (11, 10): 0.9999999999999062, (11, 9): 0.9899999999988501, (11, 8): 0.980099999985239, (11, 7): 0.963980760424283, (11, 6): 0.6970865956450373, (11, 4): 0.18795208094159846, (11, 3): 0.46249137475872676, (11, 2): 0.18983204777097346, (11, 1): 0.06317652739086507}"
"(<Abstr_type.Q_STAR: 1>, 0.0, 'explicit errors', 0, 0)",2,"{(1, 11): 0.01177128660557272, (1, 10): 0.031066517135742447, (1, 9): 0.17139593841981676, (1, 8): 0.29821350418004766, (1, 7): 0.37694483660987493, (1, 5): 0.05585541143973066, (1, 4): 0.08349303717617304, (1, 3): 0.0481030753942597, (1, 2): 0.05544897250677046, (1, 1): 0.03616237027301015, (2, 11): 0.019462708954732625, (2, 10): 0.10311184592460403, (2, 9): 0.3583301275544659, (2, 8): 0.4039526430777922, (2, 7): 0.39432837887468336, (2, 5): 0.12985347149039372, (2, 4): 0.25105399017772195, (2, 3): 0.1544361906758729, (2, 2): 0.0923430870187195, (2, 1): 0.056668784563933074, (3, 11): 0.1606721926136621, (3, 10): 0.3583301275544659, (3, 9): 0.3842093800456585, (3, 8): 0.39499890431325047, (3, 7): 0.4238307579618391, (3, 6): 0.3947958688147705, (3, 5): 0.2211669707196358, (3, 4): 0.2569236202106409, (3, 3): 0.25105399017772195, (3, 2): 0.1544361906758729, (3, 1): 0.07277057429427566, (4, 11): 0.04697843616946549, (4, 10): 0.3842093800456585, (4, 9): 0.35360176578635544, (4, 8): 0.3953563794498285, (4, 7): 0.39445860602066274, (4, 5): 0.19363141006379722, (4, 4): 0.30974671947359866, (4, 3): 0.3350500607528035, (4, 2): 0.25105399017772195, (4, 1): 0.13993406431266828, (5, 11): 0.02067348699401419, (5, 10): 0.14362605597512168, (5, 9): 0.18105582081112057, (5, 8): 0.35702836771542057, (5, 7): 0.39882336071363117, (5, 5): 0.2235172179256343, (5, 4): 0.3837996679881485, (5, 3): 0.45615686591562216, (5, 2): 0.3019452424891328, (5, 1): 0.23139912405243904, (6, 8): 0.1351916113333915, (6, 3): 0.4958027959256046, (7, 11): 0.06883762845611004, (7, 10): 0.4188605695331378, (7, 9): 0.14180411555075448, (7, 8): 0.7617750209544909, (7, 7): 0.4660196789470428, (7, 6): 0.1881669484443914, (7, 4): 0.8688509109713389, (7, 3): 0.4238307579618391, (7, 2): 0.3304754231787675, (7, 1): 0.37694483660987493, (8, 11): 0.35905840358629754, (8, 10): 0.9412530201419704, (8, 9): 0.9503641434015117, (8, 8): 0.9350494192783213, (8, 7): 0.7617750209544909, (8, 6): 0.9234861272483781, (8, 5): 0.9124691607918418, (8, 4): 0.8992451406904606, (8, 3): 0.8452284413370941, (8, 2): 0.2368950263498067, (8, 1): 0.15187927296220888, (9, 11): 0.158347252646728, (9, 10): 0.6741834996986489, (9, 9): 0.9412530201419704, (9, 8): 0.9503641434015117, (9, 7): 0.9350494192783213, (9, 6): 0.9335313205215446, (9, 4): 0.5407156507311566, (9, 3): 0.6741834996986489, (9, 2): 0.3313898425850355, (9, 1): 0.11452162633314991, (10, 11): 0.6320128446799935, (10, 10): 0.9844763699793944, (10, 9): 0.4958027959256046, (10, 8): 0.9412530201419704, (10, 7): 0.9503641434015117, (10, 6): 0.9433177381998485, (10, 4): 0.11396480415789238, (10, 3): 0.3313898425850355, (10, 2): 0.14461619628907849, (10, 1): 0.06594874928044438, (11, 11): 0.0, (11, 10): 0.9999999999995353, (11, 9): 0.9899999999933954, (11, 8): 0.9800999998465404, (11, 7): 0.9702989982891735, (11, 6): 0.8486714103046122, (11, 4): 0.05536218203207316, (11, 3): 0.1286552032588489, (11, 2): 0.057146880003318495, (11, 1): 0.0420057849291523}"
"(<Abstr_type.Q_STAR: 1>, 0.0, 'explicit errors', 0, 0)",3,"{(1, 11): 0.017793089074047093, (1, 10): 0.1116048721215823, (1, 9): 0.29683141688448283, (1, 8): 0.3682702239941574, (1, 7): 0.42669988642548395, (1, 5): 0.1033830040240009, (1, 4): 0.2346793726727494, (1, 3): 0.30265872176827874, (1, 2): 0.08856666739474278, (1, 1): 0.03499349796071871, (2, 11): 0.02099842954445818, (2, 10): 0.2900378969715928, (2, 9): 0.39417429543931953, (2, 8): 0.4789542221314052, (2, 7): 0.5706420765262876, (2, 5): 0.30025561148422564, (2, 4): 0.5998757085002858, (2, 3): 0.5117630703461044, (2, 2): 0.2391556092439436, (2, 1): 0.1507528584648386, (3, 11): 0.06158584031240671, (3, 10): 0.39417429543931953, (3, 9): 0.4458574557764886, (3, 8): 0.5615749792083525, (3, 7): 0.5981495890706593, (3, 6): 0.4680895835975387, (3, 5): 0.5225389091793654, (3, 4): 0.584352929005543, (3, 3): 0.5998757085002858, (3, 2): 0.5117630703461044, (3, 1): 0.29389454665939513, (4, 11): 0.2389645468280307, (4, 10): 0.4458574557764886, (4, 9): 0.4847029109548166, (4, 8): 0.564788389784694, (4, 7): 0.572661948084449, (4, 5): 0.4669231531388099, (4, 4): 0.6246534160242343, (4, 3): 0.6440366265849112, (4, 2): 0.5998757085002858, (4, 1): 0.36314750772267074, (5, 11): 0.029593424961873494, (5, 10): 0.15512804064963115, (5, 9): 0.2989606644649546, (5, 8): 0.4648496053542722, (5, 7): 0.5486291645076299, (5, 5): 0.5156976068285697, (5, 4): 0.6406016538383151, (5, 3): 0.6515646958945197, (5, 2): 0.6391128264989117, (5, 1): 0.5070006016788083, (6, 8): 0.43447568983187, (6, 3): 0.6523293867340809, (7, 11): 0.4861490745006659, (7, 10): 0.15635772404054885, (7, 9): 0.1360963170441122, (7, 8): 0.8184449481919057, (7, 7): 0.4920919612971509, (7, 6): 0.6743896922191034, (7, 4): 0.7424858323211564, (7, 3): 0.5981495890706593, (7, 2): 0.4775375167475684, (7, 1): 0.42669988642548395, (8, 11): 0.902982985731756, (8, 10): 0.8935997368040686, (8, 9): 0.934236186879543, (8, 8): 0.930396509947827, (8, 7): 0.8184449481919057, (8, 6): 0.861115079632099, (8, 5): 0.8186674349824945, (8, 4): 0.7847438522131259, (8, 3): 0.7628013090594755, (8, 2): 0.5904235026016628, (8, 1): 0.3612488870022295, (9, 11): 0.9840831771855565, (9, 10): 0.756739273636377, (9, 9): 0.8935997368040686, (9, 8): 0.934236186879543, (9, 7): 0.930396509947827, (9, 6): 0.9023626346075407, (9, 4): 0.5038371404746714, (9, 3): 0.756739273636377, (9, 2): 0.5132302696731301, (9, 1): 0.2958596903091378, (10, 11): 0.9999917225410954, (10, 10): 0.9872512318379096, (10, 9): 0.6523293867340809, (10, 8): 0.8935997368040686, (10, 7): 0.934236186879543, (10, 6): 0.7602258764836318, (10, 4): 0.18904207310241614, (10, 3): 0.5132302696731301, (10, 2): 0.22990768320699445, (10, 1): 0.1182853475981375, (11, 11): 0.0, (11, 10): 0.999999999999505, (11, 9): 0.989999999996415, (11, 8): 0.9800999999758444, (11, 7): 0.9702231641224945, (11, 6): 0.5956503462079565, (11, 4): 0.08818041980694416, (11, 3): 0.18554276171601367, (11, 2): 0.10613200847183393, (11, 1): 0.08078363669742526}"
"(<Abstr_type.Q_STAR: 1>, 0.0, 'explicit errors', 0, 0)",4,"{(1, 11): 0.0045212783179223925, (1, 10): 0.0618499023998029, (1, 9): 0.17960056851216893, (1, 8): 0.28630158117729715, (1, 7): 0.37090846164706476, (1, 5): 0.13068820800655717, (1, 4): 0.15851406511988161, (1, 3): 0.10298069461422214, (1, 2): 0.016894072820368262, (1, 1): 0.04025157366295353, (2, 11): 0.02488029030153914, (2, 10): 0.13955408158629373, (2, 9): 0.3936927713831806, (2, 8): 0.46329629908354897, (2, 7): 0.5552775422812556, (2, 5): 0.34054470809939047, (2, 4): 0.3542282701522295, (2, 3): 0.3124411839261983, (2, 2): 0.22259960752809957, (2, 1): 0.15129449021272512, (3, 11): 0.06147571096033886, (3, 10): 0.3936927713831806, (3, 9): 0.6351543535627847, (3, 8): 0.7642488248944856, (3, 7): 0.7588053052559408, (3, 6): 0.6572315466204846, (3, 5): 0.5287392695990885, (3, 4): 0.36343488687693143, (3, 3): 0.3542282701522295, (3, 2): 0.3124411839261983, (3, 1): 0.25307784517841003, (4, 11): 0.20826273223884625, (4, 10): 0.6351543535627847, (4, 9): 0.7110316008137014, (4, 8): 0.8294078240055944, (4, 7): 0.78891471090042, (4, 5): 0.27618084431329504, (4, 4): 0.293484155466524, (4, 3): 0.4156895332221293, (4, 2): 0.3542282701522295, (4, 1): 0.2862856355053573, (5, 11): 0.04308691258656888, (5, 10): 0.2504827681211284, (5, 9): 0.7133483364271302, (5, 8): 0.8634203745028826, (5, 7): 0.7473809284034305, (5, 5): 0.29278918200664616, (5, 4): 0.36827664414498984, (5, 3): 0.5988699197390052, (5, 2): 0.4356176706634248, (5, 1): 0.2776555684727434, (6, 8): 0.8944740427805357, (6, 3): 0.6957497543475587, (7, 11): 0.9702989867349997, (7, 10): 0.9605957718709314, (7, 9): 0.9254735488803153, (7, 8): 0.9146684210043668, (7, 7): 0.7451009950342704, (7, 6): 0.41707543598629176, (7, 4): 0.5339744153234964, (7, 3): 0.7588053052559408, (7, 2): 0.4308098975741001, (7, 1): 0.37090846164706476, (8, 11): 0.9800999999999983, (8, 10): 0.9491762319282426, (8, 9): 0.9387517181216796, (8, 8): 0.9278946588290596, (8, 7): 0.9146684210043668, (8, 6): 0.8914428409394621, (8, 5): 0.8569697936570809, (8, 4): 0.8259887544477226, (8, 3): 0.7845940004326798, (8, 2): 0.5768059563632206, (8, 1): 0.3117054996674466, (9, 11): 0.9899999999999989, (9, 10): 0.7773798763863634, (9, 9): 0.9491762319282426, (9, 8): 0.9387517181216796, (9, 7): 0.9278946588290596, (9, 6): 0.49987160103289596, (9, 4): 0.7535054118051685, (9, 3): 0.7773798763863634, (9, 2): 0.6559637580279288, (9, 1): 0.3546157020793635, (10, 11): 0.9999999999999994, (10, 10): 0.989678491696933, (10, 9): 0.6957497543475587, (10, 8): 0.9491762319282426, (10, 7): 0.9387517181216796, (10, 6): 0.6279740276333967, (10, 4): 0.6923987785617884, (10, 3): 0.6559637580279288, (10, 2): 0.36044711213137676, (10, 1): 0.2801406788987614, (11, 11): 0.0, (11, 10): 0.9654678502829918, (11, 9): 0.7051427626569504, (11, 8): 0.4914059487091133, (11, 7): 0.04098915298082123, (11, 6): 0.19967761105821707, (11, 4): 0.3828738847079576, (11, 3): 0.37305499907295203, (11, 2): 0.28547391054931864, (11, 1): 0.25551016298639084}"
"(<Abstr_type.Q_STAR: 1>, 0.0, 'explicit errors', 0, 0)",5,"{(1, 11): 0.009405152123771117, (1, 10): 0.03086986097309743, (1, 9): 0.03816844480201, (1, 8): 0.06678469952829723, (1, 7): 0.15044504115363933, (1, 5): 0.047911334086705885, (1, 4): 0.06849737625649599, (1, 3): 0.04764021311719853, (1, 2): 0.04774035646266839, (1, 1): 0.031912432799911704, (2, 11): 0.010402409843045208, (2, 10): 0.03065603396051034, (2, 9): 0.03793286248305124, (2, 8): 0.05727494017748846, (2, 7): 0.12358484519548112, (2, 5): 0.07455054631929217, (2, 4): 0.1592103992172643, (2, 3): 0.13741354042761797, (2, 2): 0.08088168180416942, (2, 1): 0.04853063834241556, (3, 11): 0.027210101214011868, (3, 10): 0.03793286248305124, (3, 9): 0.047213842980585494, (3, 8): 0.10412875141383253, (3, 7): 0.16915659477194037, (3, 6): 0.08254289711688152, (3, 5): 0.10892471659955615, (3, 4): 0.14178949014950962, (3, 3): 0.1592103992172643, (3, 2): 0.13741354042761797, (3, 1): 0.07858751030020777, (4, 11): 0.029444982552259056, (4, 10): 0.047213842980585494, (4, 9): 0.03660737899984082, (4, 8): 0.053157341816022774, (4, 7): 0.12113049198908463, (4, 5): 0.13123106555883318, (4, 4): 0.15974197545909585, (4, 3): 0.1605020436247344, (4, 2): 0.1592103992172643, (4, 1): 0.1318527130873231, (5, 11): 0.011823504819741154, (5, 10): 0.027746678882510346, (5, 9): 0.03280742843377996, (5, 8): 0.040936684872005254, (5, 7): 0.059279747843833816, (5, 5): 0.15704266214009874, (5, 4): 0.16149332398298566, (5, 3): 0.17095175846930816, (5, 2): 0.16166508562762258, (5, 1): 0.15516673477628717, (6, 8): 0.03389487058386943, (6, 3): 0.16819843405557855, (7, 11): 0.4151315341977744, (7, 10): 0.09778599339321432, (7, 9): 0.01766729473374933, (7, 8): 0.07464215838453755, (7, 7): 0.04929655772599276, (7, 6): 0.078327785927181, (7, 4): 0.16463558598775987, (7, 3): 0.16915659477194037, (7, 2): 0.16219202884012926, (7, 1): 0.15044504115363933, (8, 11): 0.962265587387432, (8, 10): 0.2290451297302312, (8, 9): 0.24764939655531734, (8, 8): 0.17273442984797127, (8, 7): 0.07464215838453755, (8, 6): 0.16283395201956463, (8, 5): 0.1381552088453661, (8, 4): 0.16165410726488202, (8, 3): 0.16173482802340422, (8, 2): 0.1603396233114821, (8, 1): 0.16055841339818347, (9, 11): 0.9893181067191633, (9, 10): 0.19528506364986345, (9, 9): 0.2290451297302312, (9, 8): 0.24764939655531734, (9, 7): 0.17273442984797127, (9, 6): 0.19539266640775022, (9, 4): 0.160161976704408, (9, 3): 0.19528506364986345, (9, 2): 0.16059390876968418, (9, 1): 0.15134625829250922, (10, 11): 0.9999999328002912, (10, 10): 0.9899113731073224, (10, 9): 0.16819843405557855, (10, 8): 0.2290451297302312, (10, 7): 0.24764939655531734, (10, 6): 0.23295638364588347, (10, 4): 0.162240700105429, (10, 3): 0.16059390876968418, (10, 2): 0.1661182141917182, (10, 1): 0.11238180376094524, (11, 11): 0.0, (11, 10): 0.9470969360656507, (11, 9): 0.815310867548423, (11, 8): 0.1424479443984551, (11, 7): 0.11361888595216793, (11, 6): 0.07647693172395549, (11, 4): 0.12185692333312033, (11, 3): 0.16981340632538194, (11, 2): 0.11329953113027941, (11, 1): 0.08478402822437313}"
"(<Abstr_type.Q_STAR: 1>, 0.0, 'explicit errors', 0, 0)",6,"{(1, 11): 0.012410828349090837, (1, 10): 0.08833109081117185, (1, 9): 0.2619768761509704, (1, 8): 0.35170117222051483, (1, 7): 0.3661039930274056, (1, 5): 0.14529358695261319, (1, 4): 0.05573962079084556, (1, 3): 0.08426921277552482, (1, 2): 0.012102600640783206, (1, 1): 0.0016321102782302114, (2, 11): 0.07360010170506548, (2, 10): 0.1338022452206878, (2, 9): 0.25763490866495464, (2, 8): 0.3699911584261552, (2, 7): 0.446198982004004, (2, 5): 0.3187210540610446, (2, 4): 0.362420646600756, (2, 3): 0.2947981982507791, (2, 2): 0.05870229773166113, (2, 1): 0.010227922591952486, (3, 11): 0.03516287612071857, (3, 10): 0.25763490866495464, (3, 9): 0.2823764829965231, (3, 8): 0.3907335532499685, (3, 7): 0.432295985070584, (3, 6): 0.42094136269339344, (3, 5): 0.38466681770186956, (3, 4): 0.35111090461478184, (3, 3): 0.362420646600756, (3, 2): 0.2947981982507791, (3, 1): 0.07963351303834432, (4, 11): 0.08041946928429701, (4, 10): 0.2823764829965231, (4, 9): 0.31014425282353725, (4, 8): 0.5327691339969823, (4, 7): 0.5204001147717152, (4, 5): 0.301647459112549, (4, 4): 0.3806567596844376, (4, 3): 0.4379815216208139, (4, 2): 0.362420646600756, (4, 1): 0.28349831666955977, (5, 11): 0.01256828923822901, (5, 10): 0.06556678008248255, (5, 9): 0.26035910766205056, (5, 8): 0.5435572300931683, (5, 7): 0.4034086119830334, (5, 5): 0.3794826728981238, (5, 4): 0.4391585006870249, (5, 3): 0.43064756357929185, (5, 2): 0.4397071557162124, (5, 1): 0.38059766830800434, (6, 8): 0.5512563669739424, (6, 3): 0.42703061016884347, (7, 11): 0.05748529224481028, (7, 10): 0.359204127258534, (7, 9): 0.45858181964888667, (7, 8): 0.5552724974530557, (7, 7): 0.41948934808650196, (7, 6): 0.03372587338108138, (7, 4): 0.43783606507485007, (7, 3): 0.432295985070584, (7, 2): 0.42533839445676197, (7, 1): 0.3661039930274056, (8, 11): 0.3849453152831417, (8, 10): 0.5339261935479424, (8, 9): 0.5598538128710606, (8, 8): 0.5595305446373766, (8, 7): 0.5552724974530557, (8, 6): 0.34647719878750366, (8, 5): 0.33978938359793176, (8, 4): 0.39413001986866414, (8, 3): 0.4273696355261567, (8, 2): 0.4072125008484636, (8, 1): 0.3475076452758041, (9, 11): 0.9024362830699977, (9, 10): 0.4315178183424244, (9, 9): 0.5339261935479424, (9, 8): 0.5598538128710606, (9, 7): 0.5595305446373766, (9, 6): 0.1955749073047527, (9, 4): 0.41069538837723485, (9, 3): 0.4315178183424244, (9, 2): 0.4142874720360289, (9, 1): 0.285619186954492, (10, 11): 0.9999776555647538, (10, 10): 0.9894730017954403, (10, 9): 0.42703061016884347, (10, 8): 0.5339261935479424, (10, 7): 0.5598538128710606, (10, 6): 0.3436745287994536, (10, 4): 0.3886427548749898, (10, 3): 0.4142874720360289, (10, 2): 0.36083106255313396, (10, 1): 0.13148363729474535, (11, 11): 0.0, (11, 10): 0.9999999115022087, (11, 9): 0.989999412366707, (11, 8): 0.9800721967920952, (11, 7): 0.8838048486964835, (11, 6): 0.03327277102898363, (11, 4): 0.2001598447330616, (11, 3): 0.3019460127028361, (11, 2): 0.16939489054300388, (11, 1): 0.0034529117835793914}"
"(<Abstr_type.Q_STAR: 1>, 0.0, 'explicit errors', 0, 0)",7,"{(1, 11): 0.07119720950201831, (1, 10): 0.07155028302723017, (1, 9): 0.10950284762414252, (1, 8): 0.16362492918800733, (1, 7): 0.16365109739879635, (1, 5): 0.08250055930821508, (1, 4): 0.08658533931403099, (1, 3): 0.08234017141851224, (1, 2): 0.07534762791309035, (1, 1): 0.0694208763530001, (2, 11): 0.07308059428180484, (2, 10): 0.10671399872760924, (2, 9): 0.15689996814808796, (2, 8): 0.16357473815253457, (2, 7): 0.1636575996643424, (2, 5): 0.1451768061032807, (2, 4): 0.19443134882237714, (2, 3): 0.1906335910169825, (2, 2): 0.10788772649999924, (2, 1): 0.07456317337196024, (3, 11): 0.07310619740047432, (3, 10): 0.15689996814808796, (3, 9): 0.1614565778337694, (3, 8): 0.16367478113130585, (3, 7): 0.17873629351599063, (3, 6): 0.16370351523298737, (3, 5): 0.15849167851819027, (3, 4): 0.1899433522317421, (3, 3): 0.19443134882237714, (3, 2): 0.1906335910169825, (3, 1): 0.1230188349015643, (4, 11): 0.10159538236232786, (4, 10): 0.1614565778337694, (4, 9): 0.15261693722039496, (4, 8): 0.1650323752640401, (4, 7): 0.16350652580998937, (4, 5): 0.1886926237950452, (4, 4): 0.1974350716781176, (4, 3): 0.2238294607212464, (4, 2): 0.19443134882237714, (4, 1): 0.179249597448262, (5, 11): 0.07291412973729361, (5, 10): 0.09137256230994084, (5, 9): 0.09634412805191439, (5, 8): 0.1473931057740482, (5, 7): 0.16354691792099327, (5, 5): 0.1998087396753214, (5, 4): 0.22284183913546513, (5, 3): 0.37360325942444933, (5, 2): 0.2277163018005653, (5, 1): 0.19357077196334788, (6, 8): 0.16086193554263484, (6, 3): 0.5306643551202169, (7, 11): 0.051981462286852534, (7, 10): 0.18055357400967353, (7, 9): 0.10261886787271397, (7, 8): 0.5456832175374869, (7, 7): 0.21372156317308805, (7, 6): 0.11653092721866802, (7, 4): 0.16588074155756036, (7, 3): 0.17873629351599063, (7, 2): 0.1751240692265107, (7, 1): 0.16365109739879635, (8, 11): 0.5032673844909431, (8, 10): 0.6862323574854583, (8, 9): 0.6198352739191616, (8, 8): 0.581619924310637, (8, 7): 0.5456832175374869, (8, 6): 0.48345741755442445, (8, 5): 0.4014286761122496, (8, 4): 0.3105839958363986, (8, 3): 0.24263660294231051, (8, 2): 0.190930364810392, (8, 1): 0.1307208294127678, (9, 11): 0.9431193995921767, (9, 10): 0.27431603434012275, (9, 9): 0.6862323574854583, (9, 8): 0.6198352739191616, (9, 7): 0.581619924310637, (9, 6): 0.3143257419704434, (9, 4): 0.1425623862210561, (9, 3): 0.27431603434012275, (9, 2): 0.17900950711658212, (9, 1): 0.15629899084116197, (10, 11): 0.9999962412563277, (10, 10): 0.9898391954863119, (10, 9): 0.5306643551202169, (10, 8): 0.6862323574854583, (10, 7): 0.6198352739191616, (10, 6): 0.09815457229145633, (10, 4): 0.12236336710372231, (10, 3): 0.17900950711658212, (10, 2): 0.1367720610796844, (10, 1): 0.1166314132499289, (11, 11): 0.0, (11, 10): 0.9998954234630678, (11, 9): 0.9891569563166802, (11, 8): 0.9761620821163498, (11, 7): 0.35167784020941184, (11, 6): 0.07601824498003626, (11, 4): 0.1121235762433453, (11, 3): 0.12320391786001571, (11, 2): 0.09868550578933054, (11, 1): 0.08701640679548085}"
"(<Abstr_type.Q_STAR: 1>, 0.0, 'explicit errors', 0, 0)",8,"{(1, 11): 0.011345829289470638, (1, 10): 0.011963140368608129, (1, 9): 0.012892996632509498, (1, 8): 0.014115063918101526, (1, 7): 0.01567180122498538, (1, 5): 0.012561862707579691, (1, 4): 0.01295678233761097, (1, 3): 0.012950897677234244, (1, 2): 0.011800758900079202, (1, 1): 0.011449897885386523, (2, 11): 0.011332743135898353, (2, 10): 0.011679749935284776, (2, 9): 0.012137948732503267, (2, 8): 0.013146031266182369, (2, 7): 0.015920511446387613, (2, 5): 0.012950053560436261, (2, 4): 0.014402940288932575, (2, 3): 0.012909338005130569, (2, 2): 0.013019033298355331, (2, 1): 0.012572993603741148, (3, 11): 0.011374697819959739, (3, 10): 0.012137948732503267, (3, 9): 0.013031301193211798, (3, 8): 0.01589792355143837, (3, 7): 0.015928611256756608, (3, 6): 0.015929666539914393, (3, 5): 0.014107763690725637, (3, 4): 0.012934708175961011, (3, 3): 0.014402940288932575, (3, 2): 0.012909338005130569, (3, 1): 0.012831666771815109, (4, 11): 0.011400011577512404, (4, 10): 0.013031301193211798, (4, 9): 0.012038761827715008, (4, 8): 0.01377624128169908, (4, 7): 0.015804908772941075, (4, 5): 0.012926940321879826, (4, 4): 0.014356812752563064, (4, 3): 0.021902377896615702, (4, 2): 0.014402940288932575, (4, 1): 0.012880134966781746, (5, 11): 0.011481658601286481, (5, 10): 0.011357635926170827, (5, 9): 0.011416806161656684, (5, 8): 0.011807693849639032, (5, 7): 0.013424397233618345, (5, 5): 0.013482150907648401, (5, 4): 0.021904196882785814, (5, 3): 0.021519101636341697, (5, 2): 0.022444740605988372, (5, 1): 0.013566793276557465, (6, 8): 0.011381065799618978, (6, 3): 0.02151823632925024, (7, 11): 0.012956870687837392, (7, 10): 0.0073071544194556045, (7, 9): 0.011356879430863555, (7, 8): 0.0130320735121283, (7, 7): 0.012422308975452104, (7, 6): 0.013263150122642642, (7, 4): 0.020961898624242803, (7, 3): 0.015928611256756608, (7, 2): 0.021820448415878133, (7, 1): 0.01567180122498538, (8, 11): 0.23537891874692946, (8, 10): 0.02970610442084547, (8, 9): 0.01541119618325445, (8, 8): 0.011715304367447643, (8, 7): 0.0130320735121283, (8, 6): 0.012930848390222039, (8, 5): 0.012938135322103918, (8, 4): 0.014078729136565207, (8, 3): 0.021582887866364982, (8, 2): 0.015455185500973181, (8, 1): 0.0130328064346073, (9, 11): 0.6000563483351338, (9, 10): 0.013559920328612706, (9, 9): 0.02970610442084547, (9, 8): 0.01541119618325445, (9, 7): 0.011715304367447643, (9, 6): 0.013428750175286426, (9, 4): 0.0129236672077334, (9, 3): 0.013559920328612706, (9, 2): 0.012946730537744295, (9, 1): 0.0129117073419197, (10, 11): 0.8764509961837692, (10, 10): 0.7734052537336106, (10, 9): 0.02151823632925024, (10, 8): 0.02970610442084547, (10, 7): 0.01541119618325445, (10, 6): 0.011590735195144924, (10, 4): 0.012928580451745157, (10, 3): 0.012946730537744295, (10, 2): 0.012915050671668284, (10, 1): 0.012897350814308598, (11, 11): 0.0, (11, 10): 0.9435782312819613, (11, 9): 0.08808271254040664, (11, 8): 0.010369382127138959, (11, 7): 0.006075294500237458, (11, 6): 0.009651069099091891, (11, 4): 0.012933033750225507, (11, 3): 0.01293686287646729, (11, 2): 0.012946963269160672, (11, 1): 0.01286756094475202}"
"(<Abstr_type.Q_STAR: 1>, 0.0, 'explicit errors', 0, 0)",9,"{(1, 11): 0.023435775411413007, (1, 10): 0.032112878181551265, (1, 9): 0.2387214405489997, (1, 8): 0.3958936878499235, (1, 7): 0.4447190385678795, (1, 5): 0.035470751418856146, (1, 4): 0.12761934665364288, (1, 3): 0.022117558564012575, (1, 2): 0.011343293873927972, (1, 1): 0.013170328393064774, (2, 11): 0.0947439999970056, (2, 10): 0.33049070951055204, (2, 9): 0.44185684109463114, (2, 8): 0.440426433610572, (2, 7): 0.4408487714382634, (2, 5): 0.12745543136784787, (2, 4): 0.39425724204688467, (2, 3): 0.24297822009286815, (2, 2): 0.0519038130328946, (2, 1): 0.027472346964233813, (3, 11): 0.16572587585024906, (3, 10): 0.44185684109463114, (3, 9): 0.44027074445751496, (3, 8): 0.4398448960780067, (3, 7): 0.4654858285182669, (3, 6): 0.44121123244908467, (3, 5): 0.36974192687642377, (3, 4): 0.29369923466929027, (3, 3): 0.39425724204688467, (3, 2): 0.24297822009286815, (3, 1): 0.07930998189587672, (4, 11): 0.11925919244186896, (4, 10): 0.44027074445751496, (4, 9): 0.4151857685092255, (4, 8): 0.4425800265566401, (4, 7): 0.43893926959528434, (4, 5): 0.43388582792823643, (4, 4): 0.46201523052559185, (4, 3): 0.4658222726951783, (4, 2): 0.39425724204688467, (4, 1): 0.192704165037279, (5, 11): 0.01666408946547116, (5, 10): 0.12608579209572798, (5, 9): 0.0709886516530941, (5, 8): 0.3542830015150948, (5, 7): 0.4397420833339421, (5, 5): 0.4715426801613026, (5, 4): 0.5004797199878217, (5, 3): 0.5198499363573224, (5, 2): 0.47331820555930215, (5, 1): 0.3512261990309548, (6, 8): 0.17933903690749242, (6, 3): 0.5161249846626126, (7, 11): 0.09193288330828997, (7, 10): 0.30086731370314446, (7, 9): 0.6090539102234458, (7, 8): 0.7859509690635459, (7, 7): 0.16630914946048692, (7, 6): 0.6331968187749895, (7, 4): 0.8415726447169798, (7, 3): 0.4654858285182669, (7, 2): 0.4425715636469284, (7, 1): 0.4447190385678795, (8, 11): 0.5434936396895736, (8, 10): 0.8570273302184934, (8, 9): 0.9390813286792891, (8, 8): 0.9091466922010106, (8, 7): 0.7859509690635459, (8, 6): 0.8763143602810949, (8, 5): 0.8660247573450205, (8, 4): 0.8559405911824388, (8, 3): 0.6346796574544107, (8, 2): 0.3311057608900579, (8, 1): 0.13882608789348408, (9, 11): 0.5600368979159663, (9, 10): 0.750906012513588, (9, 9): 0.8570273302184934, (9, 8): 0.9390813286792891, (9, 7): 0.9091466922010106, (9, 6): 0.8898589236271836, (9, 4): 0.8385103391275178, (9, 3): 0.750906012513588, (9, 2): 0.4924953194847054, (9, 1): 0.15591348664341298, (10, 11): 0.5657616286671968, (10, 10): 0.9875298756771644, (10, 9): 0.5161249846626126, (10, 8): 0.8570273302184934, (10, 7): 0.9390813286792891, (10, 6): 0.8739107243368007, (10, 4): 0.21082618112694448, (10, 3): 0.4924953194847054, (10, 2): 0.2780208347469876, (10, 1): 0.0866052252146608, (11, 11): 0.0, (11, 10): 0.9999999999999152, (11, 9): 0.9899999999918488, (11, 8): 0.9800999998454908, (11, 7): 0.970298963209539, (11, 6): 0.5293153971368607, (11, 4): 0.08124262238964963, (11, 3): 0.2695238746130864, (11, 2): 0.10020686587200008, (11, 1): 0.01950532637703835}"
"(<Abstr_type.Q_STAR: 1>, 0.0, 'explicit errors', 1, 0)",0,"{(1, 11): 0.006972267899867156, (1, 10): 0.07853896819773984, (1, 9): 0.28979556862201933, (1, 8): 0.12034727850179051, (1, 7): 0.03668635807596674, (1, 5): 0.07306620993442973, (1, 4): 0.05069630147445377, (1, 3): 0.03368522082417717, (1, 2): 0.07306620993442973, (1, 1): 0.003825903416647388, (2, 11): 0.03953909634195052, (2, 10): 0.22946214300874623, (2, 9): 0.6334567387797919, (2, 8): 0.4304369516068087, (2, 7): 0.40975143180398715, (2, 5): 0.5564464154820986, (2, 4): 0.34120565507159917, (2, 3): 0.19390594416346407, (2, 2): 0.09386001448859192, (2, 1): 0.009868217372420239, (3, 11): 0.2882206672371561, (3, 10): 0.6334567387797919, (3, 9): 0.7099622620052843, (3, 8): 0.8701570127332716, (3, 7): 0.8883365346645344, (3, 6): 0.7099622620052843, (3, 5): 0.6900283018392199, (3, 4): 0.5936614342115787, (3, 3): 0.34120565507159917, (3, 2): 0.19390594416346407, (3, 1): 0.012928592530561448, (4, 11): 0.6035516678681421, (4, 10): 0.7099622620052843, (4, 9): 0.8931277210994367, (4, 8): 0.9133192378395353, (4, 7): 0.90359917102993, (4, 5): 0.4438551955600002, (4, 4): 0.27630156491489904, (4, 3): 0.184547560724964, (4, 2): 0.34120565507159917, (4, 1): 0.12140143174502499, (5, 11): 0.17579024255047856, (5, 10): 0.3662829902305399, (5, 9): 0.7521572119252135, (5, 8): 0.922628094835146, (5, 7): 0.7689514958764391, (5, 5): 0.1358215524810711, (5, 4): 0.07304242365244716, (5, 3): 0.4189834223538061, (5, 2): 0.10123058175764363, (5, 1): 0.023875264546324097, (6, 8): 0.93199836544374, (6, 3): 0.7079303321544322, (7, 11): 0.7024920140468748, (7, 10): 0.9305516241944429, (7, 9): 0.8408704956342791, (7, 8): 0.9414466900023198, (7, 7): 0.8164725271205794, (7, 6): 0.7567100160806125, (7, 4): 0.6939518009631236, (7, 3): 0.8883365346645344, (7, 2): 0.4152022606402071, (7, 1): 0.03668635807596674, (8, 11): 0.9800695847808147, (8, 10): 0.9702906411668603, (8, 9): 0.9605819773267302, (8, 8): 0.9509679354048316, (8, 7): 0.9414466900023198, (8, 6): 0.9319817365712565, (8, 5): 0.9225076899250799, (8, 4): 0.9127768356714586, (8, 3): 0.9005630422065413, (8, 2): 0.6728163389236139, (8, 1): 0.12102947715809706, (9, 11): 0.9899999999999846, (9, 10): 0.9800999997298839, (9, 9): 0.9702906411668603, (9, 8): 0.9605819773267302, (9, 7): 0.9509679354048316, (9, 6): 0.681748722634561, (9, 4): 0.730721850823753, (9, 3): 0.8057495506623031, (9, 2): 0.5796717598756093, (9, 1): 0.11339776416674968, (10, 11): 0.9999999999999994, (10, 10): 0.9899999997170514, (10, 9): 0.9800999997298839, (10, 8): 0.9702906411668603, (10, 7): 0.9605819773267302, (10, 6): 0.9383200466800071, (10, 4): 0.09163715369533987, (10, 3): 0.5796717598756093, (10, 2): 0.10820359566110518, (10, 1): 0.01347697379625382, (11, 11): 0.0, (11, 10): 0.9607483896269053, (11, 9): 0.954753801274749, (11, 8): 0.8315401537787065, (11, 7): 0.7762963963163453, (11, 6): 0.385310262817685, (11, 4): 0.0383473012322506, (11, 3): 0.31338998080387415, (11, 2): 0.05840568074221563, (11, 1): 0.0026036201147554812}"
"(<Abstr_type.Q_STAR: 1>, 0.0, 'explicit errors', 1, 0)",1,"{(1, 11): 0.0003377219446815402, (1, 10): 0.011386773526176053, (1, 9): 0.0682499948829137, (1, 8): 0.17808313080424487, (1, 7): 0.13418060808714904, (1, 5): 0.11687029004175724, (1, 4): 0.03845502035453957, (1, 3): 0.007250268055978582, (1, 2): 0.11687029004175724, (1, 1): 0.01882059265119707, (2, 11): 0.011962218529993986, (2, 10): 0.11910482904942768, (2, 9): 0.40237643988790095, (2, 8): 0.6956555754869579, (2, 7): 0.3882928834065587, (2, 5): 0.2409622029934878, (2, 4): 0.5970210152346963, (2, 3): 0.30692745947866484, (2, 2): 0.06000885658366369, (2, 1): 0.020408736525456852, (3, 11): 0.07336023162425281, (3, 10): 0.40237643988790095, (3, 9): 0.41017632011903277, (3, 8): 0.8473469589016918, (3, 7): 0.8743212020301968, (3, 6): 0.41017632011903277, (3, 5): 0.36358403524800514, (3, 4): 0.3342328598886126, (3, 3): 0.5970210152346963, (3, 2): 0.30692745947866484, (3, 1): 0.061273505738584054, (4, 11): 0.04044346124492889, (4, 10): 0.41017632011903277, (4, 9): 0.14396781094296296, (4, 8): 0.9009154987353017, (4, 7): 0.62625158026475, (4, 5): 0.12933537926086375, (4, 4): 0.17272481697503095, (4, 3): 0.7274245324529071, (4, 2): 0.5970210152346963, (4, 1): 0.19375470276978818, (5, 11): 0.13025032438848563, (5, 10): 0.5106433320464456, (5, 9): 0.8447712509260684, (5, 8): 0.9220574868498735, (5, 7): 0.8558815500802335, (5, 5): 0.06272348602395252, (5, 4): 0.5795063120350465, (5, 3): 0.8151539280777046, (5, 2): 0.7291981162262281, (5, 1): 0.2583746340472171, (6, 8): 0.9319134808599641, (6, 3): 0.8453981924498829, (7, 11): 0.35657085848636966, (7, 10): 0.7138185559476594, (7, 9): 0.44837185671456264, (7, 8): 0.9414359650248834, (7, 7): 0.9043106861447735, (7, 6): 0.601755494727993, (7, 4): 0.8531209989186133, (7, 3): 0.8743212020301968, (7, 2): 0.5082217336071638, (7, 1): 0.13418060808714904, (8, 11): 0.871898629699726, (8, 10): 0.9702731343727103, (8, 9): 0.9605635304134746, (8, 8): 0.9509514410150496, (8, 7): 0.9414359650248834, (8, 6): 0.9320034582552367, (8, 5): 0.9226559737630315, (8, 4): 0.9133799689286836, (8, 3): 0.9040016942018628, (8, 2): 0.5176235613000406, (8, 1): 0.14774718916554425, (9, 11): 0.9899458211610469, (9, 10): 0.980046207939716, (9, 9): 0.9702731343727103, (9, 8): 0.9605635304134746, (9, 7): 0.9509514410150496, (9, 6): 0.8674415067082938, (9, 4): 0.8850534340728774, (9, 3): 0.7844257344631773, (9, 2): 0.5795216088380066, (9, 1): 0.1716637582381428, (10, 11): 0.9999999999929577, (10, 10): 0.9899999703995399, (10, 9): 0.980046207939716, (10, 8): 0.9702731343727103, (10, 7): 0.9605635304134746, (10, 6): 0.8040037745758307, (10, 4): 0.7496677776335704, (10, 3): 0.5795216088380066, (10, 2): 0.1378133801402595, (10, 1): 0.004602942717229459, (11, 11): 0.0, (11, 10): 0.9999999999979527, (11, 9): 0.9899999999748152, (11, 8): 0.9800999997289168, (11, 7): 0.9229117449089594, (11, 6): 0.28683343799146677, (11, 4): 0.17933370114939576, (11, 3): 0.1591261497952022, (11, 2): 0.013307086371925358, (11, 1): 0.0006378841642392828}"
"(<Abstr_type.Q_STAR: 1>, 0.0, 'explicit errors', 1, 0)",2,"{(1, 11): 0.0008451112553350214, (1, 10): 0.03703343288740131, (1, 9): 0.1893851296394437, (1, 8): 0.02895070971894049, (1, 7): 0.059436941124146395, (1, 5): 0.02113447443754588, (1, 4): 0.0986179327972378, (1, 3): 0.013646931917695991, (1, 2): 0.02113447443754588, (1, 1): 0.001968807119549571, (2, 11): 0.01751908532593023, (2, 10): 0.12150090839269355, (2, 9): 0.4253055364030964, (2, 8): 0.09145970633107157, (2, 7): 0.28820907133397944, (2, 5): 0.08335856210611012, (2, 4): 0.3799446218498336, (2, 3): 0.23245205775965175, (2, 2): 0.10148170770559474, (2, 1): 0.008730863698222681, (3, 11): 0.12635374721725184, (3, 10): 0.4253055364030964, (3, 9): 0.5979288593266964, (3, 8): 0.474066882744646, (3, 7): 0.8393794662097257, (3, 6): 0.5979288593266964, (3, 5): 0.4282097710629312, (3, 4): 0.1722109205083179, (3, 3): 0.3799446218498336, (3, 2): 0.23245205775965175, (3, 1): 0.027772232010600667, (4, 11): 0.3280451968057268, (4, 10): 0.5979288593266964, (4, 9): 0.6376431104921166, (4, 8): 0.8543224334129105, (4, 7): 0.7955743413985229, (4, 5): 0.062442877891750265, (4, 4): 0.03809224916150946, (4, 3): 0.4181984289251068, (4, 2): 0.3799446218498336, (4, 1): 0.030324320135964367, (5, 11): 0.3881499589508582, (5, 10): 0.8225009682299386, (5, 9): 0.8885665106960892, (5, 8): 0.9098331725021513, (5, 7): 0.8816814986556294, (5, 5): 0.04723376461976001, (5, 4): 0.22109547582517852, (5, 3): 0.7591611848341525, (5, 2): 0.6355001438718585, (5, 1): 0.21221561147113174, (6, 8): 0.9219162202387592, (6, 3): 0.8172519454865093, (7, 11): 0.6389961842631048, (7, 10): 0.8139844602178863, (7, 9): 0.8471696288226406, (7, 8): 0.9369786752979394, (7, 7): 0.8944605582982103, (7, 6): 0.6292233257650472, (7, 4): 0.8057005281730522, (7, 3): 0.8393794662097257, (7, 2): 0.41270919842341913, (7, 1): 0.059436941124146395, (8, 11): 0.9787860286845865, (8, 10): 0.9696978991710407, (8, 9): 0.9593830405596777, (8, 8): 0.948713372106354, (8, 7): 0.9369786752979394, (8, 6): 0.9226924760273219, (8, 5): 0.9108706969661613, (8, 4): 0.9009606117158281, (8, 3): 0.8917282987445336, (8, 2): 0.7182615574517932, (8, 1): 0.20855121824270229, (9, 11): 0.9899999999988542, (9, 10): 0.9800999999455435, (9, 9): 0.9696978991710407, (9, 8): 0.9593830405596777, (9, 7): 0.948713372106354, (9, 6): 0.9080510889712803, (9, 4): 0.8266089871737377, (9, 3): 0.8396948788849942, (9, 2): 0.6932027923960032, (9, 1): 0.26901590483949683, (10, 11): 0.9999999999999994, (10, 10): 0.9899999997995369, (10, 9): 0.9800999999455435, (10, 8): 0.9696978991710407, (10, 7): 0.9593830405596777, (10, 6): 0.558241212581142, (10, 4): 0.29639048325869527, (10, 3): 0.6932027923960032, (10, 2): 0.15768206276088487, (10, 1): 0.03359111763721733, (11, 11): 0.0, (11, 10): 0.9993370181333084, (11, 9): 0.9695365172390675, (11, 8): 0.9352864075394229, (11, 7): 0.9093845552095017, (11, 6): 0.559925961935285, (11, 4): 0.09843027552598153, (11, 3): 0.4200720146117619, (11, 2): 0.12265973607359718, (11, 1): 0.018494111045711584}"
"(<Abstr_type.Q_STAR: 1>, 0.0, 'explicit errors', 1, 0)",3,"{(1, 11): 0.0003443808647785928, (1, 10): 0.05679126918670351, (1, 9): 0.10097841330616808, (1, 8): 0.02859634786869862, (1, 7): 0.06698197384224404, (1, 5): 0.07167191463673384, (1, 4): 0.031088442437606154, (1, 3): 0.022694017055030633, (1, 2): 0.07167191463673384, (1, 1): 0.044896345026413584, (2, 11): 0.08378077875132321, (2, 10): 0.20421680790134727, (2, 9): 0.5838139638426154, (2, 8): 0.18756392587426343, (2, 7): 0.2969620054426296, (2, 5): 0.4946719103887748, (2, 4): 0.3469234284885337, (2, 3): 0.1473847994960215, (2, 2): 0.06086489921666337, (2, 1): 0.02900257329867309, (3, 11): 0.41344557043934704, (3, 10): 0.5838139638426154, (3, 9): 0.7407332329223025, (3, 8): 0.6250793961747058, (3, 7): 0.8748039161887267, (3, 6): 0.7407332329223025, (3, 5): 0.6515713116083871, (3, 4): 0.49429648529723513, (3, 3): 0.3469234284885337, (3, 2): 0.1473847994960215, (3, 1): 0.025064817878302573, (4, 11): 0.6439083035847379, (4, 10): 0.7407332329223025, (4, 9): 0.821310316907735, (4, 8): 0.9101667947811841, (4, 7): 0.8959212500730338, (4, 5): 0.31058810834589856, (4, 4): 0.029174252222791776, (4, 3): 0.23053050103778006, (4, 2): 0.3469234284885337, (4, 1): 0.014270369868540612, (5, 11): 0.564382770826853, (5, 10): 0.7788120078481521, (5, 9): 0.895439588798714, (5, 8): 0.9203843477787184, (5, 7): 0.598794176137307, (5, 5): 0.09204638198135266, (5, 4): 0.05681385627796377, (5, 3): 0.45362954147664053, (5, 2): 0.11401605678845741, (5, 1): 0.006265210448790246, (6, 8): 0.9295057257150896, (6, 3): 0.6775468832252545, (7, 11): 0.8840524784853855, (7, 10): 0.6766135979295663, (7, 9): 0.8585585488735122, (7, 8): 0.9378922818454987, (7, 7): 0.8221274262187255, (7, 6): 0.7678530801793555, (7, 4): 0.5589681266903795, (7, 3): 0.8748039161887267, (7, 2): 0.5531197201390605, (7, 1): 0.06698197384224404, (8, 11): 0.9797932905503857, (8, 10): 0.9673689198760459, (8, 9): 0.9557602412620669, (8, 8): 0.9462949188113857, (8, 7): 0.9378922818454987, (8, 6): 0.929002305992335, (8, 5): 0.9174355470726853, (8, 4): 0.9043648146816122, (8, 3): 0.884023170545967, (8, 2): 0.7151281026987006, (8, 1): 0.09962033155830133, (9, 11): 0.9899999999999552, (9, 10): 0.9800999999991088, (9, 9): 0.9673689198760459, (9, 8): 0.9557602412620669, (9, 7): 0.9462949188113857, (9, 6): 0.8623036966955413, (9, 4): 0.7078456546136177, (9, 3): 0.7658173533406955, (9, 2): 0.5870198443301531, (9, 1): 0.09529706350089842, (10, 11): 0.9999999999999994, (10, 10): 0.989999999999211, (10, 9): 0.9800999999991088, (10, 8): 0.9673689198760459, (10, 7): 0.9557602412620669, (10, 6): 0.22975765245340501, (10, 4): 0.21536845943528132, (10, 3): 0.5870198443301531, (10, 2): 0.08518077710127583, (10, 1): 0.0026490396096352955, (11, 11): 0.0, (11, 10): 0.905384708146813, (11, 9): 0.9702867947826073, (11, 8): 0.9565187039411678, (11, 7): 0.6132076859360445, (11, 6): 0.12585656473480838, (11, 4): 0.07230480564550355, (11, 3): 0.2870426271640523, (11, 2): 0.05597526404761269, (11, 1): 0.00018502717609057419}"
"(<Abstr_type.Q_STAR: 1>, 0.0, 'explicit errors', 1, 0)",4,"{(1, 11): 0.001906975987629859, (1, 10): 0.011566332653333407, (1, 9): 0.11560811250240069, (1, 8): 0.01183246034556451, (1, 7): 0.1382247066295232, (1, 5): 0.002340825451104991, (1, 4): 0.10338316614878847, (1, 3): 0.01706124215523625, (1, 2): 0.002340825451104991, (1, 1): 0.0003732090485464162, (2, 11): 0.03445924653468978, (2, 10): 0.07833696768180962, (2, 9): 0.36928349615745576, (2, 8): 0.07298598237240843, (2, 7): 0.35582176090513407, (2, 5): 0.11763534178041332, (2, 4): 0.3379930132778316, (2, 3): 0.17161643100417798, (2, 2): 0.02246695748431307, (2, 1): 0.010290676431915554, (3, 11): 0.2680736327172634, (3, 10): 0.36928349615745576, (3, 9): 0.444412107617291, (3, 8): 0.36615523218770185, (3, 7): 0.8430759565911646, (3, 6): 0.444412107617291, (3, 5): 0.32554620196582523, (3, 4): 0.13627776616164303, (3, 3): 0.3379930132778316, (3, 2): 0.17161643100417798, (3, 1): 0.04856887499602994, (4, 11): 0.39370575698409244, (4, 10): 0.444412107617291, (4, 9): 0.75535549668958, (4, 8): 0.8056091236528593, (4, 7): 0.7959555532639229, (4, 5): 0.0733314854456919, (4, 4): 0.08475964215246179, (4, 3): 0.519754391134795, (4, 2): 0.3379930132778316, (4, 1): 0.02228330117415696, (5, 11): 0.43119256704336867, (5, 10): 0.8116834538342862, (5, 9): 0.8854284147026213, (5, 8): 0.9028804395246032, (5, 7): 0.8769641804070913, (5, 5): 0.10873251085303304, (5, 4): 0.4328853645813195, (5, 3): 0.758982975188602, (5, 2): 0.5829919026789739, (5, 1): 0.1492432981126283, (6, 8): 0.9152721858003391, (6, 3): 0.8071489281650615, (7, 11): 0.9161506802247601, (7, 10): 0.7788379473158494, (7, 9): 0.8195041541516481, (7, 8): 0.9279253540574827, (7, 7): 0.7357383118833188, (7, 6): 0.7257633732077412, (7, 4): 0.7206944545763757, (7, 3): 0.8430759565911646, (7, 2): 0.4982621632905772, (7, 1): 0.1382247066295232, (8, 11): 0.94212949932621, (8, 10): 0.9556345452445162, (8, 9): 0.9466934556049705, (8, 8): 0.9383524533401154, (8, 7): 0.9279253540574827, (8, 6): 0.9156298991368869, (8, 5): 0.9031759489756271, (8, 4): 0.8901115193851854, (8, 3): 0.8770775718999617, (8, 2): 0.7716741057569372, (8, 1): 0.4619281446078691, (9, 11): 0.9619141169869257, (9, 10): 0.9800999998909705, (9, 9): 0.9556345452445162, (9, 8): 0.9466934556049705, (9, 7): 0.9383524533401154, (9, 6): 0.9279161624284717, (9, 4): 0.6405598511715658, (9, 3): 0.6952610054479985, (9, 2): 0.3868971522150777, (9, 1): 0.08591306563243215, (10, 11): 0.9999999999916371, (10, 10): 0.9899999999179109, (10, 9): 0.9800999998909705, (10, 8): 0.9556345452445162, (10, 7): 0.9466934556049705, (10, 6): 0.8826276824070246, (10, 4): 0.1951605898744084, (10, 3): 0.3868971522150777, (10, 2): 0.0007882790462173194, (10, 1): 0.005471596432687887, (11, 11): 0.0, (11, 10): 0.9999999999982518, (11, 9): 0.9899999999768304, (11, 8): 0.9438878306668158, (11, 7): 0.9235416175038142, (11, 6): 0.6794270871022565, (11, 4): 0.006600459664830085, (11, 3): 0.04022459287014103, (11, 2): 1.5769959244683692e-07, (11, 1): 7.71290260446594e-05}"
"(<Abstr_type.Q_STAR: 1>, 0.0, 'explicit errors', 1, 0)",5,"{(1, 11): 0.0009475639024589292, (1, 10): 0.03846668383933673, (1, 9): 0.12171911402798463, (1, 8): 0.024343156637783754, (1, 7): 0.34260530773410625, (1, 5): 0.10300322534446366, (1, 4): 0.03285854711847253, (1, 3): 0.05292071886848318, (1, 2): 0.10300322534446366, (1, 1): 0.035593024208137765, (2, 11): 0.11601029816398802, (2, 10): 0.26647208486595697, (2, 9): 0.6940521607872593, (2, 8): 0.1922705928787234, (2, 7): 0.7514371204347068, (2, 5): 0.5510098979952583, (2, 4): 0.4735698022602603, (2, 3): 0.2971791157323147, (2, 2): 0.15256717543863768, (2, 1): 0.01643755628400684, (3, 11): 0.4878719259131896, (3, 10): 0.6940521607872593, (3, 9): 0.73650718361644, (3, 8): 0.8060055308228691, (3, 7): 0.8827920774039575, (3, 6): 0.73650718361644, (3, 5): 0.7645935532153298, (3, 4): 0.6498376092944016, (3, 3): 0.4735698022602603, (3, 2): 0.2971791157323147, (3, 1): 0.034269969912198855, (4, 11): 0.7280691274532289, (4, 10): 0.73650718361644, (4, 9): 0.87908154418505, (4, 8): 0.9133287511296121, (4, 7): 0.9039812444464155, (4, 5): 0.6246967400547291, (4, 4): 0.5073410929451154, (4, 3): 0.4039186499191124, (4, 2): 0.4735698022602603, (4, 1): 0.10731493780550558, (5, 11): 0.4371068247498815, (5, 10): 0.8290780177908283, (5, 9): 0.908591962204341, (5, 8): 0.9226433482189725, (5, 7): 0.8219870131223747, (5, 5): 0.19386463438933263, (5, 4): 0.13181829817149907, (5, 3): 0.09741851117351491, (5, 2): 0.09037865171228705, (5, 1): 0.011046314033573121, (6, 8): 0.9319894616842763, (6, 3): 0.6718217183524953, (7, 11): 0.5509287548634447, (7, 10): 0.7037071909195904, (7, 9): 0.8244099474211086, (7, 8): 0.9414188959317409, (7, 7): 0.9263162745218911, (7, 6): 0.6316268146987521, (7, 4): 0.6222809592607309, (7, 3): 0.8827920774039575, (7, 2): 0.7548213922858171, (7, 1): 0.34260530773410625, (8, 11): 0.9799497511869112, (8, 10): 0.9702649676260409, (8, 9): 0.9605534254630669, (8, 8): 0.9509369491581189, (8, 7): 0.9414188959317409, (8, 6): 0.9318209316328009, (8, 5): 0.9215598603209384, (8, 4): 0.906926999030537, (8, 3): 0.8793228495501291, (8, 2): 0.8004557895475803, (8, 1): 0.5173998564459364, (9, 11): 0.9899999999999899, (9, 10): 0.9800999999983926, (9, 9): 0.9702649676260409, (9, 8): 0.9605534254630669, (9, 7): 0.9509369491581189, (9, 6): 0.721935774267367, (9, 4): 0.43560065722347735, (9, 3): 0.7332341681787229, (9, 2): 0.6488709865344593, (9, 1): 0.055183761310742235, (10, 11): 0.9999999999999994, (10, 10): 0.989999999999021, (10, 9): 0.9800999999983926, (10, 8): 0.9702649676260409, (10, 7): 0.9605534254630669, (10, 6): 0.9280179977064733, (10, 4): 0.10378201078981597, (10, 3): 0.6488709865344593, (10, 2): 0.3599615043836199, (10, 1): 0.11642947217878452, (11, 11): 0.0, (11, 10): 0.7746136160293229, (11, 9): 0.8530802777309373, (11, 8): 0.9099217064985489, (11, 7): 0.798520653386555, (11, 6): 0.38726617286896314, (11, 4): 0.03819633464738607, (11, 3): 0.2181304855058808, (11, 2): 0.014717808850584276, (11, 1): 0.015259361198856049}"
"(<Abstr_type.Q_STAR: 1>, 0.0, 'explicit errors', 1, 0)",6,"{(1, 11): 0.005594547897630239, (1, 10): 0.00031973430207658907, (1, 9): 0.036242189109170694, (1, 8): 0.037583052726081076, (1, 7): 0.10203830175998914, (1, 5): 0.018842705892074218, (1, 4): 0.051282782264864504, (1, 3): 0.014508961377317539, (1, 2): 0.018842705892074218, (1, 1): 0.00012063203366733085, (2, 11): 0.05652751781022355, (2, 10): 0.06443135213764374, (2, 9): 0.33670369755640656, (2, 8): 0.3779952271616766, (2, 7): 0.3527475390452206, (2, 5): 0.0981668909171097, (2, 4): 0.3520852153917671, (2, 3): 0.16735757510044527, (2, 2): 0.06006904365685912, (2, 1): 0.00048176062143850354, (3, 11): 0.16242871726069144, (3, 10): 0.33670369755640656, (3, 9): 0.48106484004959776, (3, 8): 0.8373948090844996, (3, 7): 0.8589924698007698, (3, 6): 0.48106484004959776, (3, 5): 0.21442717013569346, (3, 4): 0.13363764449743348, (3, 3): 0.3520852153917671, (3, 2): 0.16735757510044527, (3, 1): 0.020394797267347727, (4, 11): 0.5325990133299001, (4, 10): 0.48106484004959776, (4, 9): 0.7201221096837975, (4, 8): 0.8997335995238122, (4, 7): 0.4517050955069284, (4, 5): 0.07951668144007853, (4, 4): 0.23867445660879605, (4, 3): 0.5896479563369363, (4, 2): 0.3520852153917671, (4, 1): 0.04442254393366335, (5, 11): 0.7307640566051051, (5, 10): 0.8541758272276876, (5, 9): 0.9095217364048911, (5, 8): 0.9223705194095171, (5, 7): 0.7515965170068647, (5, 5): 0.04860024222370376, (5, 4): 0.41472419911174085, (5, 3): 0.7267364967878164, (5, 2): 0.3734517655304555, (5, 1): 0.011338268956839386, (6, 8): 0.931885503791711, (6, 3): 0.8016915783942001, (7, 11): 0.9319753029468274, (7, 10): 0.9605273815644677, (7, 9): 0.9508902254312896, (7, 8): 0.941381730714856, (7, 7): 0.8503102517734502, (7, 6): 0.6613427635678978, (7, 4): 0.9013788884843773, (7, 3): 0.8589924698007698, (7, 2): 0.2890848825708625, (7, 1): 0.10203830175998914, (8, 11): 0.9800999999999983, (8, 10): 0.9702487824248167, (8, 9): 0.9605367324631682, (8, 8): 0.950914728544543, (8, 7): 0.941381730714856, (8, 6): 0.9319171760545703, (8, 5): 0.9224555377102499, (8, 4): 0.9128286561178963, (8, 3): 0.8475104979771799, (8, 2): 0.6352912636532881, (8, 1): 0.25079071833918387, (9, 11): 0.9899999999999989, (9, 10): 0.9799207242762868, (9, 9): 0.9702487824248167, (9, 8): 0.9605367324631682, (9, 7): 0.950914728544543, (9, 6): 0.8021505640191929, (9, 4): 0.8667736745229472, (9, 3): 0.5513368547517602, (9, 2): 0.3392030672418569, (9, 1): 0.05655785807212929, (10, 11): 0.9999999999999994, (10, 10): 0.9897142916357553, (10, 9): 0.9799207242762868, (10, 8): 0.9702487824248167, (10, 7): 0.9605367324631682, (10, 6): 0.458203159617572, (10, 4): 0.5078905692933671, (10, 3): 0.3392030672418569, (10, 2): 0.09265923774090724, (10, 1): 0.009570910921235774, (11, 11): 0.0, (11, 10): 0.9186435349207531, (11, 9): 0.5986061528872959, (11, 8): 0.6112980188190287, (11, 7): 0.2535106319044118, (11, 6): 0.027199300988261864, (11, 4): 0.1019545876806397, (11, 3): 0.10100167893257161, (11, 2): 0.005772408924020995, (11, 1): 0.00011920663911678373}"
"(<Abstr_type.Q_STAR: 1>, 0.0, 'explicit errors', 1, 0)",7,"{(1, 11): 0.016522138829180553, (1, 10): 0.018045350851625487, (1, 9): 0.01036946410740271, (1, 8): 0.21689530362910703, (1, 7): 0.1667239949662191, (1, 5): 0.03232374150949731, (1, 4): 0.013289446247447679, (1, 3): 0.007194864823897424, (1, 2): 0.03232374150949731, (1, 1): 0.006033951819602698, (2, 11): 0.07801035495972763, (2, 10): 0.22336231196449058, (2, 9): 0.4653792866210727, (2, 8): 0.5308808995367155, (2, 7): 0.07471156943337412, (2, 5): 0.13565971941827773, (2, 4): 0.33551174733941774, (2, 3): 0.22145791920964944, (2, 2): 0.05701228064556936, (2, 1): 0.004871309697613161, (3, 11): 0.24114162077735604, (3, 10): 0.4653792866210727, (3, 9): 0.5851553480195344, (3, 8): 0.7972247405903823, (3, 7): 0.8774369438205412, (3, 6): 0.5851553480195344, (3, 5): 0.4140549600849853, (3, 4): 0.2520110968710937, (3, 3): 0.33551174733941774, (3, 2): 0.22145791920964944, (3, 1): 0.02267251025818223, (4, 11): 0.45243071843608523, (4, 10): 0.5851553480195344, (4, 9): 0.7203884280521063, (4, 8): 0.9062691217609814, (4, 7): 0.8622874289394614, (4, 5): 0.07680231415685332, (4, 4): 0.022839156873447772, (4, 3): 0.5303577870101354, (4, 2): 0.33551174733941774, (4, 1): 0.11570451020853563, (5, 11): 0.32512686120848994, (5, 10): 0.7369158213841994, (5, 9): 0.8985827981400727, (5, 8): 0.9186118974208322, (5, 7): 0.7313484055154107, (5, 5): 0.043198587373361526, (5, 4): 0.3109767548781778, (5, 3): 0.7545064576840358, (5, 2): 0.38895634062975615, (5, 1): 0.03478675023979973, (6, 8): 0.9304168015487742, (6, 3): 0.8497982313117766, (7, 11): 0.24507756064747496, (7, 10): 0.9245620071666992, (7, 9): 0.9506495299749783, (7, 8): 0.9410653854274682, (7, 7): 0.9018194428001473, (7, 6): 0.7950811082310447, (7, 4): 0.7589246115109637, (7, 3): 0.8774369438205412, (7, 2): 0.5553932416799491, (7, 1): 0.1667239949662191, (8, 11): 0.8164216061702462, (8, 10): 0.9702989997171225, (8, 9): 0.9605958447414277, (8, 8): 0.9509391195288316, (8, 7): 0.9410653854274682, (8, 6): 0.9311705825841561, (8, 5): 0.9205295883691511, (8, 4): 0.9098440924595405, (8, 3): 0.898929681524515, (8, 2): 0.6792928449510721, (8, 1): 0.04005825585653347, (9, 11): 0.8900646971763624, (9, 10): 0.9800999999702594, (9, 9): 0.9702989997171225, (9, 8): 0.9605958447414277, (9, 7): 0.9509391195288316, (9, 6): 0.873402956015743, (9, 4): 0.8943275726203281, (9, 3): 0.820330452414949, (9, 2): 0.6386548215144184, (9, 1): 0.1906332275302086, (10, 11): 0.9465777210535188, (10, 10): 0.9899999999718606, (10, 9): 0.9800999999702594, (10, 8): 0.9702989997171225, (10, 7): 0.9605958447414277, (10, 6): 0.4329678438395129, (10, 4): 0.49117323138393293, (10, 3): 0.6386548215144184, (10, 2): 0.41645761211204907, (10, 1): 0.10856523784590613, (11, 11): 0.0, (11, 10): 0.9999999999999994, (11, 9): 0.9899999999999979, (11, 8): 0.9799897591881361, (11, 7): 0.6371145183238105, (11, 6): 0.07005383345953514, (11, 4): 0.09922314294384968, (11, 3): 0.09390480955287925, (11, 2): 0.12453579470098754, (11, 1): 0.0036301403332836264}"
"(<Abstr_type.Q_STAR: 1>, 0.0, 'explicit errors', 1, 0)",8,"{(1, 11): 0.00018852841500115528, (1, 10): 0.04703595202020707, (1, 9): 0.0646580699511998, (1, 8): 0.19537314942534167, (1, 7): 0.05938321068409422, (1, 5): 0.1071097291951296, (1, 4): 0.0994244019812589, (1, 3): 0.02381306820923551, (1, 2): 0.1071097291951296, (1, 1): 0.05952094935870586, (2, 11): 0.07241902419608326, (2, 10): 0.28119865883317424, (2, 9): 0.6850724318519311, (2, 8): 0.47480828180222506, (2, 7): 0.1909183295179039, (2, 5): 0.5707117183612311, (2, 4): 0.39591590773849805, (2, 3): 0.24547044169321625, (2, 2): 0.13966250900691693, (2, 1): 0.01146440569620125, (3, 11): 0.1702335889505144, (3, 10): 0.6850724318519311, (3, 9): 0.7892197274668098, (3, 8): 0.5186922142404977, (3, 7): 0.8824513302452781, (3, 6): 0.7892197274668098, (3, 5): 0.7047051175991628, (3, 4): 0.4445891603145281, (3, 3): 0.39591590773849805, (3, 2): 0.24547044169321625, (3, 1): 0.01169086699719251, (4, 11): 0.7863343720566979, (4, 10): 0.7892197274668098, (4, 9): 0.6724647671898396, (4, 8): 0.5917161762162402, (4, 7): 0.9006390557502552, (4, 5): 0.1673674423753229, (4, 4): 0.020871823392763375, (4, 3): 0.11051882326679263, (4, 2): 0.39591590773849805, (4, 1): 0.029131850501309536, (5, 11): 0.863646159737698, (5, 10): 0.8969794318970009, (5, 9): 0.9130270253479956, (5, 8): 0.9227283926648643, (5, 7): 0.9130525287467322, (5, 5): 0.038207206197613454, (5, 4): 0.17439305111575867, (5, 3): 0.4855242824578979, (5, 2): 0.09199618819740077, (5, 1): 0.015197385326662394, (6, 8): 0.932056269598663, (6, 3): 0.7563704438733914, (7, 11): 0.968127923952252, (7, 10): 0.9324358107024092, (7, 9): 0.9509856290035473, (7, 8): 0.9414742047373275, (7, 7): 0.8907014445119209, (7, 6): 0.5531652504214319, (7, 4): 0.559412447295442, (7, 3): 0.8824513302452781, (7, 2): 0.3706192642753807, (7, 1): 0.05938321068409422, (8, 11): 0.9800999999990382, (8, 10): 0.9702964867513043, (8, 9): 0.9605925569427681, (8, 8): 0.9509825063821865, (8, 7): 0.9414742047373275, (8, 6): 0.9319126605665331, (8, 5): 0.9219507843326274, (8, 4): 0.9102272813770438, (8, 3): 0.8926374722741178, (8, 2): 0.7532431272061895, (8, 1): 0.01777138149220878, (9, 11): 0.9899999999999989, (9, 10): 0.9800942192810128, (9, 9): 0.9702964867513043, (9, 8): 0.9605925569427681, (9, 7): 0.9509825063821865, (9, 6): 0.7218160601254844, (9, 4): 0.6910139594344971, (9, 3): 0.6737215738900617, (9, 2): 0.5382741070861633, (9, 1): 0.14319737126261597, (10, 11): 0.9999999999999994, (10, 10): 0.9899917538534153, (10, 9): 0.9800942192810128, (10, 8): 0.9702964867513043, (10, 7): 0.9605925569427681, (10, 6): 0.6389280152168592, (10, 4): 0.26144308785707354, (10, 3): 0.5382741070861633, (10, 2): 0.1669067593770211, (10, 1): 0.01628264244583016, (11, 11): 0.0, (11, 10): 0.5328456536509585, (11, 9): 0.5643096491804688, (11, 8): 0.5911929874036779, (11, 7): 0.7131893771085726, (11, 6): 0.2468644236112626, (11, 4): 0.047511068965272525, (11, 3): 0.14253741587625174, (11, 2): 0.04289876551927464, (11, 1): 0.0038396275625272396}"
"(<Abstr_type.Q_STAR: 1>, 0.0, 'explicit errors', 1, 0)",9,"{(1, 11): 0.008480708633004862, (1, 10): 0.06519706104125844, (1, 9): 0.25075187947196304, (1, 8): 0.03282016162717851, (1, 7): 0.07727229065293006, (1, 5): 0.11739373405149363, (1, 4): 0.01770462239971258, (1, 3): 0.02133894270641832, (1, 2): 0.11739373405149363, (1, 1): 0.005348463857606662, (2, 11): 0.04810745211685267, (2, 10): 0.40874093483619783, (2, 9): 0.6733713582106432, (2, 8): 0.04392304669503801, (2, 7): 0.474312360089845, (2, 5): 0.5320376310595859, (2, 4): 0.3049284335875543, (2, 3): 0.17541160521928212, (2, 2): 0.059154502121609186, (2, 1): 0.006461346458268214, (3, 11): 0.33585638434757026, (3, 10): 0.6733713582106432, (3, 9): 0.7693821781780625, (3, 8): 0.5341767074214517, (3, 7): 0.8809480794098536, (3, 6): 0.7693821781780625, (3, 5): 0.7461307042094635, (3, 4): 0.5731711121284604, (3, 3): 0.3049284335875543, (3, 2): 0.17541160521928212, (3, 1): 0.028504475272580918, (4, 11): 0.6082050826238697, (4, 10): 0.7693821781780625, (4, 9): 0.8613471546151287, (4, 8): 0.8066928149347748, (4, 7): 0.9038459990298577, (4, 5): 0.4413840080007722, (4, 4): 0.17421501023420102, (4, 3): 0.1397716221163746, (4, 2): 0.3049284335875543, (4, 1): 0.07203975170689036, (5, 11): 0.2478149791429522, (5, 10): 0.8821490560923169, (5, 9): 0.913180870333105, (5, 8): 0.9227278926447369, (5, 7): 0.9134064296873321, (5, 5): 0.01371341373453475, (5, 4): 0.10185913245403816, (5, 3): 0.3274431297119621, (5, 2): 0.07679078928125097, (5, 1): 0.00199639888215359, (6, 8): 0.932056814229677, (6, 3): 0.6692969036880447, (7, 11): 0.9369189278978379, (7, 10): 0.9605943778617799, (7, 9): 0.9509872576208857, (7, 8): 0.9414755370947328, (7, 7): 0.8713003459190446, (7, 6): 0.6292814417611621, (7, 4): 0.6052064983901561, (7, 3): 0.8809480794098536, (7, 2): 0.3918381917633605, (7, 1): 0.07727229065293006, (8, 11): 0.9800999999993213, (8, 10): 0.9702981493976423, (8, 9): 0.9605944455743026, (8, 8): 0.950985646982535, (8, 7): 0.9414755370947328, (8, 6): 0.9319929776386229, (8, 5): 0.9220936241059868, (8, 4): 0.9098557268993116, (8, 3): 0.8497163246375639, (8, 2): 0.507754921405241, (8, 1): 0.21156850407983516, (9, 11): 0.9899999999999989, (9, 10): 0.980097678600086, (9, 9): 0.9702981493976423, (9, 8): 0.9605944455743026, (9, 7): 0.950985646982535, (9, 6): 0.5988963029599812, (9, 4): 0.8459442048591755, (9, 3): 0.4835565897151102, (9, 2): 0.3172981147575556, (9, 1): 0.03872517809895037, (10, 11): 0.9999999999999994, (10, 10): 0.9899929210081727, (10, 9): 0.980097678600086, (10, 8): 0.9702981493976423, (10, 7): 0.9605944455743026, (10, 6): 0.5870632174479838, (10, 4): 0.6281665849401941, (10, 3): 0.3172981147575556, (10, 2): 0.08139407430110175, (10, 1): 0.00368405902471521, (11, 11): 0.0, (11, 10): 0.6488363627272082, (11, 9): 0.7270937851667798, (11, 8): 0.8096513274652399, (11, 7): 0.6369454244802625, (11, 6): 0.09638894918898636, (11, 4): 0.2574332312214309, (11, 3): 0.08367444800470156, (11, 2): 0.019404556990502964, (11, 1): 0.00025705545089780993}"
"(<Abstr_type.Q_STAR: 1>, 0.0, 'explicit errors', 2, 0)",0,"{(1, 11): 0.003968712735710655, (1, 10): 0.012959005768915602, (1, 9): 0.026622190137515142, (1, 8): 0.06095542899207315, (1, 7): 0.02912282784304209, (1, 5): 0.0703127941004701, (1, 4): 0.14154332355245844, (1, 3): 0.14056857752409405, (1, 2): 0.13937462238220003, (1, 1): 0.13887000555817097, (2, 11): 0.002203997906864528, (2, 10): 0.012258794758807394, (2, 9): 0.04195703242857942, (2, 8): 0.12976162444508263, (2, 7): 0.1921188052298373, (2, 5): 0.1309361289128172, (2, 4): 0.13869283135735036, (2, 3): 0.13876399920236004, (2, 2): 0.13881576556506423, (2, 1): 0.17222886662522396, (3, 11): 0.0038667663933985323, (3, 10): 0.04195703242857942, (3, 9): 0.1392910491802144, (3, 8): 0.2295147399719422, (3, 7): 0.24924631834863692, (3, 6): 0.07591930151842081, (3, 5): 0.09601497987772456, (3, 4): 0.13959993490596648, (3, 3): 0.13869283135735036, (3, 2): 0.13876399920236004, (3, 1): 0.13980434430571986, (4, 11): 0.011667266173498433, (4, 10): 0.1392910491802144, (4, 9): 0.03344343074894496, (4, 8): 0.11383063609743037, (4, 7): 0.1903177502053961, (4, 5): 0.06686220905576507, (4, 4): 0.10686381229118341, (4, 3): 0.13937975770433278, (4, 2): 0.13869283135735036, (4, 1): 0.1398139802794145, (5, 11): 0.00284043241424964, (5, 10): 0.009180390815742028, (5, 9): 0.012008053361432607, (5, 8): 0.015703359632777032, (5, 7): 0.03732893533024948, (5, 5): 0.06467857733153097, (5, 4): 0.0743787248602465, (5, 3): 0.12716941370480395, (5, 2): 0.1390275584559876, (5, 1): 0.14061194817203373, (6, 8): 0.1030743217864526, (6, 3): 0.1803264969684475, (7, 11): 0.646908232418801, (7, 10): 0.6343836460311396, (7, 9): 0.2563931219299916, (7, 8): 0.6207693428491575, (7, 7): 0.2068300786722213, (7, 6): 0.27865514951847115, (7, 4): 0.4340104891260398, (7, 3): 0.24924631834863692, (7, 2): 0.042280414150233404, (7, 1): 0.02912282784304209, (8, 11): 0.8157411912499454, (8, 10): 0.8372212888062701, (8, 9): 0.8319927897225438, (8, 8): 0.6639719777485856, (8, 7): 0.6207693428491575, (8, 6): 0.5852303910265587, (8, 5): 0.5451366108150709, (8, 4): 0.4984897510370739, (8, 3): 0.2807590186310851, (8, 2): 0.032770724328758605, (8, 1): 0.015598915105714362, (9, 11): 0.13869283135735036, (9, 10): 0.8972654676300439, (9, 9): 0.8372212888062701, (9, 8): 0.17222886662522396, (9, 7): 0.6639719777485856, (9, 6): 0.3821394500771032, (9, 4): 0.20939170309982894, (9, 3): 0.04895031961130716, (9, 2): 0.014915357658700654, (9, 1): 0.012444321777316062, (10, 11): 0.9999999984185259, (10, 10): 0.9899999870129768, (10, 9): 0.8972654676300439, (10, 8): 0.8372212888062701, (10, 7): 0.8319927897225438, (10, 6): 0.5259447004296218, (10, 4): 0.03523806281609219, (10, 3): 0.014915357658700654, (10, 2): 0.007413218356593311, (10, 1): 0.005593739806196551, (11, 11): 0.0, (11, 10): 0.9663572327811428, (11, 9): 0.8971788384506525, (11, 8): 0.8166467516961232, (11, 7): 0.6434652419972574, (11, 6): 0.18143308812644593, (11, 4): 0.005131492743268627, (11, 3): 0.006053316141066052, (11, 2): 0.0009548479539683056, (11, 1): 0.001148442503679656}"
"(<Abstr_type.Q_STAR: 1>, 0.0, 'explicit errors', 2, 0)",1,"{(1, 11): 0.0059744294048304355, (1, 10): 0.0063912724588116865, (1, 9): 0.006407662281417725, (1, 8): 0.007112868492342713, (1, 7): 0.009538297568855506, (1, 5): 0.01431265858631088, (1, 4): 0.020501378008487073, (1, 3): 0.01681820146722645, (1, 2): 0.02369863806965003, (1, 1): 0.024394221589088532, (2, 11): 0.006412233879506888, (2, 10): 0.006368234688542966, (2, 9): 0.0064338877213461565, (2, 8): 0.00918664978866783, (2, 7): 0.00998122317989236, (2, 5): 0.019866754109311723, (2, 4): 0.0242350709136798, (2, 3): 0.02425110791166528, (2, 2): 0.024275585992571912, (2, 1): 0.024402037701671556, (3, 11): 0.006395989022829853, (3, 10): 0.0064338877213461565, (3, 9): 0.007480161290535554, (3, 8): 0.010199621055823676, (3, 7): 0.009999402434159388, (3, 6): 0.010525537593024412, (3, 5): 0.014455117785410863, (3, 4): 0.019118905928218546, (3, 3): 0.0242350709136798, (3, 2): 0.02425110791166528, (3, 1): 0.02433110669391844, (4, 11): 0.006386687160009169, (4, 10): 0.007480161290535554, (4, 9): 0.006458263918455205, (4, 8): 0.007721295674845306, (4, 7): 0.0100570999841215, (4, 5): 0.010715457113156792, (4, 4): 0.013308195136562544, (4, 3): 0.020893923340422525, (4, 2): 0.0242350709136798, (4, 1): 0.02431748187846405, (5, 11): 0.006369209912643102, (5, 10): 0.006393446194274617, (5, 9): 0.006366756172176983, (5, 8): 0.006395558645809583, (5, 7): 0.007066039696017777, (5, 5): 0.01014236843798513, (5, 4): 0.010261146180241322, (5, 3): 0.01276681169078897, (5, 2): 0.01747482466423533, (5, 1): 0.022250533588889038, (6, 8): 0.006381016281910753, (6, 3): 0.010225654913876753, (7, 11): 0.09249575691344127, (7, 10): 0.2459412902933429, (7, 9): 0.055809688955627365, (7, 8): 0.020685283363013014, (7, 7): 0.0051869946363677895, (7, 6): 0.005423802199260351, (7, 4): 0.009955771793502136, (7, 3): 0.009999402434159388, (7, 2): 0.009805092323222575, (7, 1): 0.009538297568855506, (8, 11): 0.33092470541002095, (8, 10): 0.4351052960939526, (8, 9): 0.2956904574511819, (8, 8): 0.06103107809164901, (8, 7): 0.020685283363013014, (8, 6): 0.006391182135034048, (8, 5): 0.00643431429956515, (8, 4): 0.007297266434359533, (8, 3): 0.009520794156356488, (8, 2): 0.008255050433937157, (8, 1): 0.006662209578656114, (9, 11): 0.0242350709136798, (9, 10): 0.8465186017766202, (9, 9): 0.4351052960939526, (9, 8): 0.024402037701671556, (9, 7): 0.06103107809164901, (9, 6): 0.020454463462022676, (9, 4): 0.006461686679851286, (9, 3): 0.006895927437115198, (9, 2): 0.006459024219901389, (9, 1): 0.0063802740046959095, (10, 11): 0.9998040454630641, (10, 10): 0.9874851388548918, (10, 9): 0.8465186017766202, (10, 8): 0.4351052960939526, (10, 7): 0.2956904574511819, (10, 6): 0.04820556414932673, (10, 4): 0.006363427438547892, (10, 3): 0.006459024219901389, (10, 2): 0.006328558746991244, (10, 1): 0.0063796736625379435, (11, 11): 0.0, (11, 10): 0.9126576305803107, (11, 9): 0.7554945724002328, (11, 8): 0.3243892653585354, (11, 7): 0.03978389215173777, (11, 6): 0.002782611384889515, (11, 4): 0.006431477265862908, (11, 3): 0.00635941935473371, (11, 2): 0.006121531377531408, (11, 1): 0.0059639459510741795}"
"(<Abstr_type.Q_STAR: 1>, 0.0, 'explicit errors', 2, 0)",2,"{(1, 11): 0.0029319058844123553, (1, 10): 0.004015553324951026, (1, 9): 0.0050788203438455245, (1, 8): 0.008980192654359526, (1, 7): 0.008910773578366676, (1, 5): 0.01369540077197671, (1, 4): 0.01369427967445008, (1, 3): 0.01369918744726952, (1, 2): 0.0136942944088737, (1, 1): 0.013695743949993266, (2, 11): 0.0037991603404918654, (2, 10): 0.00455844395954819, (2, 9): 0.0067874845724126805, (2, 8): 0.009048238663464762, (2, 7): 0.009003024884215597, (2, 5): 0.01365204757400202, (2, 4): 0.013615977147363125, (2, 3): 0.013644672847597024, (2, 2): 0.01368525120850952, (2, 1): 0.04619903127056985, (3, 11): 0.0040270522903411345, (3, 10): 0.0067874845724126805, (3, 9): 0.006688992958834039, (3, 8): 0.00901000400088296, (3, 7): 0.009833252842454482, (3, 6): 0.01028057388163217, (3, 5): 0.013885434754811996, (3, 4): 0.013653246709205886, (3, 3): 0.013615977147363125, (3, 2): 0.013644672847597024, (3, 1): 0.013712267001940472, (4, 11): 0.0039815606894730085, (4, 10): 0.006688992958834039, (4, 9): 0.01219513625087368, (4, 8): 0.046513178342499614, (4, 7): 0.01782758129229315, (4, 5): 0.011974925305972155, (4, 4): 0.013620562405316458, (4, 3): 0.013685601779260254, (4, 2): 0.013615977147363125, (4, 1): 0.013730079813117173, (5, 11): 0.0037440417963046217, (5, 10): 0.004733662916751678, (5, 9): 0.003923317662991335, (5, 8): 0.09553607998423859, (5, 7): 0.007151019874134349, (5, 5): 0.009745837605630013, (5, 4): 0.013193468453078784, (5, 3): 0.013649693754902093, (5, 2): 0.013758711693640296, (5, 1): 0.013741106892272849, (6, 8): 0.18769840907631288, (6, 3): 0.0124843153195119, (7, 11): 0.031035129840004887, (7, 10): 0.27380563186191875, (7, 9): 0.29350890492374876, (7, 8): 0.3064224976909235, (7, 7): 0.02925273626231425, (7, 6): 0.002137194087450856, (7, 4): 0.008927185994002362, (7, 3): 0.009833252842454482, (7, 2): 0.008954581609456379, (7, 1): 0.008910773578366676, (8, 11): 0.3651474018351714, (8, 10): 0.8835611475506358, (8, 9): 0.7683104057670308, (8, 8): 0.4393275337213956, (8, 7): 0.3064224976909235, (8, 6): 0.04370441062482179, (8, 5): 0.004856049746902205, (8, 4): 0.007007079265997447, (8, 3): 0.008972542159641064, (8, 2): 0.008477051224516802, (8, 1): 0.005495948616622904, (9, 11): 0.013615977147363125, (9, 10): 0.9542400538348139, (9, 9): 0.8835611475506358, (9, 8): 0.04619903127056985, (9, 7): 0.4393275337213956, (9, 6): 0.0026888254011638428, (9, 4): 0.005167357763880582, (9, 3): 0.007145708600684432, (9, 2): 0.004654848153885877, (9, 1): 0.004700139237973514, (10, 11): 0.7955514647524731, (10, 10): 0.9812943695430326, (10, 9): 0.9542400538348139, (10, 8): 0.8835611475506358, (10, 7): 0.7683104057670308, (10, 6): 0.0009977262998866433, (10, 4): 0.0044685119967423454, (10, 3): 0.004654848153885877, (10, 2): 0.003768263736144088, (10, 1): 0.00431466738224999, (11, 11): 0.0, (11, 10): 0.9999221402147385, (11, 9): 0.9725446887077553, (11, 8): 0.684535849811378, (11, 7): 0.23903558985090825, (11, 6): 0.0327893130708064, (11, 4): 0.0025674047029015656, (11, 3): 0.0036956151403951857, (11, 2): 0.0019576206314051913, (11, 1): 0.0029818064015563616}"
"(<Abstr_type.Q_STAR: 1>, 0.0, 'explicit errors', 2, 0)",3,"{(1, 11): 0.0025885830868949424, (1, 10): 0.004915777817671944, (1, 9): 0.005191996806089479, (1, 8): 0.007989765214572564, (1, 7): 0.0157869132510733, (1, 5): 0.05263982846274549, (1, 4): 0.0526374448149078, (1, 3): 0.05257505131480536, (1, 2): 0.052502379712496335, (1, 1): 0.05249919663779554, (2, 11): 0.003837576142288012, (2, 10): 0.004988539376339776, (2, 9): 0.007179611011556343, (2, 8): 0.01698733932028833, (2, 7): 0.03164264437296171, (2, 5): 0.05265597092331969, (2, 4): 0.05218704255668237, (2, 3): 0.05227570182345324, (2, 2): 0.05243954010897162, (2, 1): 0.070568410527197, (3, 11): 0.004870951228501179, (3, 10): 0.007179611011556343, (3, 9): 0.01992105807120174, (3, 8): 0.10326924160440061, (3, 7): 0.03496531077480933, (3, 6): 0.05431441401613361, (3, 5): 0.05262613423597132, (3, 4): 0.0525183738000253, (3, 3): 0.05218704255668237, (3, 2): 0.05227570182345324, (3, 1): 0.052469887251720006, (4, 11): 0.004914673399165112, (4, 10): 0.01992105807120174, (4, 9): 0.04761179983323242, (4, 8): 0.2404294715800005, (4, 7): 0.09334327886937699, (4, 5): 0.052379500882543575, (4, 4): 0.052470449075932464, (4, 3): 0.05240872848455561, (4, 2): 0.05218704255668237, (4, 1): 0.05245143883435984, (5, 11): 0.003085342714593273, (5, 10): 0.014070359962738178, (5, 9): 0.09025351114088205, (5, 8): 0.34918256767940625, (5, 7): 0.07981505419119501, (5, 5): 0.05090555375591092, (5, 4): 0.052140216055835464, (5, 3): 0.05230088738653568, (5, 2): 0.05236476617467115, (5, 1): 0.05241523826309409, (6, 8): 0.4295816296000677, (6, 3): 0.05290788963342477, (7, 11): 0.3321599335668388, (7, 10): 0.3676579036883381, (7, 9): 0.3301072227525994, (7, 8): 0.47867650204490225, (7, 7): 0.12546431457410478, (7, 6): 0.0015712404287367271, (7, 4): 0.015474366550058528, (7, 3): 0.03496531077480933, (7, 2): 0.018617989946667305, (7, 1): 0.0157869132510733, (8, 11): 0.8218069216812984, (8, 10): 0.8656794520179794, (8, 9): 0.7912010929100423, (8, 8): 0.48613405175625224, (8, 7): 0.47867650204490225, (8, 6): 0.029217698893078185, (8, 5): 0.0048299550310854054, (8, 4): 0.008460115692128262, (8, 3): 0.021200361869462794, (8, 2): 0.008821326943186299, (8, 1): 0.011631544883416467, (9, 11): 0.05218704255668237, (9, 10): 0.9741942564579554, (9, 9): 0.8656794520179794, (9, 8): 0.070568410527197, (9, 7): 0.48613405175625224, (9, 6): 0.06235010781134015, (9, 4): 0.005090180099141832, (9, 3): 0.006214823378897684, (9, 2): 0.0051755208841398415, (9, 1): 0.00592955183549754, (10, 11): 0.9998060574079274, (10, 10): 0.9886004885603877, (10, 9): 0.9741942564579554, (10, 8): 0.8656794520179794, (10, 7): 0.7912010929100423, (10, 6): 0.1326638789420569, (10, 4): 0.004814380394054363, (10, 3): 0.0051755208841398415, (10, 2): 0.004884502617882126, (10, 1): 0.00483967578027888, (11, 11): 0.0, (11, 10): 0.9978919986540306, (11, 9): 0.9726377596330392, (11, 8): 0.8237504210304767, (11, 7): 0.5324633006687846, (11, 6): 0.14247413927289193, (11, 4): 0.002068271984673957, (11, 3): 0.004711069914760094, (11, 2): 0.0021816823910078874, (11, 1): 0.0019806548442621564}"
"(<Abstr_type.Q_STAR: 1>, 0.0, 'explicit errors', 2, 0)",4,"{(1, 11): 0.0003066192752351941, (1, 10): 0.0025095049702827635, (1, 9): 0.011999093536823751, (1, 8): 0.041362850811257464, (1, 7): 0.13221724291134213, (1, 5): 0.05052822391127514, (1, 4): 0.07364559682438647, (1, 3): 0.09099161049108756, (1, 2): 0.11114459444191252, (1, 1): 0.13567410710902564, (2, 11): 0.0018072121268262083, (2, 10): 0.011386820594269214, (2, 9): 0.054486139305880435, (2, 8): 0.1510617533323724, (2, 7): 0.19067149774559966, (2, 5): 0.05848470681925784, (2, 4): 0.17841962067167644, (2, 3): 0.13538568741656423, (2, 2): 0.1260493077301838, (2, 1): 0.19968279534099426, (3, 11): 0.0052590084055106345, (3, 10): 0.054486139305880435, (3, 9): 0.14889376126011722, (3, 8): 0.1917056773259669, (3, 7): 0.24510526096793817, (3, 6): 0.19482660884914677, (3, 5): 0.06691572161012219, (3, 4): 0.11555408010403775, (3, 3): 0.17841962067167644, (3, 2): 0.13538568741656423, (3, 1): 0.15975132307259507, (4, 11): 0.004277601556539451, (4, 10): 0.14889376126011722, (4, 9): 0.1361172744898429, (4, 8): 0.18935639695672157, (4, 7): 0.19282042482396738, (4, 5): 0.048875498867021576, (4, 4): 0.05941928306154582, (4, 3): 0.08363006244810652, (4, 2): 0.17841962067167644, (4, 1): 0.14329116648354553, (5, 11): 0.00013405868648336386, (5, 10): 0.003106944641521351, (5, 9): 0.03101446094001336, (5, 8): 0.12699880036236233, (5, 7): 0.18987811757802683, (5, 5): 0.046018905063321826, (5, 4): 0.0553122787065671, (5, 3): 0.12788126977752493, (5, 2): 0.09624695036976588, (5, 1): 0.11306923328414115, (6, 8): 0.14554573477461485, (6, 3): 0.17345952762700928, (7, 11): 0.014147240115318312, (7, 10): 0.3561084172313994, (7, 9): 0.2936074453834364, (7, 8): 0.5864700355773247, (7, 7): 0.0491052052466886, (7, 6): 0.3452612514036145, (7, 4): 0.3926585229243095, (7, 3): 0.24510526096793817, (7, 2): 0.049071902253252975, (7, 1): 0.13221724291134213, (8, 11): 0.32827542929600895, (8, 10): 0.9667409070983704, (8, 9): 0.9536898520917078, (8, 8): 0.8452088296652912, (8, 7): 0.5864700355773247, (8, 6): 0.7006782658938772, (8, 5): 0.6467438726689446, (8, 4): 0.6093096833181728, (8, 3): 0.5713561526661418, (8, 2): 0.37264470701282, (8, 1): 0.14713598042180331, (9, 11): 0.17841962067167644, (9, 10): 0.966929189998235, (9, 9): 0.9667409070983704, (9, 8): 0.19968279534099426, (9, 7): 0.8452088296652912, (9, 6): 0.7782115158664094, (9, 4): 0.19517065668915387, (9, 3): 0.2100582967158502, (9, 2): 0.08057324014766647, (9, 1): 0.02456762785767459, (10, 11): 0.5413409989969463, (10, 10): 0.9795095923914908, (10, 9): 0.966929189998235, (10, 8): 0.9667409070983704, (10, 7): 0.9536898520917078, (10, 6): 0.6578156279709153, (10, 4): 0.00436852305098852, (10, 3): 0.08057324014766647, (10, 2): 0.008795603741880598, (10, 1): 0.0038184913857383265, (11, 11): 0.0, (11, 10): 0.9999999990819017, (11, 9): 0.9899999400268267, (11, 8): 0.9800975288588042, (11, 7): 0.848123970006801, (11, 6): 0.2529100002338455, (11, 4): 0.00027146589964539836, (11, 3): 0.005446726797269461, (11, 2): 0.0008748998061629321, (11, 1): 0.00032000622350742715}"
"(<Abstr_type.Q_STAR: 1>, 0.0, 'explicit errors', 2, 0)",5,"{(1, 11): 0.00040436770088033867, (1, 10): 0.0034457706026592553, (1, 9): 0.021854878264888963, (1, 8): 0.10777111303706274, (1, 7): 0.09403661859261463, (1, 5): 0.26005439000035363, (1, 4): 0.4196670149312788, (1, 3): 0.3012448451803344, (1, 2): 0.34490158759998274, (1, 1): 0.32834378571978745, (2, 11): 0.006410659314476267, (2, 10): 0.018174574483084426, (2, 9): 0.12401047044334491, (2, 8): 0.3015320185313241, (2, 7): 0.5880726948298225, (2, 5): 0.4812084472825022, (2, 4): 0.4195426397100991, (2, 3): 0.4222811228914179, (2, 2): 0.3772458981859115, (2, 1): 0.44517162325640725, (3, 11): 0.07462103765147089, (3, 10): 0.12401047044334491, (3, 9): 0.5449287901049255, (3, 8): 0.6301625336281881, (3, 7): 0.8020407834337854, (3, 6): 0.7180737450247736, (3, 5): 0.6247703984104812, (3, 4): 0.5085231700501965, (3, 3): 0.4195426397100991, (3, 2): 0.4222811228914179, (3, 1): 0.33459594001624626, (4, 11): 0.2758572349128916, (4, 10): 0.5449287901049255, (4, 9): 0.7358608531801241, (4, 8): 0.8896872557700776, (4, 7): 0.8539196193088903, (4, 5): 0.16659189123527382, (4, 4): 0.30102928348442987, (4, 3): 0.23511285328636236, (4, 2): 0.4195426397100991, (4, 1): 0.28028532098256304, (5, 11): 0.07380521703012952, (5, 10): 0.1427268831745762, (5, 9): 0.5466536077161978, (5, 8): 0.9104568822634965, (5, 7): 0.7038546627164891, (5, 5): 0.08894871703525092, (5, 4): 0.1501816905843473, (5, 3): 0.1328097364319818, (5, 2): 0.1820889767844356, (5, 1): 0.24530998317341912, (6, 8): 0.924512769820334, (6, 3): 0.14064935394185835, (7, 11): 0.4614335674102204, (7, 10): 0.9187663272796648, (7, 9): 0.9509683964397926, (7, 8): 0.9383318363159532, (7, 7): 0.8872855080032183, (7, 6): 0.5162322340194868, (7, 4): 0.25200134174895156, (7, 3): 0.8020407834337854, (7, 2): 0.4924804022782593, (7, 1): 0.09403661859261463, (8, 11): 0.9537415247924402, (8, 10): 0.9702591309228584, (8, 9): 0.9605762412281341, (8, 8): 0.9205233000357443, (8, 7): 0.9383318363159532, (8, 6): 0.9003980161234706, (8, 5): 0.851060817878605, (8, 4): 0.7713687842717297, (8, 3): 0.6742543397162936, (8, 2): 0.19493410579762324, (8, 1): 0.0339294326472682, (9, 11): 0.4195426397100991, (9, 10): 0.9800999938188784, (9, 9): 0.9702591309228584, (9, 8): 0.44517162325640725, (9, 7): 0.9205233000357443, (9, 6): 0.640649251147183, (9, 4): 0.34438526895392707, (9, 3): 0.47062444944725984, (9, 2): 0.24915785282894123, (9, 1): 0.0013302005353800924, (10, 11): 0.9550951840114432, (10, 10): 0.9899999999996092, (10, 9): 0.9800999938188784, (10, 8): 0.9702591309228584, (10, 7): 0.9605762412281341, (10, 6): 0.5458266543427217, (10, 4): 0.04554547706762607, (10, 3): 0.24915785282894123, (10, 2): 0.07340119768492614, (10, 1): 0.01665669254805731, (11, 11): 0.0, (11, 10): 0.9999999999999994, (11, 9): 0.9899999926251292, (11, 8): 0.9798871998654048, (11, 7): 0.7222793482870982, (11, 6): 0.11160474832040791, (11, 4): 0.0032741369507420437, (11, 3): 0.041303533179362764, (11, 2): 0.007619376627443255, (11, 1): 0.001739782053521437}"
"(<Abstr_type.Q_STAR: 1>, 0.0, 'explicit errors', 2, 0)",6,"{(1, 11): 0.0018660380968257666, (1, 10): 0.0027836085308162914, (1, 9): 0.007797905025450773, (1, 8): 0.012973630076395085, (1, 7): 0.0652410570013945, (1, 5): 0.0734839411228568, (1, 4): 0.07897767322887068, (1, 3): 0.07746971862634495, (1, 2): 0.07811415521202612, (1, 1): 0.07803029239602886, (2, 11): 0.002976457895524223, (2, 10): 0.008954570080234533, (2, 9): 0.09600214672342958, (2, 8): 0.2503242600329334, (2, 7): 0.04981311892760452, (2, 5): 0.0794185922584748, (2, 4): 0.07755207365356376, (2, 3): 0.07760167051210126, (2, 2): 0.07801823336443345, (2, 1): 0.07798817388209447, (3, 11): 0.009732842022661307, (3, 10): 0.09600214672342958, (3, 9): 0.22034628944130885, (3, 8): 0.4993208994599106, (3, 7): 0.11296120413583592, (3, 6): 0.06710650208639524, (3, 5): 0.07356002973599857, (3, 4): 0.07806102859886746, (3, 3): 0.07755207365356376, (3, 2): 0.07760167051210126, (3, 1): 0.0779038888230718, (4, 11): 0.021652982681573507, (4, 10): 0.22034628944130885, (4, 9): 0.27699268364908375, (4, 8): 0.6041449944704798, (4, 7): 0.33592633926642335, (4, 5): 0.06675410163058915, (4, 4): 0.07194123412008652, (4, 3): 0.07736698285771809, (4, 2): 0.07755207365356376, (4, 1): 0.07798503930373131, (5, 11): 0.015155320573989755, (5, 10): 0.11796366705416754, (5, 9): 0.45434146828154576, (5, 8): 0.647408715749799, (5, 7): 0.5483908614730957, (5, 5): 0.06597896246921416, (5, 4): 0.06655385179493951, (5, 3): 0.07069798649147867, (5, 2): 0.07772916129622673, (5, 1): 0.07801888347265165, (6, 8): 0.6508097482410138, (6, 3): 0.07891851602580541, (7, 11): 0.2687901170163347, (7, 10): 0.6234840158985498, (7, 9): 0.6666912203760287, (7, 8): 0.6592145573057142, (7, 7): 0.48022664640845286, (7, 6): 0.1742558868105454, (7, 4): 0.07909963666301442, (7, 3): 0.11296120413583592, (7, 2): 0.06502918587263823, (7, 1): 0.0652410570013945, (8, 11): 0.7860680710724564, (8, 10): 0.9686574202921044, (8, 9): 0.9577478118028189, (8, 8): 0.6984033889923534, (8, 7): 0.6592145573057142, (8, 6): 0.6710218316665494, (8, 5): 0.4431248211547276, (8, 4): 0.2688870874665864, (8, 3): 0.16363803807714317, (8, 2): 0.06483165501247609, (8, 1): 0.0657938456105199, (9, 11): 0.07755207365356376, (9, 10): 0.9799515015781185, (9, 9): 0.9686574202921044, (9, 8): 0.07798817388209447, (9, 7): 0.6984033889923534, (9, 6): 0.8371036908615551, (9, 4): 0.06575819447443262, (9, 3): 0.072829005218562, (9, 2): 0.06567961764882359, (9, 1): 0.05050771546435198, (10, 11): 0.9999958307527557, (10, 10): 0.9899466510248384, (10, 9): 0.9799515015781185, (10, 8): 0.9686574202921044, (10, 7): 0.9577478118028189, (10, 6): 0.9278005836488237, (10, 4): 0.03683751114060921, (10, 3): 0.06567961764882359, (10, 2): 0.045925085519316164, (10, 1): 0.009040144475546567, (11, 11): 0.0, (11, 10): 0.9999983142420561, (11, 9): 0.9899829593629672, (11, 8): 0.9786460848469946, (11, 7): 0.38399612746099787, (11, 6): 0.14514057301938954, (11, 4): 0.009136846798289728, (11, 3): 0.018961733947894382, (11, 2): 0.0040849333060216046, (11, 1): 0.001219308170441648}"
"(<Abstr_type.Q_STAR: 1>, 0.0, 'explicit errors', 2, 0)",7,"{(1, 11): 0.0005042748793970917, (1, 10): 0.001591178451126134, (1, 9): 0.003899055882833861, (1, 8): 0.020102625954347784, (1, 7): 0.023501522764314543, (1, 5): 0.09594104781298893, (1, 4): 0.11103609479739118, (1, 3): 0.12453128697895578, (1, 2): 0.12287082990690619, (1, 1): 0.1229680616840739, (2, 11): 0.0024498769298642253, (2, 10): 0.0101971835808481, (2, 9): 0.02138176523003686, (2, 8): 0.05328082817038428, (2, 7): 0.11787626189112667, (2, 5): 0.09397200068309446, (2, 4): 0.1222651065859508, (2, 3): 0.12280994061287143, (2, 2): 0.12292950953375459, (2, 1): 0.18464261282343944, (3, 11): 0.004030479911601319, (3, 10): 0.02138176523003686, (3, 9): 0.014267874662516722, (3, 8): 0.08274828212177976, (3, 7): 0.25108064753117115, (3, 6): 0.13310322851261006, (3, 5): 0.07552704292960125, (3, 4): 0.11307483928104141, (3, 3): 0.1222651065859508, (3, 2): 0.12280994061287143, (3, 1): 0.12299680363593853, (4, 11): 0.00408455224811981, (4, 10): 0.014267874662516722, (4, 9): 0.01773491631704202, (4, 8): 0.1039729396951918, (4, 7): 0.3272616380452969, (4, 5): 0.04929484855532149, (4, 4): 0.08543632503767022, (4, 3): 0.1206267763684452, (4, 2): 0.1222651065859508, (4, 1): 0.12275881639705528, (5, 11): 0.0005626506898575514, (5, 10): 0.0034389989642802862, (5, 9): 0.18053297550359004, (5, 8): 0.5109156695923025, (5, 7): 0.4285929722969047, (5, 5): 0.04528984572773075, (5, 4): 0.05658263493929484, (5, 3): 0.10251818715611545, (5, 2): 0.11993322887642298, (5, 1): 0.12257748698916804, (6, 8): 0.5590466253084878, (6, 3): 0.05370008445219995, (7, 11): 0.17896428578462467, (7, 10): 0.6787201524544383, (7, 9): 0.5204454296917737, (7, 8): 0.5717427744288712, (7, 7): 0.3805812352517353, (7, 6): 0.21151833963538996, (7, 4): 0.04587438663175325, (7, 3): 0.25108064753117115, (7, 2): 0.07057833175694325, (7, 1): 0.023501522764314543, (8, 11): 0.34562449215857904, (8, 10): 0.9615416562761486, (8, 9): 0.9506120632236783, (8, 8): 0.5804124444098825, (8, 7): 0.5717427744288712, (8, 6): 0.5369404758661462, (8, 5): 0.493613681802784, (8, 4): 0.4246363333506576, (8, 3): 0.3252049726134708, (8, 2): 0.07346245056521233, (8, 1): 0.014270581247151226, (9, 11): 0.1222651065859508, (9, 10): 0.9442083327223973, (9, 9): 0.9615416562761486, (9, 8): 0.18464261282343944, (9, 7): 0.5804124444098825, (9, 6): 0.4014859074216083, (9, 4): 0.16324769756886653, (9, 3): 0.08413796535165728, (9, 2): 0.01958702147308853, (9, 1): 0.009305001153230292, (10, 11): 0.6729204825471771, (10, 10): 0.9035634784498069, (10, 9): 0.9442083327223973, (10, 8): 0.9615416562761486, (10, 7): 0.9506120632236783, (10, 6): 0.6148153082315879, (10, 4): 0.02029145797580398, (10, 3): 0.01958702147308853, (10, 2): 0.0034618754412074288, (10, 1): 0.0020359507563641, (11, 11): 0.0, (11, 10): 0.9999999998239301, (11, 9): 0.9899999988503823, (11, 8): 0.9800995097540567, (11, 7): 0.8237230720088344, (11, 6): 0.14647402339217697, (11, 4): 0.0021250107199190446, (11, 3): 0.0015008606016448992, (11, 2): 0.0003590080086799817, (11, 1): 0.0002464178013044454}"
"(<Abstr_type.Q_STAR: 1>, 0.0, 'explicit errors', 2, 0)",8,"{(1, 11): 0.0015640547329583948, (1, 10): 0.007815230627223559, (1, 9): 0.008763459801442186, (1, 8): 0.012657612868991978, (1, 7): 0.0212293257040106, (1, 5): 0.02584623486056973, (1, 4): 0.02590287020619502, (1, 3): 0.0259017603765886, (1, 2): 0.025881912025064114, (1, 1): 0.025874389498777444, (2, 11): 0.006356699705962598, (2, 10): 0.008788864060005414, (2, 9): 0.01528086221938962, (2, 8): 0.02309754369642762, (2, 7): 0.0232471967831467, (2, 5): 0.026023519463433134, (2, 4): 0.02574967483368531, (2, 3): 0.0257843576744989, (2, 2): 0.025860716679193527, (2, 1): 0.0946411538439467, (3, 11): 0.006674031858042545, (3, 10): 0.01528086221938962, (3, 9): 0.018330724850343545, (3, 8): 0.02930340289826851, (3, 7): 0.02336557893939096, (3, 6): 0.025076287810843038, (3, 5): 0.026224435291131526, (3, 4): 0.02612753322303624, (3, 3): 0.02574967483368531, (3, 2): 0.0257843576744989, (3, 1): 0.025882552000807444, (4, 11): 0.004213655031614522, (4, 10): 0.018330724850343545, (4, 9): 0.01077235889518305, (4, 8): 0.07473497249685343, (4, 7): 0.02292312784942488, (4, 5): 0.025873563770985458, (4, 4): 0.02566066107004777, (4, 3): 0.02574306165404237, (4, 2): 0.02574967483368531, (4, 1): 0.025868043720550394, (5, 11): 0.0031924019026856334, (5, 10): 0.009170576134496627, (5, 9): 0.0065982696249853095, (5, 8): 0.157885294900303, (5, 7): 0.043803666432801196, (5, 5): 0.02497784705440372, (5, 4): 0.02594609409438384, (5, 3): 0.02578268433904313, (5, 2): 0.0258511194744855, (5, 1): 0.025863184567357915, (6, 8): 0.22878872684923574, (6, 3): 0.025716464771202232, (7, 11): 0.49488054710084384, (7, 10): 0.25690636429305985, (7, 9): 0.5859777307723454, (7, 8): 0.2902648522511065, (7, 7): 0.09139229185974529, (7, 6): 0.006526935515503343, (7, 4): 0.022782798816847284, (7, 3): 0.02336557893939096, (7, 2): 0.02294348918742777, (7, 1): 0.0212293257040106, (8, 11): 0.8506263237120208, (8, 10): 0.8911238368576673, (8, 9): 0.8376177822002534, (8, 8): 0.3892124621953408, (8, 7): 0.2902648522511065, (8, 6): 0.0865528499125961, (8, 5): 0.008173314423229317, (8, 4): 0.013264183339308096, (8, 3): 0.02281711192345487, (8, 2): 0.020717852453679325, (8, 1): 0.01842711663303654, (9, 11): 0.02574967483368531, (9, 10): 0.9765391241759007, (9, 9): 0.8911238368576673, (9, 8): 0.0946411538439467, (9, 7): 0.3892124621953408, (9, 6): 0.2364582612863428, (9, 4): 0.008042558170442214, (9, 3): 0.015334940811006618, (9, 2): 0.0110322598193309, (9, 1): 0.01101964127321021, (10, 11): 0.8260188880450815, (10, 10): 0.9886873794793829, (10, 9): 0.9765391241759007, (10, 8): 0.8911238368576673, (10, 7): 0.8376177822002534, (10, 6): 0.06318056682892491, (10, 4): 0.007043510411522198, (10, 3): 0.0110322598193309, (10, 2): 0.0074606741747490725, (10, 1): 0.006805508021805289, (11, 11): 0.0, (11, 10): 0.9999979170202669, (11, 9): 0.9882065632585757, (11, 8): 0.42280964617528455, (11, 7): 0.3485233321675498, (11, 6): 0.045945523606883656, (11, 4): 0.001207016924757335, (11, 3): 0.0040800465109031, (11, 2): 0.0025398296748703163, (11, 1): 0.0020498620709668326}"
"(<Abstr_type.Q_STAR: 1>, 0.0, 'explicit errors', 2, 0)",9,"{(1, 11): 0.003419748660909606, (1, 10): 0.00443133395178491, (1, 9): 0.008465085527039938, (1, 8): 0.018087851124824396, (1, 7): 0.04165663486256233, (1, 5): 0.08077045466002496, (1, 4): 0.08071688890887793, (1, 3): 0.08070912692396699, (1, 2): 0.08068391640368633, (1, 1): 0.08069332157901828, (2, 11): 0.003879263074712987, (2, 10): 0.004980673494971943, (2, 9): 0.013366987198753387, (2, 8): 0.036707362681635415, (2, 7): 0.06595596334219737, (2, 5): 0.0807866594806967, (2, 4): 0.08032432614433152, (2, 3): 0.08041702808665033, (2, 2): 0.08063003841215736, (2, 1): 0.10162513730503189, (3, 11): 0.004050400823536287, (3, 10): 0.013366987198753387, (3, 9): 0.0362393180944943, (3, 8): 0.04028061574755607, (3, 7): 0.14039579634583774, (3, 6): 0.08129499544576922, (3, 5): 0.08033343300181606, (3, 4): 0.08029428960333697, (3, 3): 0.08032432614433152, (3, 2): 0.08041702808665033, (3, 1): 0.0807404237556642, (4, 11): 0.006769632815326917, (4, 10): 0.0362393180944943, (4, 9): 0.19021041978879666, (4, 8): 0.43829679723721027, (4, 7): 0.3348260094572412, (4, 5): 0.08263055577055092, (4, 4): 0.0800963246088708, (4, 3): 0.08136151172073575, (4, 2): 0.08032432614433152, (4, 1): 0.08071758222890756, (5, 11): 0.003593075709008952, (5, 10): 0.0062720887707745365, (5, 9): 0.11558857725002672, (5, 8): 0.5186086163148308, (5, 7): 0.13978965315718575, (5, 5): 0.07708890334290466, (5, 4): 0.08098330720270029, (5, 3): 0.0804891483249947, (5, 2): 0.08061336196455982, (5, 1): 0.0806806489791471, (6, 8): 0.554786464341197, (6, 3): 0.07971794843778215, (7, 11): 0.10274060185607468, (7, 10): 0.579783377752942, (7, 9): 0.5709813314353492, (7, 8): 0.5302059054776793, (7, 7): 0.3377492638004683, (7, 6): 0.039024572829655324, (7, 4): 0.04840729778686666, (7, 3): 0.14039579634583774, (7, 2): 0.0714928512238006, (7, 1): 0.04165663486256233, (8, 11): 0.7210041734543704, (8, 10): 0.9602207685908339, (8, 9): 0.9426077928857988, (8, 8): 0.5729206298919579, (8, 7): 0.5302059054776793, (8, 6): 0.13779909527467482, (8, 5): 0.040214808086489744, (8, 4): 0.056199744001120065, (8, 3): 0.09273814074926892, (8, 2): 0.051176165905733366, (8, 1): 0.042675364678892144, (9, 11): 0.08032432614433152, (9, 10): 0.9787856355135227, (9, 9): 0.9602207685908339, (9, 8): 0.10162513730503189, (9, 7): 0.5729206298919579, (9, 6): 0.2525713908398837, (9, 4): 0.04259797560476563, (9, 3): 0.054305106957994405, (9, 2): 0.042293938978443114, (9, 1): 0.03242768920624694, (10, 11): 0.9999410316943991, (10, 10): 0.9895661963265342, (10, 9): 0.9787856355135227, (10, 8): 0.9602207685908339, (10, 7): 0.9426077928857988, (10, 6): 0.29138159765963595, (10, 4): 0.024152883352978625, (10, 3): 0.042293938978443114, (10, 2): 0.022236747482394886, (10, 1): 0.00599025465281409, (11, 11): 0.0, (11, 10): 0.9998095054361287, (11, 9): 0.9884814483614789, (11, 8): 0.9245443422171293, (11, 7): 0.19378924690940802, (11, 6): 0.028160848231743432, (11, 4): 0.00563517562500232, (11, 3): 0.010210187900482337, (11, 2): 0.005658447183751907, (11, 1): 0.0026247145019864452}"
